{
"type": "FeatureCollection",
"name": "ChinaPV_2010",
"crs": { "type": "name", "properties": { "name": "urn:ogc:def:crs:OGC:1.3:CRS84" } },
"features": [
{ "type": "Feature", "properties": { "PV_Area": 0.22199265215799999, "Inst_time": 20101204.0, "Inst_year": 2010, "Major_type": "Grassland", "Lat": 30.093948577, "Lon": 90.524308599700007 }, "geometry": { "type": "Polygon", "coordinates": [ [ [ 90.527001891723955, 30.096345855976551 ], [ 90.527001890824636, 30.096078280688175 ], [ 90.527273916857837, 30.09607825280915 ], [ 90.527273916857837, 30.095538692856451 ], [ 90.527001891723955, 30.095538720735419 ], [ 90.527001891723955, 30.0949991598834 ], [ 90.527273917757157, 30.094999220137936 ], [ 90.527273916857837, 30.093652509655669 ], [ 90.527001891723955, 30.093380550172299 ], [ 90.524848114349084, 30.093380489917706 ], [ 90.524848115248403, 30.091226779092608 ], [ 90.524580575932873, 30.090954790831006 ], [ 90.522422387383301, 30.090954796226924 ], [ 90.522154866054279, 30.091226788985182 ], [ 90.522154866054279, 30.094192056118573 ], [ 90.521882804048232, 30.094459652990622 ], [ 90.52134329985347, 30.094459669178434 ], [ 90.52134329985347, 30.095266722581243 ], [ 90.52161528541717, 30.095538779191372 ], [ 90.522961906866556, 30.09553874141983 ], [ 90.522961905967236, 30.095806317607526 ], [ 90.524580576832193, 30.095806243863137 ], [ 90.524580577731513, 30.096078314862382 ], [ 90.525387666207905, 30.096078278889536 ], [ 90.525387666207905, 30.096345854177855 ], [ 90.525927224361965, 30.096345821802288 ], [ 90.525927225261285, 30.096617803768709 ], [ 90.526734339818006, 30.096617847835432 ], [ 90.527001891723955, 30.096345855976551 ] ] ] } },
{ "type": "Feature", "properties": { "PV_Area": 0.21895285693399999, "Inst_time": 20100530.0, "Inst_year": 2010, "Major_type": "Built-up land", "Lat": 40.072736432100001, "Lon": 94.525214753399993 }, "geometry": { "type": "Polygon", "coordinates": [ [ [ 94.529807178558485, 40.074743140183841 ], [ 94.529897010938384, 40.074653307803942 ], [ 94.529986842418907, 40.074563477222739 ], [ 94.529986842418907, 40.074024488339489 ], [ 94.529897010938384, 40.073844825378444 ], [ 94.529537685016237, 40.073485497657657 ], [ 94.529447852636338, 40.073395667076454 ], [ 94.529268189675292, 40.073305834696555 ], [ 94.529088525814871, 40.073216003216032 ], [ 94.528549537830941, 40.07312617173551 ], [ 94.528549537830941, 40.072856678193205 ], [ 94.528459706350418, 40.072766845813362 ], [ 94.528369873970576, 40.072677015232102 ], [ 94.528190211908793, 40.07258718285226 ], [ 94.527830885986646, 40.072407518991838 ], [ 94.527291898002773, 40.07213802634891 ], [ 94.527202063824234, 40.071958361589168 ], [ 94.527022400863189, 40.071868531007965 ], [ 94.526483412879259, 40.071868531007965 ], [ 94.526483413778578, 40.071958361589168 ], [ 94.524596951787942, 40.071958361589168 ], [ 94.524057962005429, 40.071868531007965 ], [ 94.523878299044327, 40.071778698628066 ], [ 94.523878299044327, 40.07159903566702 ], [ 94.524596949989302, 40.07159903566702 ], [ 94.524686782369145, 40.071509205085817 ], [ 94.524776613849724, 40.071419372705918 ], [ 94.524956276810769, 40.070970216202568 ], [ 94.52495627591145, 40.07061089028042 ], [ 94.524866445330247, 40.070521057900578 ], [ 94.524776613849724, 40.070431226419998 ], [ 94.524686782369145, 40.070341394939476 ], [ 94.524147791687312, 40.069982069017328 ], [ 94.52396813052485, 40.069892236637486 ], [ 94.523698634284585, 40.069892235738166 ], [ 94.523698635183905, 40.069982069017328 ], [ 94.523339309261758, 40.069982069017328 ], [ 94.523339309261758, 40.069622743095181 ], [ 94.523249476881915, 40.069443080134079 ], [ 94.523159645401392, 40.069353247754236 ], [ 94.52297998244029, 40.069173584793134 ], [ 94.522890151859087, 40.069083754211931 ], [ 94.522710487998665, 40.068993921832089 ], [ 94.52244099445636, 40.068904091250886 ], [ 94.522171500914112, 40.068904091250886 ], [ 94.522081667634893, 40.068993921832089 ], [ 94.521991836154371, 40.069083754211931 ], [ 94.521991836154371, 40.069712573676384 ], [ 94.522081667634893, 40.069892236637486 ], [ 94.522261330595995, 40.069982069017328 ], [ 94.522351162076518, 40.070251562559633 ], [ 94.522171500014792, 40.070341394939476 ], [ 94.522081667634893, 40.070431226419998 ], [ 94.521991836154371, 40.07061089028042 ], [ 94.521991835255051, 40.071778698628066 ], [ 94.522081667634893, 40.071868531007965 ], [ 94.522261330595995, 40.07204819396901 ], [ 94.522890151859087, 40.07204819396901 ], [ 94.523069814820133, 40.071958361589168 ], [ 94.523159646300712, 40.071868531007965 ], [ 94.523249477781235, 40.071778698628066 ], [ 94.523249477781235, 40.071688868046863 ], [ 94.523249476881915, 40.071509205085817 ], [ 94.523249478680555, 40.071239709744873 ], [ 94.52351897132354, 40.071239709744873 ], [ 94.523698635183905, 40.071419372705918 ], [ 94.523788467563804, 40.071509205085817 ], [ 94.523788466664485, 40.071688868046863 ], [ 94.523698635183905, 40.071688868046863 ], [ 94.523608803703382, 40.071778698628066 ], [ 94.52351897222286, 40.071868531007965 ], [ 94.523518973122179, 40.072677015232102 ], [ 94.523429141641657, 40.072856678193205 ], [ 94.523339309261758, 40.072946508774407 ], [ 94.522261330595995, 40.072946508774407 ], [ 94.522081667634893, 40.07312617173551 ], [ 94.522081667634893, 40.074383814261694 ], [ 94.522261330595995, 40.074563477222739 ], [ 94.523069814820133, 40.074563477222739 ], [ 94.523069813920813, 40.074473644842897 ], [ 94.523159646300712, 40.074383814261694 ], [ 94.52351897222286, 40.074383814261694 ], [ 94.523608802804063, 40.074473644842897 ], [ 94.523608803703382, 40.074563477222739 ], [ 94.524866445330247, 40.074563477222739 ], [ 94.526034253677949, 40.074653307803942 ], [ 94.527112234142351, 40.074653307803942 ], [ 94.527112234142351, 40.074743140183841 ], [ 94.529807178558485, 40.074743140183841 ] ] ] } },
{ "type": "Feature", "properties": { "PV_Area": 0.300069245998, "Inst_time": 20100527.0, "Inst_year": 2010, "Major_type": "Unused land", "Lat": 40.0687769082, "Lon": 94.516268165100001 }, "geometry": { "type": "Polygon", "coordinates": [ [ [ 94.519925711202688, 40.071329542124715 ], [ 94.520015542683211, 40.07114987916367 ], [ 94.520195205644256, 40.071060046783771 ], [ 94.520195205644256, 40.070700720861623 ], [ 94.520105374163734, 40.070700720861623 ], [ 94.520105374163734, 40.069892236637486 ], [ 94.520015542683211, 40.069892236637486 ], [ 94.520015542683211, 40.068724427390464 ], [ 94.519925711202688, 40.068634595909941 ], [ 94.519835879722109, 40.068544764429362 ], [ 94.519027397296611, 40.068544764429362 ], [ 94.518847734335509, 40.068454932948839 ], [ 94.518398575134199, 40.068095607026692 ], [ 94.518398575134199, 40.067017628360929 ], [ 94.518308743653677, 40.06692779688035 ], [ 94.518218912173097, 40.066837965399827 ], [ 94.518129080692574, 40.066748133919305 ], [ 94.517679924189224, 40.06647863857836 ], [ 94.517320596468437, 40.066388807997157 ], [ 94.516961271445552, 40.066388807997157 ], [ 94.516781607585187, 40.066298975617258 ], [ 94.516691776104665, 40.066209145036055 ], [ 94.516601944624085, 40.06602948207501 ], [ 94.516512113143563, 40.06593964969511 ], [ 94.516332450182517, 40.065849819113907 ], [ 94.51588329277979, 40.065670155253542 ], [ 94.515523965958323, 40.065580323772963 ], [ 94.513457841006641, 40.065580323772963 ], [ 94.513368011324701, 40.065670155253542 ], [ 94.513368011324701, 40.066658302438782 ], [ 94.513278178045539, 40.066658302438782 ], [ 94.513278178045539, 40.069532910715282 ], [ 94.513368010425381, 40.069532910715282 ], [ 94.513368010425381, 40.070700720861623 ], [ 94.513278178045539, 40.070700720861623 ], [ 94.513278178045539, 40.071060046783771 ], [ 94.513457841006641, 40.071239709744873 ], [ 94.514266325230778, 40.071239709744873 ], [ 94.51489514649387, 40.071239709744873 ], [ 94.515254471516698, 40.071239709744873 ], [ 94.518218912173097, 40.071239709744873 ], [ 94.518218912173097, 40.071329542124715 ], [ 94.519925711202688, 40.071329542124715 ] ] ] } },
{ "type": "Feature", "properties": { "PV_Area": 0.12568472365, "Inst_time": 20101004.0, "Inst_year": 2010, "Major_type": "Grassland", "Lat": 40.762155709699996, "Lon": 111.45578768199999 }, "geometry": { "type": "Polygon", "coordinates": [ [ [ 111.459210578905129, 40.76332391256858 ], [ 111.459318942715072, 40.7626640359166 ], [ 111.458532435223788, 40.76248542606163 ], [ 111.458427294584055, 40.762324536448261 ], [ 111.458665888320127, 40.761896959177363 ], [ 111.457655239198004, 40.761348319669253 ], [ 111.45735600597493, 40.761001100420515 ], [ 111.456582414546858, 40.760606859219251 ], [ 111.455957388422803, 40.760659144004364 ], [ 111.455587733786956, 40.760865300093599 ], [ 111.454583423086547, 40.760631949404967 ], [ 111.453972256414545, 40.76068107577106 ], [ 111.453799216960363, 40.761629746315805 ], [ 111.452779839917753, 40.761733612616183 ], [ 111.452378822324874, 40.762703338088613 ], [ 111.452409132175774, 40.763080559620164 ], [ 111.453439802005335, 40.763343387387465 ], [ 111.454324475893884, 40.763018449741708 ], [ 111.455862337277097, 40.763142144294591 ], [ 111.456739334552708, 40.763278119089989 ], [ 111.458714598300105, 40.763459536628375 ], [ 111.459210578905129, 40.76332391256858 ] ] ] } },
{ "type": "Feature", "properties": { "PV_Area": 0.071328855790300003, "Inst_time": 20100823.0, "Inst_year": 2010, "Major_type": "Cropland", "Lat": 41.386823325100004, "Lon": 114.65145419300001 }, "geometry": { "type": "Polygon", "coordinates": [ [ [ 114.654045836146452, 41.388080085327715 ], [ 114.654135668526351, 41.387990253847192 ], [ 114.654225500006874, 41.38790042236667 ], [ 114.654225500006874, 41.38691227518143 ], [ 114.654135669425614, 41.386732612220328 ], [ 114.653956006464568, 41.386642780739805 ], [ 114.653506848162579, 41.386463117778703 ], [ 114.65287802689943, 41.386463117778703 ], [ 114.652518700977339, 41.386373286298181 ], [ 114.652428870396079, 41.386283454817658 ], [ 114.652159375954511, 41.386013960376033 ], [ 114.651710217652521, 41.38592412889551 ], [ 114.65099156490885, 41.38592412889551 ], [ 114.650991565808226, 41.386013960376033 ], [ 114.649733924181305, 41.386013960376033 ], [ 114.649374598259215, 41.386013960376033 ], [ 114.648655946414806, 41.386103791856556 ], [ 114.647488136268521, 41.386103791856556 ], [ 114.647308473307476, 41.386193623337078 ], [ 114.647308473307476, 41.386373286298181 ], [ 114.647398302989359, 41.386463117778703 ], [ 114.647488136268521, 41.386552949259226 ], [ 114.648206788112816, 41.386732612220328 ], [ 114.649284766778578, 41.386732612220328 ], [ 114.649284765879315, 41.386822443700851 ], [ 114.649464428840361, 41.38691227518143 ], [ 114.649733924181305, 41.387002106661953 ], [ 114.650991565808226, 41.387002106661953 ], [ 114.651171227869895, 41.387091938142476 ], [ 114.651261061149171, 41.387271601103578 ], [ 114.651350891730317, 41.3873614325841 ], [ 114.651530555590739, 41.387451264963943 ], [ 114.651800049133044, 41.387541096444522 ], [ 114.651979712094089, 41.387630927925045 ], [ 114.652159375055135, 41.387720759405568 ], [ 114.652339038016294, 41.38790042236667 ], [ 114.652788196318284, 41.387990253847192 ], [ 114.653057691659228, 41.387990253847192 ], [ 114.653776342604147, 41.388080085327715 ], [ 114.654045836146452, 41.388080085327715 ] ] ] } },
{ "type": "Feature", "properties": { "PV_Area": 0.0027000345704300001, "Inst_time": 20100429.0, "Inst_year": 2010, "Major_type": "Grassland", "Lat": 41.354968017600001, "Lon": 114.649838312 }, "geometry": { "type": "Polygon", "coordinates": [ [ [ 114.650093250103509, 41.355201746363548 ], [ 114.650183081584032, 41.355111913983706 ], [ 114.650183082483295, 41.354842419542081 ], [ 114.650093250103509, 41.354752588061558 ], [ 114.64955426122026, 41.354752588061558 ], [ 114.649464428840361, 41.3548424204414 ], [ 114.649464428840361, 41.355022083402503 ], [ 114.64955426122026, 41.355111913983706 ], [ 114.649733923282042, 41.355201746363548 ], [ 114.650093250103509, 41.355201746363548 ] ] ] } },
{ "type": "Feature", "properties": { "PV_Area": 0.0094126384742400006, "Inst_time": 20100429.0, "Inst_year": 2010, "Major_type": "Grassland", "Lat": 41.354616707399998, "Lon": 114.64824389 }, "geometry": { "type": "Polygon", "coordinates": [ [ [ 114.648745776996066, 41.354932251022603 ], [ 114.648745776996066, 41.3548424204414 ], [ 114.649015271437634, 41.354752588960878 ], [ 114.649194935298055, 41.354572925100456 ], [ 114.649194935298055, 41.354483093619933 ], [ 114.649105103817533, 41.354303430658831 ], [ 114.647757630710203, 41.354303430658831 ], [ 114.647398303888622, 41.354572925100456 ], [ 114.647308472408099, 41.354662756580979 ], [ 114.647308473307476, 41.3548424204414 ], [ 114.647398303888622, 41.354932251022603 ], [ 114.647757630710203, 41.354932250123284 ], [ 114.648027125151771, 41.354932251022603 ], [ 114.648745776996066, 41.354932251022603 ] ] ] } },
{ "type": "Feature", "properties": { "PV_Area": 0.0058264650449300001, "Inst_time": 20100515.0, "Inst_year": 2010, "Major_type": "Cropland", "Lat": 41.1966218584, "Lon": 114.268023726 }, "geometry": { "type": "Polygon", "coordinates": [ [ [ 114.26803976012684, 41.197188086660901 ], [ 114.26803976012684, 41.197098256079698 ], [ 114.268129590708099, 41.197008423699856 ], [ 114.268219422188622, 41.197008423699856 ], [ 114.268309254568521, 41.196828760738754 ], [ 114.268399086948421, 41.196559267196449 ], [ 114.268399086049044, 41.196199941274301 ], [ 114.268309253669145, 41.196110108894459 ], [ 114.267949927747054, 41.196110108894459 ], [ 114.267770264786009, 41.196289771855561 ], [ 114.267680434204749, 41.196559267196449 ], [ 114.267680434204749, 41.197098256079698 ], [ 114.267770265685272, 41.197188086660901 ], [ 114.26803976012684, 41.197188086660901 ] ] ] } },
{ "type": "Feature", "properties": { "PV_Area": 0.0012927931701399999, "Inst_time": 20100828.0, "Inst_year": 2010, "Major_type": "Grassland", "Lat": 40.424473132400003, "Lon": 114.80069140400001 }, "geometry": { "type": "Polygon", "coordinates": [ [ [ 114.800740723006015, 40.424367447699581 ], [ 114.800740723905392, 40.424277617118378 ], [ 114.80056106004497, 40.424277617118378 ], [ 114.800471228564447, 40.424367447699581 ], [ 114.800471228564447, 40.424547110660683 ], [ 114.80056106004497, 40.424636943040525 ], [ 114.800920385967061, 40.424636943040525 ], [ 114.800920385967061, 40.424367447699581 ], [ 114.800740723006015, 40.424367447699581 ] ] ] } },
{ "type": "Feature", "properties": { "PV_Area": 0.013141225889, "Inst_time": 20100612.0, "Inst_year": 2010, "Major_type": "Grassland", "Lat": 40.328120526799999, "Lon": 114.775766081 }, "geometry": { "type": "Polygon", "coordinates": [ [ [ 114.77558789586476, 40.327626747476472 ], [ 114.775519346840497, 40.327624847208995 ], [ 114.775528473160534, 40.328387796059985 ], [ 114.775318582186856, 40.328390114512217 ], [ 114.775269911777059, 40.328037628833556 ], [ 114.77515736252235, 40.328030671678221 ], [ 114.775105649706006, 40.328121112899112 ], [ 114.774780167970448, 40.328114155743719 ], [ 114.774701078891781, 40.328176768343212 ], [ 114.774664576309192, 40.328253295253432 ], [ 114.774795377304827, 40.328255613705664 ], [ 114.774807545132148, 40.328441132152591 ], [ 114.774929220707008, 40.328441132152591 ], [ 114.774932262214179, 40.3284991069483 ], [ 114.775047853875435, 40.328589546370495 ], [ 114.775288163517985, 40.328601141329671 ], [ 114.775309456766081, 40.328768107662086 ], [ 114.775418964513619, 40.328770426114318 ], [ 114.775406797585674, 40.328988408288467 ], [ 114.775519346840497, 40.329099718277405 ], [ 114.775677525897208, 40.329090442669838 ], [ 114.775790075151917, 40.32896289991794 ], [ 114.775780949731143, 40.328682305144298 ], [ 114.775899583798832, 40.32868926229969 ], [ 114.776012133952918, 40.328557080844632 ], [ 114.776027343287296, 40.328429537193415 ], [ 114.776133809527778, 40.328429537193415 ], [ 114.776149018862156, 40.328257933057216 ], [ 114.776255485102638, 40.328255613705664 ], [ 114.776224255245211, 40.3278984893239 ], [ 114.776349783515798, 40.3278984893239 ], [ 114.776346742008627, 40.327666589241744 ], [ 114.776459291263336, 40.32766195143796 ], [ 114.776699600905886, 40.327395265579071 ], [ 114.776702643312433, 40.327195830123514 ], [ 114.776833444308068, 40.327198149475066 ], [ 114.776809109552801, 40.327052051011378 ], [ 114.776647888988919, 40.327056688815162 ], [ 114.776638763568144, 40.327147130935373 ], [ 114.776337615688476, 40.327158725894549 ], [ 114.776337615688476, 40.327388308423735 ], [ 114.776276778350734, 40.327606295094483 ], [ 114.776030384794467, 40.327613252249819 ], [ 114.776012133952918, 40.327550638751006 ], [ 114.775933044874137, 40.327432369808093 ], [ 114.775793117558351, 40.327432369808093 ], [ 114.775740029678673, 40.327618891898396 ], [ 114.77558789586476, 40.327618890999076 ], [ 114.77558789586476, 40.327626747476472 ] ] ] } },
{ "type": "Feature", "properties": { "PV_Area": 0.0067777987226399997, "Inst_time": 20100612.0, "Inst_year": 2010, "Major_type": "Grassland", "Lat": 40.325557869900003, "Lon": 114.775151431 }, "geometry": { "type": "Polygon", "coordinates": [ [ [ 114.774779410741303, 40.325373977227343 ], [ 114.774991578798335, 40.325383492054584 ], [ 114.774939437005514, 40.32573242990776 ], [ 114.774885180007118, 40.32573242990776 ], [ 114.774897280385289, 40.325926154668366 ], [ 114.775237972354603, 40.325907602553855 ], [ 114.775244056268207, 40.326000364924937 ], [ 114.775320103839817, 40.32599108841805 ], [ 114.775320103839817, 40.32615806104576 ], [ 114.774556588415862, 40.326141827383481 ], [ 114.774602217318488, 40.326306479760262 ], [ 114.775006789032204, 40.326287927645808 ], [ 114.775015914452979, 40.326385327820674 ], [ 114.775423527673752, 40.326352861395492 ], [ 114.775469155677001, 40.326076893633797 ], [ 114.775350522508688, 40.325613080879009 ], [ 114.775399192918485, 40.325225794135122 ], [ 114.775545203248612, 40.324880249424041 ], [ 114.775517826086912, 40.324599637563267 ], [ 114.775031123787358, 40.324592680407932 ], [ 114.775021998366583, 40.324662252860719 ], [ 114.774872945630023, 40.324678487422318 ], [ 114.774863819309871, 40.324748059875105 ], [ 114.775365731843067, 40.324729507760651 ], [ 114.775371815756785, 40.32483154753794 ], [ 114.775253181689095, 40.325202603317564 ], [ 114.774781688724033, 40.325237389094298 ], [ 114.774772563303259, 40.32528377072947 ], [ 114.774748227648615, 40.32531391960174 ], [ 114.774459248495532, 40.325316238053972 ], [ 114.774459248495532, 40.325392767662152 ], [ 114.774779410741303, 40.325397698644906 ], [ 114.774779410741303, 40.325373977227343 ] ] ] } },
{ "type": "Feature", "properties": { "PV_Area": 0.00015913492400499999, "Inst_time": 20100612.0, "Inst_year": 2010, "Major_type": "Grassland", "Lat": 40.324830089300001, "Lon": 114.775183786 }, "geometry": { "type": "Polygon", "coordinates": [ [ [ 114.77513873756277, 40.32473789843533 ], [ 114.77513873756277, 40.324923945683622 ], [ 114.775228569043293, 40.324923945683622 ], [ 114.775228569043293, 40.324734577238985 ], [ 114.77513873756277, 40.32473789843533 ] ] ] } },
{ "type": "Feature", "properties": { "PV_Area": 0.00059830919216300002, "Inst_time": 20100806.0, "Inst_year": 2010, "Major_type": "Water surface", "Lat": 41.541557251699999, "Lon": 114.86062653800001 }, "geometry": { "type": "Polygon", "coordinates": [ [ [ 114.860748185280613, 41.541691998886677 ], [ 114.860748184381237, 41.541422504445052 ], [ 114.860568520520815, 41.541422504445052 ], [ 114.860478690838931, 41.541512335925631 ], [ 114.860478689939669, 41.541602167406154 ], [ 114.860568522319454, 41.541691998886677 ], [ 114.860748185280613, 41.541691998886677 ] ] ] } },
{ "type": "Feature", "properties": { "PV_Area": 0.00317514962391, "Inst_time": 20100623.0, "Inst_year": 2010, "Major_type": "Woodland", "Lat": 40.824979704699999, "Lon": 120.39751336800001 }, "geometry": { "type": "Polygon", "coordinates": [ [ [ 120.397694101002003, 40.825375390861666 ], [ 120.397783930683886, 40.825195728799883 ], [ 120.397783931583263, 40.824746571397213 ], [ 120.39760426952148, 40.824656739017371 ], [ 120.397334775079912, 40.824656739017371 ], [ 120.397244942700013, 40.824746571397213 ], [ 120.397155112118753, 40.824836401079097 ], [ 120.397155112118753, 40.824926234358259 ], [ 120.397244942700013, 40.825105897319361 ], [ 120.397334775979175, 40.825105897319361 ], [ 120.397424605661058, 40.825195727900564 ], [ 120.397424605661058, 40.825285560280463 ], [ 120.39751443894022, 40.825375390861666 ], [ 120.397694101002003, 40.825375390861666 ] ] ] } },
{ "type": "Feature", "properties": { "PV_Area": 0.00031783322488200002, "Inst_time": 20101031.0, "Inst_year": 2010, "Major_type": "Built-up land", "Lat": 37.250709381599997, "Lon": 122.564340735 }, "geometry": { "type": "Polygon", "coordinates": [ [ [ 122.56443056541832, 37.250619549552596 ], [ 122.564250904255914, 37.250619549552596 ], [ 122.564250903356537, 37.250799213413018 ], [ 122.56443056541832, 37.250799213413018 ], [ 122.56443056541832, 37.250619549552596 ] ] ] } },
{ "type": "Feature", "properties": { "PV_Area": 0.017400323383199998, "Inst_time": 20100702.0, "Inst_year": 2010, "Major_type": "Cropland", "Lat": 43.5103009109, "Lon": 120.743140246 }, "geometry": { "type": "Polygon", "coordinates": [ [ [ 120.743186158614435, 43.510799101797147 ], [ 120.743186158614435, 43.510709270316624 ], [ 120.743365822474743, 43.510529607355522 ], [ 120.74381497987747, 43.510529607355522 ], [ 120.743994642838516, 43.510529607355522 ], [ 120.744443801140619, 43.510529607355522 ], [ 120.744623464101664, 43.51043977497568 ], [ 120.744713294682811, 43.510349944394477 ], [ 120.744713294682811, 43.510080449053532 ], [ 120.744623464101664, 43.50999061757301 ], [ 120.74336582157548, 43.50999061757301 ], [ 120.74336582157548, 43.50990078609243 ], [ 120.742018348468036, 43.50990078609243 ], [ 120.74192851788689, 43.50999061757301 ], [ 120.741838687305631, 43.510080449053532 ], [ 120.741838687305631, 43.510170281433375 ], [ 120.74192851788689, 43.51043977497568 ], [ 120.742108180847936, 43.510709270316624 ], [ 120.742198012328458, 43.510799101797147 ], [ 120.743186158614435, 43.510799101797147 ] ] ] } },
{ "type": "Feature", "properties": { "PV_Area": 0.0015143735724299999, "Inst_time": 20100911.0, "Inst_year": 2010, "Major_type": "Grassland", "Lat": 34.868247760800003, "Lon": 106.043330467 }, "geometry": { "type": "Polygon", "coordinates": [ [ [ 106.043424343758545, 34.868467078792719 ], [ 106.043514176138387, 34.868377248211516 ], [ 106.043514176138387, 34.868107752870571 ], [ 106.043424343758545, 34.868017922289312 ], [ 106.043244679898123, 34.868017922289312 ], [ 106.04315485021624, 34.868107752870571 ], [ 106.04315485021624, 34.868467078792719 ], [ 106.043424343758545, 34.868467078792719 ] ] ] } },
{ "type": "Feature", "properties": { "PV_Area": 0.00069437374679199996, "Inst_time": 20100616.0, "Inst_year": 2010, "Major_type": "Grassland", "Lat": 35.038916239700001, "Lon": 107.842429283 }, "geometry": { "type": "Polygon", "coordinates": [ [ [ 107.84248036497695, 35.039057152065993 ], [ 107.842570195558153, 35.038967319686094 ], [ 107.842570193759514, 35.038787656725049 ], [ 107.842300701116528, 35.038787656725049 ], [ 107.842300701116528, 35.039057152065993 ], [ 107.84248036497695, 35.039057152065993 ] ] ] } },
{ "type": "Feature", "properties": { "PV_Area": 0.016256664532899999, "Inst_time": 20100725.0, "Inst_year": 2010, "Major_type": "Grassland", "Lat": 35.038199237999997, "Lon": 107.846490206 }, "geometry": { "type": "Polygon", "coordinates": [ [ [ 107.846882109321939, 35.038697826143789 ], [ 107.846882110221259, 35.038607993763947 ], [ 107.846971939903142, 35.038518162283424 ], [ 107.847061772283041, 35.038428330802901 ], [ 107.847241435244086, 35.038338499322322 ], [ 107.847510929685711, 35.038338499322322 ], [ 107.847690592646813, 35.038248667841799 ], [ 107.847690592646813, 35.037889341919652 ], [ 107.847600762065554, 35.037799510439129 ], [ 107.847331265825346, 35.037799510439129 ], [ 107.847331265825346, 35.037889341919652 ], [ 107.846702447260213, 35.037889341919652 ], [ 107.846522783399791, 35.037799510439129 ], [ 107.84634311953937, 35.037619846578707 ], [ 107.845983793617222, 35.037619846578707 ], [ 107.845893962136699, 35.037709678958549 ], [ 107.845893962136699, 35.037979173400174 ], [ 107.845714299175654, 35.038158836361276 ], [ 107.84535497325345, 35.038158836361276 ], [ 107.845265141772927, 35.038248667841799 ], [ 107.845265140873607, 35.038428330802901 ], [ 107.84535497415277, 35.038518162283424 ], [ 107.845804130656177, 35.038518162283424 ], [ 107.845983793617222, 35.038607993763947 ], [ 107.845983793617222, 35.038697826143789 ], [ 107.846882109321939, 35.038697826143789 ] ] ] } },
{ "type": "Feature", "properties": { "PV_Area": 0.0036353359176300002, "Inst_time": 20100725.0, "Inst_year": 2010, "Major_type": "Cropland", "Lat": 35.0370364471, "Lon": 107.847694293 }, "geometry": { "type": "Polygon", "coordinates": [ [ [ 107.847690591747494, 35.037350353036402 ], [ 107.847870255607859, 35.037260520656559 ], [ 107.847960087987758, 35.037170690075357 ], [ 107.848049918568961, 35.037080857695457 ], [ 107.848049918568961, 35.036811363253889 ], [ 107.847960087088381, 35.03672153177331 ], [ 107.847690592646813, 35.03672153177331 ], [ 107.847510930585031, 35.036811363253889 ], [ 107.847421098205189, 35.036901194734412 ], [ 107.847331265825346, 35.037080857695457 ], [ 107.847331265825346, 35.037260520656559 ], [ 107.847421098205189, 35.037350353036402 ], [ 107.847690591747494, 35.037350353036402 ] ] ] } },
{ "type": "Feature", "properties": { "PV_Area": 0.018104816160800001, "Inst_time": 20101202.0, "Inst_year": 2010, "Major_type": "Cropland", "Lat": 35.548590241399999, "Lon": 115.63511845 }, "geometry": { "type": "Polygon", "coordinates": [ [ [ 115.636263768658068, 35.549030737778367 ], [ 115.636353601037968, 35.548940907197164 ], [ 115.636443431619114, 35.548851074817321 ], [ 115.636443431619114, 35.548671411856219 ], [ 115.636353601037968, 35.548581582174336 ], [ 115.635904442735864, 35.548581581275016 ], [ 115.635724779774819, 35.548491748895174 ], [ 115.635634948294296, 35.548401918313914 ], [ 115.635545116813773, 35.548222255352869 ], [ 115.635455285333251, 35.548132422972969 ], [ 115.635365453852728, 35.548042592391766 ], [ 115.635185790891569, 35.547952760011924 ], [ 115.634736632589579, 35.547952760011924 ], [ 115.634556969628534, 35.548042592391766 ], [ 115.634287475186852, 35.548222255352869 ], [ 115.634197643706329, 35.548312085934072 ], [ 115.634107811326544, 35.548401919213234 ], [ 115.634107812225807, 35.548851074817321 ], [ 115.634197642807067, 35.548940907197164 ], [ 115.634287475186852, 35.549030737778367 ], [ 115.636263768658068, 35.549030737778367 ] ] ] } },
{ "type": "Feature", "properties": { "PV_Area": 0.0015062086076200001, "Inst_time": 20101223.0, "Inst_year": 2010, "Major_type": "Unused land", "Lat": 35.317224121400002, "Lon": 116.32787266 }, "geometry": { "type": "Polygon", "coordinates": [ [ [ 116.327966538425017, 35.31699590123992 ], [ 116.327697043084186, 35.31699590123992 ], [ 116.327697043084186, 35.317355227162068 ], [ 116.327786874564708, 35.317445057743271 ], [ 116.328056369905653, 35.317445057743271 ], [ 116.328056369006276, 35.317175564200966 ], [ 116.327966538425017, 35.31699590123992 ] ] ] } },
{ "type": "Feature", "properties": { "PV_Area": 0.0040709128774199998, "Inst_time": 20101223.0, "Inst_year": 2010, "Major_type": "Unused land", "Lat": 35.315717897600003, "Lon": 116.326766389 }, "geometry": { "type": "Polygon", "coordinates": [ [ [ 116.326888558859991, 35.316187417015726 ], [ 116.326978391239777, 35.316097584635884 ], [ 116.327068221821037, 35.316007754054681 ], [ 116.327068222720413, 35.315828091093579 ], [ 116.326978391239777, 35.315468765171431 ], [ 116.326888558859991, 35.315378932791589 ], [ 116.326798729178108, 35.315289102210329 ], [ 116.326619065317686, 35.315289102210329 ], [ 116.326529233837164, 35.315378932791589 ], [ 116.326439402356641, 35.315468765171431 ], [ 116.326439402356641, 35.315648428132477 ], [ 116.326529232038524, 35.315828091093579 ], [ 116.326619065317686, 35.316007754054681 ], [ 116.326798728278732, 35.316187417015726 ], [ 116.326888558859991, 35.316187417015726 ] ] ] } },
{ "type": "Feature", "properties": { "PV_Area": 0.0079790089472999998, "Inst_time": 20101223.0, "Inst_year": 2010, "Major_type": "Unused land", "Lat": 35.315563485200002, "Lon": 116.32576016599999 }, "geometry": { "type": "Polygon", "coordinates": [ [ [ 116.326080077333813, 35.316187417015726 ], [ 116.326169907015696, 35.316007754054681 ], [ 116.326169907015696, 35.315558595752634 ], [ 116.326080076434437, 35.315378932791589 ], [ 116.325990244054537, 35.315378932791589 ], [ 116.325900412574015, 35.315289102210329 ], [ 116.325810581093492, 35.315109438349964 ], [ 116.325810581093492, 35.314839943908339 ], [ 116.325720749612969, 35.314750112427816 ], [ 116.325451255171401, 35.314750112427816 ], [ 116.325451255171401, 35.316007754054681 ], [ 116.325630918132447, 35.316187417015726 ], [ 116.326080077333813, 35.316187417015726 ] ] ] } },
{ "type": "Feature", "properties": { "PV_Area": 0.035776112304799997, "Inst_time": 20100925.0, "Inst_year": 2010, "Major_type": "Cropland", "Lat": 34.858749240199998, "Lon": 106.08137467 }, "geometry": { "type": "Polygon", "coordinates": [ [ [ 106.080434934424773, 34.860022916024832 ], [ 106.080434934424773, 34.859933083644933 ], [ 106.080524765905295, 34.859753420683887 ], [ 106.080614597385818, 34.859573757722785 ], [ 106.08070442976566, 34.859483926242262 ], [ 106.08079426124624, 34.85939409476174 ], [ 106.081153586269068, 34.85930426328116 ], [ 106.081423080710692, 34.85930426328116 ], [ 106.081423080710692, 34.85939409476174 ], [ 106.081602743671738, 34.859483926242262 ], [ 106.082051901074408, 34.859483926242262 ], [ 106.082321396415352, 34.85930426328116 ], [ 106.082411227895932, 34.859214431800638 ], [ 106.082590890856977, 34.858944937359013 ], [ 106.082590890856977, 34.85831611699524 ], [ 106.082501059376455, 34.858046621654296 ], [ 106.082411227895932, 34.857956790173773 ], [ 106.082321396415352, 34.857866958693251 ], [ 106.08178240663284, 34.857866958693251 ], [ 106.081602743671738, 34.857777127212728 ], [ 106.081602742772418, 34.857687295732148 ], [ 106.081333249230113, 34.857687295732148 ], [ 106.08124341774959, 34.857777127212728 ], [ 106.081153586269068, 34.857866958693251 ], [ 106.081063754788488, 34.857956790173773 ], [ 106.080973922408646, 34.858136453134875 ], [ 106.080524765905295, 34.85831611699524 ], [ 106.080345102944193, 34.858405947576443 ], [ 106.080255269665031, 34.858495779956343 ], [ 106.080165439983148, 34.858675442917388 ], [ 106.080165439983148, 34.85885510587849 ], [ 106.080255270564351, 34.85885510587849 ], [ 106.080255270564351, 34.85939409476174 ], [ 106.080165439983148, 34.859483926242262 ], [ 106.080075607603248, 34.859483926242262 ], [ 106.080075607603248, 34.859933083644933 ], [ 106.080165439983148, 34.860022916024832 ], [ 106.080434934424773, 34.860022916024832 ] ] ] } },
{ "type": "Feature", "properties": { "PV_Area": 0.023349908567100001, "Inst_time": 20101012.0, "Inst_year": 2010, "Major_type": "Water surface", "Lat": 34.942121590799999, "Lon": 116.838728366 }, "geometry": { "type": "Polygon", "coordinates": [ [ [ 116.83937742872547, 34.942847585148002 ], [ 116.839467261105256, 34.942757752768102 ], [ 116.839557091686515, 34.94266792128758 ], [ 116.839557091686515, 34.942128933303707 ], [ 116.839467261105256, 34.941589942621817 ], [ 116.83937742872547, 34.941410279660715 ], [ 116.839197765764311, 34.941320449079512 ], [ 116.839018102803266, 34.941320449079512 ], [ 116.838568945400539, 34.941410279660715 ], [ 116.83802995471865, 34.941500112040615 ], [ 116.837940125036766, 34.941589942621817 ], [ 116.837850291757604, 34.94167977500166 ], [ 116.837850292656981, 34.941949269443285 ], [ 116.837940125036766, 34.942578089807057 ], [ 116.83802995471865, 34.942757752768102 ], [ 116.838119787997925, 34.942847585148002 ], [ 116.83937742872547, 34.942847585148002 ] ] ] } },
{ "type": "Feature", "properties": { "PV_Area": 0.0110394216516, "Inst_time": 20101231.0, "Inst_year": 2010, "Major_type": "Grassland", "Lat": 34.005315174899998, "Lon": 117.13741937499999 }, "geometry": { "type": "Polygon", "coordinates": [ [ [ 117.137887597734561, 34.005904743109454 ], [ 117.137887596835185, 34.005814911628931 ], [ 117.137977429215084, 34.005725080148409 ], [ 117.138067260695607, 34.005635248667829 ], [ 117.138157093075392, 34.005635248667829 ], [ 117.138157093075392, 34.005275922745682 ], [ 117.137977429215084, 34.005096259784636 ], [ 117.137528271812357, 34.005096259784636 ], [ 117.137438440331834, 34.005006428304057 ], [ 117.137348608851312, 34.004826765343012 ], [ 117.137168945890153, 34.004736933862432 ], [ 117.136629957007017, 34.004736933862432 ], [ 117.136629957007017, 34.005006428304057 ], [ 117.136719787588163, 34.005186091265159 ], [ 117.136809619968062, 34.005186091265159 ], [ 117.136899451448585, 34.005275922745682 ], [ 117.136989282929108, 34.005365754226204 ], [ 117.13707911440963, 34.005455585706784 ], [ 117.137168946789529, 34.005545417187307 ], [ 117.137258777370789, 34.005814911628931 ], [ 117.137348607951935, 34.005904743109454 ], [ 117.137887597734561, 34.005904743109454 ] ] ] } },
{ "type": "Feature", "properties": { "PV_Area": 0.028258985913900001, "Inst_time": 20101101.0, "Inst_year": 2010, "Major_type": "Cropland", "Lat": 34.815136965000001, "Lon": 118.92169452 }, "geometry": { "type": "Polygon", "coordinates": [ [ [ 118.921582425888346, 34.815735971837682 ], [ 118.921582425888346, 34.815646141256479 ], [ 118.922211248050758, 34.81555630887658 ], [ 118.92284006661589, 34.815466477396058 ], [ 118.922929898096413, 34.815466477396058 ], [ 118.92328922491788, 34.815466477396058 ], [ 118.923468887878926, 34.815376645915535 ], [ 118.923558721158088, 34.815286814435012 ], [ 118.923558720258825, 34.81510715057459 ], [ 118.923379057297666, 34.814927487613488 ], [ 118.923019731375575, 34.814927487613488 ], [ 118.922929898995676, 34.815017319993387 ], [ 118.922929898995676, 34.815196982954433 ], [ 118.922660403654731, 34.815196982954433 ], [ 118.922660402755469, 34.814837657032285 ], [ 118.922570573073585, 34.81465799407124 ], [ 118.922480740693686, 34.814568161691341 ], [ 118.921133267586242, 34.814568161691341 ], [ 118.920684111082892, 34.81465799407124 ], [ 118.920504448121847, 34.81465799407124 ], [ 118.920414615741947, 34.814747824652443 ], [ 118.920324785160801, 34.814837657032285 ], [ 118.920324784261425, 34.81555630887658 ], [ 118.920414615741947, 34.815646141256479 ], [ 118.920504448121847, 34.815735971837682 ], [ 118.920684111082892, 34.815735972737002 ], [ 118.920773942563414, 34.815646141256479 ], [ 118.921043437005096, 34.815646141256479 ], [ 118.921133267586242, 34.815735971837682 ], [ 118.921582425888346, 34.815735971837682 ] ] ] } },
{ "type": "Feature", "properties": { "PV_Area": 0.0048230505467900002, "Inst_time": 20101215.0, "Inst_year": 2010, "Major_type": "Woodland", "Lat": 36.997791311500002, "Lon": 111.453560809 }, "geometry": { "type": "Polygon", "coordinates": [ [ [ 111.4535281433092, 36.998282785821971 ], [ 111.453617974789779, 36.998103122860869 ], [ 111.453887469231404, 36.997743796938721 ], [ 111.453977300711927, 36.997564133977676 ], [ 111.453977299812607, 36.997294640435371 ], [ 111.453707806270302, 36.997294640435371 ], [ 111.453617974789779, 36.997384471016574 ], [ 111.453258647968312, 36.997743796938721 ], [ 111.453168818286372, 36.997833629318563 ], [ 111.453168817387052, 36.998192955240768 ], [ 111.453258647968312, 36.998282785821971 ], [ 111.4535281433092, 36.998282785821971 ] ] ] } },
{ "type": "Feature", "properties": { "PV_Area": 0.0013541967503700001, "Inst_time": 20100502.0, "Inst_year": 2010, "Major_type": "Built-up land", "Lat": 39.208237627700001, "Lon": 114.161789595 }, "geometry": { "type": "Polygon", "coordinates": [ [ [ 114.161948724953731, 39.208407879619983 ], [ 114.162038556434254, 39.208318048139461 ], [ 114.162038556434254, 39.208228216658938 ], [ 114.161948724054469, 39.208138385178358 ], [ 114.161858892573946, 39.208048553697836 ], [ 114.161589399031641, 39.208048553697836 ], [ 114.161589398132264, 39.208407879619983 ], [ 114.161948724953731, 39.208407879619983 ] ] ] } },
{ "type": "Feature", "properties": { "PV_Area": 0.00483665810336, "Inst_time": 20100518.0, "Inst_year": 2010, "Major_type": "Built-up land", "Lat": 39.204616031199997, "Lon": 114.205045101 }, "geometry": { "type": "Polygon", "coordinates": [ [ [ 114.205067858095276, 39.205084113041437 ], [ 114.205067858095276, 39.204994281560914 ], [ 114.205157689575799, 39.204904450080335 ], [ 114.205247521955584, 39.204814618599812 ], [ 114.205337352536844, 39.204814618599812 ], [ 114.205427184017367, 39.204724787119289 ], [ 114.205427184017367, 39.204365461197142 ], [ 114.205337353436221, 39.204275629716562 ], [ 114.205247521056322, 39.20418579823604 ], [ 114.204978026614754, 39.20418579823604 ], [ 114.204888196033494, 39.204275629716562 ], [ 114.204798363653595, 39.204365461197142 ], [ 114.204708533072449, 39.204455292677665 ], [ 114.204708532173072, 39.204994281560914 ], [ 114.204798363653595, 39.205084113041437 ], [ 114.205067858095276, 39.205084113041437 ] ] ] } },
{ "type": "Feature", "properties": { "PV_Area": 0.00978956720316, "Inst_time": 20100524.0, "Inst_year": 2010, "Major_type": "Cropland", "Lat": 39.203498746500003, "Lon": 114.18884527900001 }, "geometry": { "type": "Polygon", "coordinates": [ [ [ 114.189527003868193, 39.203826472313892 ], [ 114.189706666829238, 39.20373663993405 ], [ 114.189796498309761, 39.203646809352847 ], [ 114.189796498309761, 39.203377314011902 ], [ 114.189706666829238, 39.203287483430643 ], [ 114.189167677945989, 39.2031976510508 ], [ 114.188269363140648, 39.2031976510508 ], [ 114.187910036319181, 39.203377314011902 ], [ 114.187820204838658, 39.203467146391745 ], [ 114.187820204838658, 39.20373663993405 ], [ 114.189077845566203, 39.20373663993405 ], [ 114.189077845566203, 39.203826472313892 ], [ 114.189527003868193, 39.203826472313892 ] ] ] } },
{ "type": "Feature", "properties": { "PV_Area": 0.0017025306206100001, "Inst_time": 20100510.0, "Inst_year": 2010, "Major_type": "Built-up land", "Lat": 39.203422230199998, "Lon": 114.196848273 }, "geometry": { "type": "Polygon", "coordinates": [ [ [ 114.196893188869581, 39.203646809352847 ], [ 114.19707285183074, 39.203556976972948 ], [ 114.197072850931363, 39.203287483430643 ], [ 114.19698302124948, 39.2031976510508 ], [ 114.196803358288435, 39.2031976510508 ], [ 114.196623695327389, 39.203287482531323 ], [ 114.196623695327389, 39.203556976972948 ], [ 114.196713525908535, 39.203646809352847 ], [ 114.196893188869581, 39.203646809352847 ] ] ] } },
{ "type": "Feature", "properties": { "PV_Area": 0.0034437903921499999, "Inst_time": 20100510.0, "Inst_year": 2010, "Major_type": "Built-up land", "Lat": 39.202878698799999, "Lon": 114.197535468 }, "geometry": { "type": "Polygon", "coordinates": [ [ [ 114.197701673093775, 39.2031976510508 ], [ 114.197701672194512, 39.203107819570278 ], [ 114.197791505473674, 39.203017988089755 ], [ 114.19788133605482, 39.203017988089755 ], [ 114.197881336954197, 39.20274849364813 ], [ 114.197791504574298, 39.202568830687028 ], [ 114.197432178652207, 39.202568830687028 ], [ 114.197252514791785, 39.20274849364813 ], [ 114.197162684210525, 39.202838325128653 ], [ 114.197162684210525, 39.203017988089755 ], [ 114.197252513892408, 39.203107819570278 ], [ 114.19743217775283, 39.2031976510508 ], [ 114.197701673093775, 39.2031976510508 ] ] ] } },
{ "type": "Feature", "properties": { "PV_Area": 0.018689215211100001, "Inst_time": 20100510.0, "Inst_year": 2010, "Major_type": "Built-up land", "Lat": 39.203221457300003, "Lon": 114.195515091 }, "geometry": { "type": "Polygon", "coordinates": [ [ [ 114.195276222219945, 39.204095965856197 ], [ 114.195276222219945, 39.204006135274994 ], [ 114.195455885180991, 39.203916302895095 ], [ 114.195905041684341, 39.203916302895095 ], [ 114.19599487406424, 39.203826472313892 ], [ 114.19599487406424, 39.203556976972948 ], [ 114.195905041684341, 39.203467146391745 ], [ 114.19554571576225, 39.203467146391745 ], [ 114.195545714862874, 39.2031976510508 ], [ 114.196174536126023, 39.2031976510508 ], [ 114.196264369405185, 39.203107819570278 ], [ 114.19644403236623, 39.202928155709856 ], [ 114.196444031466967, 39.202478999206505 ], [ 114.196354199986445, 39.202299336245403 ], [ 114.196174536126023, 39.202209503865561 ], [ 114.195994874963617, 39.202209503865561 ], [ 114.19563554814215, 39.202299336245403 ], [ 114.195545716661513, 39.202389166826663 ], [ 114.195455885180991, 39.202568830687028 ], [ 114.194916896297741, 39.203467146391745 ], [ 114.194737232437433, 39.203646809352847 ], [ 114.194288075034706, 39.203646809352847 ], [ 114.194198242654807, 39.20373663993405 ], [ 114.194198242654807, 39.203916302895095 ], [ 114.194288075933969, 39.204006135274994 ], [ 114.194467737995751, 39.204006135274994 ], [ 114.194737233336696, 39.204006135274994 ], [ 114.195006727778377, 39.204095965856197 ], [ 114.195276222219945, 39.204095965856197 ] ] ] } },
{ "type": "Feature", "properties": { "PV_Area": 0.00069650564800799995, "Inst_time": 20100510.0, "Inst_year": 2010, "Major_type": "Built-up land", "Lat": 39.201895094100003, "Lon": 114.197566925 }, "geometry": { "type": "Polygon", "coordinates": [ [ [ 114.197701673093775, 39.20176034736221 ], [ 114.19743217775283, 39.20176034736221 ], [ 114.19743217775283, 39.202029840904459 ], [ 114.197701673093775, 39.202029840904459 ], [ 114.197701673093775, 39.20176034736221 ] ] ] } },
{ "type": "Feature", "properties": { "PV_Area": 0.008009972675, "Inst_time": 20100502.0, "Inst_year": 2010, "Major_type": "Built-up land", "Lat": 39.200539592699997, "Lon": 114.20145998700001 }, "geometry": { "type": "Polygon", "coordinates": [ [ [ 114.201833922997253, 39.201041694618539 ], [ 114.201833922997253, 39.200951863138016 ], [ 114.201833922997253, 39.200772200176971 ], [ 114.201923755377038, 39.200412874254823 ], [ 114.202013585958298, 39.200323041874924 ], [ 114.202013585958298, 39.200233211293721 ], [ 114.201923755377038, 39.200143378913879 ], [ 114.201833923896515, 39.200053548332619 ], [ 114.201744092415993, 39.200053548332619 ], [ 114.201115271152958, 39.200143378913879 ], [ 114.200935608191799, 39.200323041874924 ], [ 114.200935608191799, 39.200592537215869 ], [ 114.201025439672321, 39.200862030758174 ], [ 114.201294934114003, 39.201041694618539 ], [ 114.201833922997253, 39.201041694618539 ] ] ] } },
{ "type": "Feature", "properties": { "PV_Area": 0.0010905235250499999, "Inst_time": 20100706.0, "Inst_year": 2010, "Major_type": "Grassland", "Lat": 38.733468589399997, "Lon": 114.528461361 }, "geometry": { "type": "Polygon", "coordinates": [ [ [ 114.528551192183841, 38.733648252265084 ], [ 114.528641023664363, 38.733558420784561 ], [ 114.5286410227651, 38.733378757823459 ], [ 114.528551192183841, 38.733288926342937 ], [ 114.528371529222795, 38.733288926342937 ], [ 114.528281697742273, 38.733378757823459 ], [ 114.528281697742273, 38.733558420784561 ], [ 114.528371529222795, 38.733648252265084 ], [ 114.528551192183841, 38.733648252265084 ] ] ] } },
{ "type": "Feature", "properties": { "PV_Area": 0.0058314488841400003, "Inst_time": 20101002.0, "Inst_year": 2010, "Major_type": "Cropland", "Lat": 36.299229527599998, "Lon": 113.091422271 }, "geometry": { "type": "Polygon", "coordinates": [ [ [ 113.091606064168559, 36.299842653215933 ], [ 113.091606064168559, 36.299213831952841 ], [ 113.091695894749819, 36.299124001371638 ], [ 113.091785727129718, 36.299124001371638 ], [ 113.091875558610241, 36.299034168991739 ], [ 113.091875557710864, 36.298944338410536 ], [ 113.091785727129718, 36.29876467544949 ], [ 113.091246738246468, 36.29876467544949 ], [ 113.091067074386046, 36.299034168991739 ], [ 113.091067074386046, 36.299393494913886 ], [ 113.091336569726991, 36.299842653215933 ], [ 113.091606064168559, 36.299842653215933 ] ] ] } },
{ "type": "Feature", "properties": { "PV_Area": 0.21401819673899999, "Inst_time": 20100915.0, "Inst_year": 2010, "Major_type": "Cropland", "Lat": 39.034294190899999, "Lon": 115.465536095 }, "geometry": { "type": "Polygon", "coordinates": [ [ [ 115.466392349027728, 39.036739828580266 ], [ 115.466392349027728, 39.036649997999064 ], [ 115.467829652716318, 39.036649997999064 ], [ 115.468368641599568, 39.036470334138642 ], [ 115.468458473979467, 39.036380502658119 ], [ 115.468458473979467, 39.035751682294347 ], [ 115.468278811018422, 39.035661850813824 ], [ 115.46800931657674, 39.035482187852722 ], [ 115.467919485096218, 39.035302524891677 ], [ 115.467919485995594, 39.033775388823187 ], [ 115.467739823034435, 39.033595725862085 ], [ 115.466931337910978, 39.033595725862085 ], [ 115.466931337910978, 39.033326231420517 ], [ 115.467649989755273, 39.033326231420517 ], [ 115.467739821235796, 39.033236399040618 ], [ 115.467829652716318, 39.033146567560095 ], [ 115.467829652716318, 39.032966904598993 ], [ 115.467739822135172, 39.032697410157425 ], [ 115.467649989755273, 39.032248252754698 ], [ 115.467560159174013, 39.032158421274175 ], [ 115.467470326794228, 39.032068589793653 ], [ 115.466931337011601, 39.031978758313073 ], [ 115.465673697183433, 39.031978758313073 ], [ 115.465673697183433, 39.031888926832551 ], [ 115.465044875920398, 39.031888926832551 ], [ 115.465044875021022, 39.031978758313073 ], [ 115.464236391696204, 39.031978758313073 ], [ 115.464236391696204, 39.031888926832551 ], [ 115.46342790747201, 39.031888926832551 ], [ 115.46288891858876, 39.031978758313073 ], [ 115.462439762984786, 39.032158421274175 ], [ 115.46234992970551, 39.032248252754698 ], [ 115.462260098224988, 39.032338084235278 ], [ 115.462260098224988, 39.032517747196323 ], [ 115.462349928806248, 39.032607578676846 ], [ 115.46243976208541, 39.032697410157425 ], [ 115.462619425046455, 39.032697410157425 ], [ 115.462709255627715, 39.03287707311847 ], [ 115.462709255627715, 39.033146567560095 ], [ 115.462799087108237, 39.033326231420517 ], [ 115.46288891858876, 39.03341606290104 ], [ 115.462978750968659, 39.033505894381562 ], [ 115.46333807689075, 39.033595725862085 ], [ 115.463697402812954, 39.033775388823187 ], [ 115.463607571332432, 39.033955051784289 ], [ 115.463517740751172, 39.03440420918696 ], [ 115.463517740751172, 39.036470334138642 ], [ 115.463607571332432, 39.036649997999064 ], [ 115.463787234293477, 39.036739828580266 ], [ 115.465494033323012, 39.036739828580266 ], [ 115.465853360144479, 39.036739828580266 ], [ 115.466392349027728, 39.036739828580266 ] ] ] } },
{ "type": "Feature", "properties": { "PV_Area": 0.011424304077600001, "Inst_time": 20100620.0, "Inst_year": 2010, "Major_type": "Cropland", "Lat": 38.148946153099999, "Lon": 115.327236828 }, "geometry": { "type": "Polygon", "coordinates": [ [ [ 115.327153480448828, 38.149473823158473 ], [ 115.327153481348091, 38.149383990778631 ], [ 115.327422973991133, 38.149294160197371 ], [ 115.327692469332078, 38.149294160197371 ], [ 115.32787213139386, 38.149114497236326 ], [ 115.327961961975006, 38.148575508353076 ], [ 115.327961962874383, 38.148306013911451 ], [ 115.327872132293123, 38.148216182430929 ], [ 115.327692469332078, 38.148126350051086 ], [ 115.327602636952179, 38.148126350051086 ], [ 115.327422973991133, 38.148126350051086 ], [ 115.327422973991133, 38.148485675973234 ], [ 115.327333143409874, 38.148755171314178 ], [ 115.327153480448828, 38.148934833375904 ], [ 115.326704322146838, 38.148934834275224 ], [ 115.326344996224634, 38.149024664856427 ], [ 115.326255163844849, 38.149114497236326 ], [ 115.326165334162852, 38.149204327817529 ], [ 115.326165333263589, 38.149294160197371 ], [ 115.326344996224634, 38.149473823158473 ], [ 115.327153480448828, 38.149473823158473 ] ] ] } },
{ "type": "Feature", "properties": { "PV_Area": 0.0075982227011900001, "Inst_time": 20101118.0, "Inst_year": 2010, "Major_type": "Cropland", "Lat": 37.940166206500002, "Lon": 114.72709826400001 }, "geometry": { "type": "Polygon", "coordinates": [ [ [ 114.727348364735349, 37.940615519390747 ], [ 114.727348363835972, 37.940525687910224 ], [ 114.727438196215871, 37.940435856429701 ], [ 114.727528027696394, 37.940346024949122 ], [ 114.727617859176917, 37.940346024949122 ], [ 114.727617858277654, 37.939896866647132 ], [ 114.727438196215871, 37.93971720368603 ], [ 114.727168700874927, 37.93971720368603 ], [ 114.726809374952722, 37.939807036065929 ], [ 114.726719544371576, 37.939896866647132 ], [ 114.726629711991677, 37.939986699026974 ], [ 114.726539881410417, 37.940076529608234 ], [ 114.726539880511154, 37.940256192569279 ], [ 114.726629711991677, 37.940435856429701 ], [ 114.726809375852099, 37.940615519390747 ], [ 114.727348364735349, 37.940615519390747 ] ] ] } },
{ "type": "Feature", "properties": { "PV_Area": 0.0053967412949699999, "Inst_time": 20100614.0, "Inst_year": 2010, "Major_type": "Cropland", "Lat": 40.932052111099999, "Lon": 118.716708748 }, "geometry": { "type": "Polygon", "coordinates": [ [ [ 118.716497047001212, 40.931825751956922 ], [ 118.715688562777018, 40.931825751956922 ], [ 118.715688562777018, 40.932095247297866 ], [ 118.71640721552069, 40.932185078778389 ], [ 118.71730553032603, 40.932185078778389 ], [ 118.71730553032603, 40.932274910258968 ], [ 118.717844521007919, 40.932274910258968 ], [ 118.717844521007919, 40.932005414918024 ], [ 118.717125866465608, 40.932005414918024 ], [ 118.716497047001212, 40.931915584336821 ], [ 118.716497047001212, 40.931825751956922 ] ] ] } },
{ "type": "Feature", "properties": { "PV_Area": 0.000638369092291, "Inst_time": 20101005.0, "Inst_year": 2010, "Major_type": "Cropland", "Lat": 36.9239340962, "Lon": 117.74402583600001 }, "geometry": { "type": "Polygon", "coordinates": [ [ [ 117.744070752163566, 36.924081945125693 ], [ 117.744160582744712, 36.92399211184653 ], [ 117.744160582744712, 36.923812448885485 ], [ 117.743891088303144, 36.923812448885485 ], [ 117.743891089202521, 36.92399211184653 ], [ 117.743980919783667, 36.924081944226373 ], [ 117.744070752163566, 36.924081945125693 ] ] ] } },
{ "type": "Feature", "properties": { "PV_Area": 0.0011171511789199999, "Inst_time": 20101005.0, "Inst_year": 2010, "Major_type": "Cropland", "Lat": 36.923352598000001, "Lon": 117.74434238400001 }, "geometry": { "type": "Polygon", "coordinates": [ [ [ 117.744340246605134, 36.92354295534318 ], [ 117.744519908666916, 36.923453122963281 ], [ 117.744519908666916, 36.923183629421032 ], [ 117.744250416023988, 36.923183629421032 ], [ 117.744160581845449, 36.923273460002235 ], [ 117.744160582744712, 36.923453122963281 ], [ 117.744250415124611, 36.92354295534318 ], [ 117.744340246605134, 36.92354295534318 ] ] ] } },
{ "type": "Feature", "properties": { "PV_Area": 0.0249680537364, "Inst_time": 20101106.0, "Inst_year": 2010, "Major_type": "Cropland", "Lat": 36.824952828599997, "Lon": 116.848420182 }, "geometry": { "type": "Polygon", "coordinates": [ [ [ 116.848270749795347, 36.825806252356699 ], [ 116.848989404337658, 36.825357094054709 ], [ 116.849438559941632, 36.825087599613084 ], [ 116.849528392321531, 36.824997768132562 ], [ 116.849708055282576, 36.82481810517146 ], [ 116.849708054383314, 36.824638442210414 ], [ 116.849618222902677, 36.824548609830515 ], [ 116.849528392321531, 36.824458779249312 ], [ 116.848989404337658, 36.824458779249312 ], [ 116.848899571058382, 36.82427911628821 ], [ 116.848809738678597, 36.824189283908368 ], [ 116.848630075717438, 36.824099453327165 ], [ 116.848360582175133, 36.824099453327165 ], [ 116.848270749795347, 36.824189283908368 ], [ 116.848180919214087, 36.82436894686947 ], [ 116.848091086834302, 36.824458779249312 ], [ 116.847911423873143, 36.824548609830515 ], [ 116.847641931230214, 36.824548609830515 ], [ 116.847462267369792, 36.824638442210414 ], [ 116.847372434989893, 36.824728272791617 ], [ 116.847282604408747, 36.82481810517146 ], [ 116.847282604408747, 36.825177431093607 ], [ 116.847731760012721, 36.825626589395654 ], [ 116.847821593291997, 36.825716419976857 ], [ 116.848001256253042, 36.825806252356699 ], [ 116.848270749795347, 36.825806252356699 ] ] ] } },
{ "type": "Feature", "properties": { "PV_Area": 0.0052344432441800001, "Inst_time": 20101207.0, "Inst_year": 2010, "Major_type": "Cropland", "Lat": 36.807980979600003, "Lon": 116.82250030100001 }, "geometry": { "type": "Polygon", "coordinates": [ [ [ 116.822489102290319, 36.808199272278671 ], [ 116.822489102290319, 36.808109440798091 ], [ 116.823028090274192, 36.808109440798091 ], [ 116.823207754134614, 36.808019609317569 ], [ 116.823297584715874, 36.807929777837046 ], [ 116.823297584715874, 36.807750114875944 ], [ 116.823207754134614, 36.807660283395421 ], [ 116.82293825879367, 36.807660283395421 ], [ 116.82293825879367, 36.807750114875944 ], [ 116.822578933770842, 36.807839946356466 ], [ 116.822129775468852, 36.807929777837046 ], [ 116.821590785686226, 36.807929777837046 ], [ 116.821590785686226, 36.808199272278671 ], [ 116.822489102290319, 36.808199272278671 ] ] ] } },
{ "type": "Feature", "properties": { "PV_Area": 0.011947450282600001, "Inst_time": 20101113.0, "Inst_year": 2010, "Major_type": "Cropland", "Lat": 36.806961860199998, "Lon": 116.821809507 }, "geometry": { "type": "Polygon", "coordinates": [ [ [ 116.821231459764135, 36.807300956573954 ], [ 116.821231459764135, 36.807211125093374 ], [ 116.82195011160843, 36.807121293612852 ], [ 116.823117921754715, 36.807121293612852 ], [ 116.823207754134614, 36.807031462132329 ], [ 116.823207754134614, 36.806672136210182 ], [ 116.822219606949375, 36.806672136210182 ], [ 116.822219606949375, 36.806761967690704 ], [ 116.820782302361408, 36.806761967690704 ], [ 116.820602640299626, 36.806851799171227 ], [ 116.82051280791984, 36.806941630651806 ], [ 116.82042297733858, 36.807031462132329 ], [ 116.82042297733858, 36.807121293612852 ], [ 116.82051280791984, 36.807211125093374 ], [ 116.820602639400363, 36.807300956573954 ], [ 116.821231459764135, 36.807300956573954 ] ] ] } },
{ "type": "Feature", "properties": { "PV_Area": 0.0015095161348, "Inst_time": 20100828.0, "Inst_year": 2010, "Major_type": "Cropland", "Lat": 40.934570853899999, "Lon": 118.726680199 }, "geometry": { "type": "Polygon", "coordinates": [ [ [ 118.726827670860416, 40.934430866691173 ], [ 118.726378515256329, 40.934430865791853 ], [ 118.726378515256329, 40.934700361132798 ], [ 118.727007334720838, 40.934700361132798 ], [ 118.727007335620101, 40.934520698171752 ], [ 118.726827670860416, 40.934430866691173 ] ] ] } },
{ "type": "Feature", "properties": { "PV_Area": 0.00167249844718, "Inst_time": 20101122.0, "Inst_year": 2010, "Major_type": "Built-up land", "Lat": 37.073067533200003, "Lon": 118.380122888 }, "geometry": { "type": "Polygon", "coordinates": [ [ [ 118.380257636380861, 37.072753122758456 ], [ 118.379988140140654, 37.072753122758456 ], [ 118.379988141039917, 37.073381944021548 ], [ 118.380257636380861, 37.073381944021548 ], [ 118.380257636380861, 37.072753122758456 ] ] ] } },
{ "type": "Feature", "properties": { "PV_Area": 0.0080040752889200002, "Inst_time": 20101122.0, "Inst_year": 2010, "Major_type": "Built-up land", "Lat": 37.072883475700003, "Lon": 118.378878431 }, "geometry": { "type": "Polygon", "coordinates": [ [ [ 118.378999993854677, 37.073202281060503 ], [ 118.378999993854677, 37.073112448680604 ], [ 118.379449152156667, 37.073112448680604 ], [ 118.379628815117826, 37.073022618099401 ], [ 118.379628815117826, 37.072663292177253 ], [ 118.379538983637303, 37.072573459797411 ], [ 118.378999993854677, 37.072573459797411 ], [ 118.378281342010382, 37.072663292177253 ], [ 118.378191511429122, 37.072753122758456 ], [ 118.378101679049337, 37.072842955138299 ], [ 118.378101679049337, 37.073022618099401 ], [ 118.378281342010382, 37.073202281060503 ], [ 118.378999993854677, 37.073202281060503 ] ] ] } },
{ "type": "Feature", "properties": { "PV_Area": 0.0136988298404, "Inst_time": 20101122.0, "Inst_year": 2010, "Major_type": "Built-up land", "Lat": 37.071146775700001, "Lon": 118.379314579 }, "geometry": { "type": "Polygon", "coordinates": [ [ [ 118.379449152156667, 37.071675145891334 ], [ 118.379449151257404, 37.071585314410811 ], [ 118.379808477179495, 37.071585314410811 ], [ 118.379988141039917, 37.071405649651069 ], [ 118.380077973419816, 37.071046323728922 ], [ 118.380077973419816, 37.07086666076782 ], [ 118.379988141939293, 37.070686997806774 ], [ 118.379808478078871, 37.070597167225515 ], [ 118.379179657715099, 37.070597167225515 ], [ 118.378999993854677, 37.070686997806774 ], [ 118.378820330893632, 37.070776830186617 ], [ 118.378730500312372, 37.07086666076782 ], [ 118.378550837351327, 37.071136156108764 ], [ 118.378550837351327, 37.071405649651069 ], [ 118.378550837351327, 37.071585314410811 ], [ 118.378640668831849, 37.071675144992014 ], [ 118.379449152156667, 37.071675145891334 ] ] ] } },
{ "type": "Feature", "properties": { "PV_Area": 0.0044205245002399999, "Inst_time": 20101005.0, "Inst_year": 2010, "Major_type": "Built-up land", "Lat": 37.066647816299998, "Lon": 118.37127367399999 }, "geometry": { "type": "Polygon", "coordinates": [ [ [ 118.37145414589213, 37.067273399747648 ], [ 118.37154397827203, 37.067183569166446 ], [ 118.37154397827203, 37.066914073825501 ], [ 118.371454144992867, 37.066914073825501 ], [ 118.371364315310984, 37.066644579383876 ], [ 118.371364315310984, 37.066195421981206 ], [ 118.37145414589213, 37.066195421981206 ], [ 118.37145414589213, 37.066015759020104 ], [ 118.371364314411608, 37.065925926640261 ], [ 118.371184650551299, 37.065925926640261 ], [ 118.37109481997004, 37.066015759020104 ], [ 118.37109481997004, 37.067183569166446 ], [ 118.371184650551299, 37.067273399747648 ], [ 118.37145414589213, 37.067273399747648 ] ] ] } },
{ "type": "Feature", "properties": { "PV_Area": 0.022560529720499999, "Inst_time": 20100507.0, "Inst_year": 2010, "Major_type": "Cropland", "Lat": 36.444285782900003, "Lon": 119.128094987 }, "geometry": { "type": "Polygon", "coordinates": [ [ [ 119.128644099145959, 36.445100233688891 ], [ 119.128644099145959, 36.445010403107688 ], [ 119.128733930626481, 36.444920570727788 ], [ 119.128823762107004, 36.444920570727788 ], [ 119.128823762107004, 36.443393434659356 ], [ 119.128554268564699, 36.443393434659356 ], [ 119.128554267665436, 36.443483267039198 ], [ 119.128374603805014, 36.443573097620401 ], [ 119.127835614921764, 36.443573097620401 ], [ 119.127835614921764, 36.443483267039198 ], [ 119.12747628899956, 36.443483267039198 ], [ 119.127386458418414, 36.443573097620401 ], [ 119.127386457519037, 36.444291751263336 ], [ 119.127296626038515, 36.444291751263336 ], [ 119.127296626038515, 36.444830740146585 ], [ 119.12747628899956, 36.445010403107688 ], [ 119.128194939944592, 36.445100233688891 ], [ 119.128644099145959, 36.445100233688891 ] ] ] } },
{ "type": "Feature", "properties": { "PV_Area": 0.12801868492599999, "Inst_time": 20100830.0, "Inst_year": 2010, "Major_type": "Woodland", "Lat": 38.046725397800003, "Lon": 113.517100872 }, "geometry": { "type": "MultiPolygon", "coordinates": [ [ [ [ 113.513814943604871, 38.045090356834578 ], [ 113.513814943604871, 38.04616941738476 ], [ 113.514354473879962, 38.0461694641495 ], [ 113.514354473879962, 38.046436973787365 ], [ 113.515968702094028, 38.046436945908397 ], [ 113.515968702094028, 38.046169438069171 ], [ 113.516780263798182, 38.046169429075917 ], [ 113.516780263798182, 38.046436936015823 ], [ 113.517047847180493, 38.046704496015707 ], [ 113.517587374757568, 38.046704522096093 ], [ 113.517854868207678, 38.046437015156187 ], [ 113.517854868207678, 38.045897422827863 ], [ 113.517587374757568, 38.045629842143569 ], [ 113.517047848079756, 38.045357874566321 ], [ 113.517047848079756, 38.044818273244744 ], [ 113.517319793174011, 38.04455073662723 ], [ 113.51812690143538, 38.044550745620484 ], [ 113.518394484817691, 38.044283211700929 ], [ 113.518394484817691, 38.043471661687875 ], [ 113.518126902334757, 38.043471683271605 ], [ 113.51812690143538, 38.042932144902636 ], [ 113.517319792274634, 38.042932129614144 ], [ 113.517319792274634, 38.043204152050009 ], [ 113.517047848079756, 38.043471692264859 ], [ 113.516508229671103, 38.043471673379088 ], [ 113.516508229671103, 38.043743694016314 ], [ 113.515968702094028, 38.043743652647493 ], [ 113.515968702094028, 38.04401124682164 ], [ 113.514894094087254, 38.044011209949417 ], [ 113.514622059960175, 38.044283191016518 ], [ 113.514622059060798, 38.044818299325129 ], [ 113.514082528785707, 38.044818326304778 ], [ 113.514082527886444, 38.045090346042684 ], [ 113.513814943604871, 38.045090356834578 ] ] ], [ [ [ 113.52096701891287, 38.053708301896677 ], [ 113.520957893492096, 38.053557398355281 ], [ 113.520912265488732, 38.053456796593935 ], [ 113.520766254259343, 38.053255591272546 ], [ 113.52062936934999, 38.053111873314378 ], [ 113.520519861602338, 38.052989712105557 ], [ 113.520519861602338, 38.05279569236734 ], [ 113.520519861602338, 38.052594485247369 ], [ 113.520583741346627, 38.052450765490505 ], [ 113.520702374515054, 38.052263930436084 ], [ 113.52074800341768, 38.052098652131122 ], [ 113.520802756841817, 38.051897443212511 ], [ 113.520912265488732, 38.051703419876958 ], [ 113.520894013747807, 38.051559698321455 ], [ 113.520665871932465, 38.051430348831559 ], [ 113.520227840042821, 38.051272255210449 ], [ 113.519899315900716, 38.051186021917431 ], [ 113.519652922344562, 38.051128532755627 ], [ 113.519287895619982, 38.051121347172511 ], [ 113.519096256387229, 38.051121347172511 ], [ 113.518977622319426, 38.051229139013628 ], [ 113.518868114571887, 38.051351302021033 ], [ 113.518758605924972, 38.051495023576535 ], [ 113.518758605924972, 38.051674675745744 ], [ 113.518904617154476, 38.05186869908124 ], [ 113.519160136131404, 38.052005233254988 ], [ 113.519415655108446, 38.052163325976778 ], [ 113.519616419761974, 38.05229986015047 ], [ 113.519652922344562, 38.052407650192947 ], [ 113.519680299506263, 38.052565741116098 ], [ 113.519680299506263, 38.052738204104912 ], [ 113.519652922344562, 38.052867551796112 ], [ 113.519607294341199, 38.052960968873663 ], [ 113.519607294341199, 38.053047199468722 ], [ 113.519607294341199, 38.053126245379985 ], [ 113.519798932674689, 38.05321966155816 ], [ 113.520008823648368, 38.053305893052595 ], [ 113.520163960298646, 38.053420866879549 ], [ 113.520255217204522, 38.053571770420945 ], [ 113.520346473211248, 38.053729859545456 ], [ 113.520382975793723, 38.053794532491736 ], [ 113.520382975793723, 38.053794532491736 ], [ 113.52096701891287, 38.053708301896677 ] ] ] ] } },
{ "type": "Feature", "properties": { "PV_Area": 0.056512161380099998, "Inst_time": 20100412.0, "Inst_year": 2010, "Major_type": "Grassland", "Lat": 37.746256792099999, "Lon": 113.62548598399999 }, "geometry": { "type": "Polygon", "coordinates": [ [ [ 113.623767502168562, 37.745411967588268 ], [ 113.623767503967201, 37.745951523943745 ], [ 113.624039485933622, 37.746219082144989 ], [ 113.624574554671995, 37.746219054266021 ], [ 113.624574555571371, 37.746491090191739 ], [ 113.62430702075244, 37.746491103681535 ], [ 113.62430702075244, 37.747298163379583 ], [ 113.626732804375479, 37.74729817057414 ], [ 113.627000337395771, 37.747030641151241 ], [ 113.627272319362078, 37.746758642097689 ], [ 113.627272319362078, 37.746219100131441 ], [ 113.627000337395771, 37.745951556319312 ], [ 113.626460729778955, 37.74595156261455 ], [ 113.6261931958594, 37.745411954997792 ], [ 113.625925663738485, 37.745139935259829 ], [ 113.624039485933622, 37.745139970333412 ], [ 113.624039486832885, 37.745412009856409 ], [ 113.623767502168562, 37.745411967588268 ] ] ] } },
{ "type": "Feature", "properties": { "PV_Area": 0.068824750217400005, "Inst_time": 20101122.0, "Inst_year": 2010, "Major_type": "Built-up land", "Lat": 34.921656624500002, "Lon": 117.115965739 }, "geometry": { "type": "Polygon", "coordinates": [ [ [ 117.11399061447537, 34.920838977636777 ], [ 117.113990615374632, 34.921646126367705 ], [ 117.115341717246565, 34.921646109280573 ], [ 117.115341717246565, 34.922992731629336 ], [ 117.115609225985054, 34.92326475586384 ], [ 117.116955916682286, 34.923264746870643 ], [ 117.117227911239183, 34.922992773897477 ], [ 117.117227911239183, 34.920571467998911 ], [ 117.116955916682286, 34.920299425777955 ], [ 117.115609225085677, 34.92029948962977 ], [ 117.115609225085677, 34.920571502173118 ], [ 117.114262614428185, 34.92057144911314 ], [ 117.114262614428185, 34.920839018106278 ], [ 117.11399061447537, 34.920838977636777 ] ] ] } },
{ "type": "Feature", "properties": { "PV_Area": 0.0060749523162800002, "Inst_time": 20100530.0, "Inst_year": 2010, "Major_type": "Grassland", "Lat": 23.406535688599998, "Lon": 102.29617395699999 }, "geometry": { "type": "Polygon", "coordinates": [ [ [ 102.296191968084941, 23.406952201083243 ], [ 102.296191968084941, 23.406862368703401 ], [ 102.296461463425828, 23.406862368703401 ], [ 102.29664112638693, 23.406772538122198 ], [ 102.29664112638693, 23.406503042781253 ], [ 102.296281799565463, 23.406233548339628 ], [ 102.296191968084941, 23.406143716859106 ], [ 102.296102136604361, 23.406053885378583 ], [ 102.295922473643316, 23.406053885378583 ], [ 102.295832642162793, 23.406143716859106 ], [ 102.295832642162793, 23.406862368703401 ], [ 102.296012305123838, 23.406952201083243 ], [ 102.296191968084941, 23.406952201083243 ] ] ] } },
{ "type": "Feature", "properties": { "PV_Area": 0.0042021999114999998, "Inst_time": 20100530.0, "Inst_year": 2010, "Major_type": "Grassland", "Lat": 23.4074976992, "Lon": 102.298438733 }, "geometry": { "type": "Polygon", "coordinates": [ [ [ 102.29861741985809, 23.407581021447015 ], [ 102.29861741985809, 23.407131864044345 ], [ 102.298527588377567, 23.407042031664503 ], [ 102.298347925416465, 23.407042031664503 ], [ 102.2981682615561, 23.407221694625548 ], [ 102.2981682615561, 23.407491189966493 ], [ 102.298258093036623, 23.407760684408117 ], [ 102.298437755997725, 23.407940347369163 ], [ 102.298707251338612, 23.407940347369163 ], [ 102.298707251338612, 23.407581021447015 ], [ 102.29861741985809, 23.407581021447015 ] ] ] } },
{ "type": "Feature", "properties": { "PV_Area": 0.0091808713793900005, "Inst_time": 20100530.0, "Inst_year": 2010, "Major_type": "Grassland", "Lat": 23.4077015415, "Lon": 102.29659554 }, "geometry": { "type": "Polygon", "coordinates": [ [ [ 102.29664112638693, 23.408569167732935 ], [ 102.29664112638693, 23.408479337151732 ], [ 102.296730956968133, 23.40838950477189 ], [ 102.296820789348033, 23.40838950477189 ], [ 102.296820789348033, 23.407491189966493 ], [ 102.296910620828555, 23.40740135758665 ], [ 102.297000452309078, 23.40731152700539 ], [ 102.297090283789601, 23.40731152700539 ], [ 102.297090283789601, 23.407131864044345 ], [ 102.297000452309078, 23.407042031664503 ], [ 102.296730956968133, 23.407042031664503 ], [ 102.296461463425828, 23.407131864044345 ], [ 102.296281799565463, 23.407221694625548 ], [ 102.296191968084941, 23.40731152700539 ], [ 102.296191968084941, 23.407581021447015 ], [ 102.296281799565463, 23.407760684408117 ], [ 102.296371631045986, 23.407940347369163 ], [ 102.296371631045986, 23.408479337151732 ], [ 102.296461463425828, 23.408569167732935 ], [ 102.29664112638693, 23.408569167732935 ] ] ] } },
{ "type": "Feature", "properties": { "PV_Area": 0.0531258324238, "Inst_time": 20101222.0, "Inst_year": 2010, "Major_type": "Cropland", "Lat": 24.716911909899999, "Lon": 98.068434121600006 }, "geometry": { "type": "Polygon", "coordinates": [ [ [ 98.069548979002263, 24.718068953019838 ], [ 98.069491872052311, 24.717612097420385 ], [ 98.069453800152814, 24.716698384422955 ], [ 98.069301515252789, 24.715727562676932 ], [ 98.06758830315772, 24.715632384726803 ], [ 98.06728373155903, 24.718011846069885 ], [ 98.067226624609077, 24.718011846069885 ], [ 98.069548979002263, 24.718068953019838 ] ] ] } },
{ "type": "Feature", "properties": { "PV_Area": 0.0074542001172700004, "Inst_time": 20100610.0, "Inst_year": 2010, "Major_type": "Grassland", "Lat": 24.844693654, "Lon": 103.40070890200001 }, "geometry": { "type": "Polygon", "coordinates": [ [ [ 103.401119767763134, 24.845154970725389 ], [ 103.401209599243657, 24.845065139244809 ], [ 103.401209598344337, 24.844436317981717 ], [ 103.401029936282612, 24.844346487400514 ], [ 103.400760441840987, 24.844346487400514 ], [ 103.40031128443826, 24.844436317981717 ], [ 103.399951957616793, 24.844526150361617 ], [ 103.399951957616793, 24.844795643903922 ], [ 103.400490947399362, 24.844795643903922 ], [ 103.400670610360464, 24.844885476283764 ], [ 103.400760441840987, 24.844975306864967 ], [ 103.400760441840987, 24.845154970725389 ], [ 103.401119767763134, 24.845154970725389 ] ] ] } },
{ "type": "Feature", "properties": { "PV_Area": 0.0081317703140999995, "Inst_time": 20100812.0, "Inst_year": 2010, "Major_type": "Grassland", "Lat": 24.846124984799999, "Lon": 103.399835509 }, "geometry": { "type": "Polygon", "coordinates": [ [ [ 103.399682463175168, 24.846682106793821 ], [ 103.399682463175168, 24.846592275313299 ], [ 103.400041789097372, 24.846592275313299 ], [ 103.400221452058418, 24.846412612352253 ], [ 103.400221452058418, 24.846232949391151 ], [ 103.400131620577895, 24.845963454050207 ], [ 103.400221452058418, 24.845783791089161 ], [ 103.400221452058418, 24.845604128128059 ], [ 103.400131620577895, 24.845514296647536 ], [ 103.399772294655747, 24.845514296647536 ], [ 103.399682463175168, 24.845604128128059 ], [ 103.399592631694645, 24.846053286430049 ], [ 103.399502800214123, 24.846143117011309 ], [ 103.3994129687336, 24.846232949391151 ], [ 103.39932313725302, 24.846412612352253 ], [ 103.39932313725302, 24.846502442933456 ], [ 103.3994129687336, 24.846592275313299 ], [ 103.399502800214123, 24.846682106793821 ], [ 103.399682463175168, 24.846682106793821 ] ] ] } },
{ "type": "Feature", "properties": { "PV_Area": 0.0324360332865, "Inst_time": 20100517.0, "Inst_year": 2010, "Major_type": "Grassland", "Lat": 25.198017456199999, "Lon": 105.413610799 }, "geometry": { "type": "Polygon", "coordinates": [ [ [ 105.414334151000332, 25.198462371641199 ], [ 105.414334151000332, 25.198282708680097 ], [ 105.414423984279495, 25.198192877199574 ], [ 105.414962971364105, 25.198192877199574 ], [ 105.414962972263424, 25.198282708680097 ], [ 105.41514263522447, 25.198282708680097 ], [ 105.415232466705049, 25.198192877199574 ], [ 105.41523246580573, 25.198013214238472 ], [ 105.41514263432515, 25.197923382757949 ], [ 105.414783308403003, 25.197923382757949 ], [ 105.414513814860754, 25.197833551277427 ], [ 105.414334151000332, 25.197743719796904 ], [ 105.41415448803923, 25.197564055936482 ], [ 105.413974825078185, 25.197474225355279 ], [ 105.41370532973724, 25.19738439297538 ], [ 105.413166340853991, 25.19738439297538 ], [ 105.412896847311742, 25.197294562394177 ], [ 105.412717182552001, 25.197204730014334 ], [ 105.412537519590899, 25.197025067053232 ], [ 105.412357856629853, 25.19693523557271 ], [ 105.412178193668751, 25.196845404092187 ], [ 105.411998530707706, 25.196755572611664 ], [ 105.411818867746604, 25.196755572611664 ], [ 105.411729037165401, 25.196845404092187 ], [ 105.411729037165401, 25.197025067053232 ], [ 105.411818867746604, 25.197114899433132 ], [ 105.411908700126446, 25.197204730014334 ], [ 105.412088363087548, 25.197294562394177 ], [ 105.412447688110376, 25.197564055936482 ], [ 105.412537518691579, 25.197653888316324 ], [ 105.412627351970798, 25.197833551277427 ], [ 105.412896847311742, 25.198282708680097 ], [ 105.413076510272788, 25.198372540160676 ], [ 105.41325617323389, 25.198462371641199 ], [ 105.413435836194935, 25.198552203121722 ], [ 105.413615499156037, 25.198642033702924 ], [ 105.413795162117083, 25.198731866082824 ], [ 105.413974825078185, 25.198821697563346 ], [ 105.41415448803923, 25.198911529043869 ], [ 105.41424431862049, 25.199091192004971 ], [ 105.414334151000332, 25.199181024384814 ], [ 105.414423983380175, 25.199270855865336 ], [ 105.41469347692248, 25.199270855865336 ], [ 105.414873139883582, 25.199360687345916 ], [ 105.415052802844627, 25.199450518826438 ], [ 105.41514263522447, 25.199540350306961 ], [ 105.41514263522447, 25.199630181787484 ], [ 105.41523246580573, 25.199630181787484 ], [ 105.41523246580573, 25.199450518826438 ], [ 105.41514263522447, 25.199360687345916 ], [ 105.414873139883582, 25.199091192004971 ], [ 105.414783310201642, 25.199001361423768 ], [ 105.414603646341277, 25.198731866082824 ], [ 105.414513813961378, 25.198552203121722 ], [ 105.414423983380175, 25.198462371641199 ], [ 105.414334151000332, 25.198462371641199 ] ], [ [ 105.413795162117083, 25.198192877199574 ], [ 105.413795162117083, 25.198013214238472 ], [ 105.41415448803923, 25.198013214238472 ], [ 105.41415448803923, 25.198282708680097 ], [ 105.413884992698343, 25.198282708680097 ], [ 105.413795162117083, 25.198192877199574 ] ], [ [ 105.413076510272788, 25.197923382757949 ], [ 105.413076510272788, 25.197743719796904 ], [ 105.413435836194935, 25.197743719796904 ], [ 105.413525666776138, 25.197833551277427 ], [ 105.413525666776138, 25.198013214238472 ], [ 105.41325617323389, 25.198013214238472 ], [ 105.413076510272788, 25.197923382757949 ] ] ] } },
{ "type": "Feature", "properties": { "PV_Area": 0.0012608480533399999, "Inst_time": 20100523.0, "Inst_year": 2010, "Major_type": "Grassland", "Lat": 25.252271457300001, "Lon": 105.400679759 }, "geometry": { "type": "Polygon", "coordinates": [ [ [ 105.400769589345146, 25.252451120223043 ], [ 105.400859421724988, 25.25236128874252 ], [ 105.400859421724988, 25.252181625781475 ], [ 105.400769589345146, 25.252091794300895 ], [ 105.400589928182683, 25.252091794300895 ], [ 105.40050009580284, 25.252181625781475 ], [ 105.40050009580284, 25.25236128874252 ], [ 105.400589927283363, 25.252451120223043 ], [ 105.400769589345146, 25.252451120223043 ] ] ] } },
{ "type": "Feature", "properties": { "PV_Area": 0.00063040942097300002, "Inst_time": 20100523.0, "Inst_year": 2010, "Major_type": "Grassland", "Lat": 25.255370645100001, "Lon": 105.41177395299999 }, "geometry": { "type": "Polygon", "coordinates": [ [ [ 105.411818867746604, 25.255505392360021 ], [ 105.411908700126446, 25.255415560879499 ], [ 105.411908700126446, 25.255325729398919 ], [ 105.411818867746604, 25.255235897918396 ], [ 105.411729037165401, 25.255235897918396 ], [ 105.411639204785558, 25.255325729398919 ], [ 105.411639204785558, 25.255415560879499 ], [ 105.41172903806472, 25.255505392360021 ], [ 105.411818867746604, 25.255505392360021 ] ] ] } },
{ "type": "Feature", "properties": { "PV_Area": 0.0103567759549, "Inst_time": 20100523.0, "Inst_year": 2010, "Major_type": "Grassland", "Lat": 25.254775673800001, "Lon": 105.412995401 }, "geometry": { "type": "Polygon", "coordinates": [ [ [ 105.412447688110376, 25.255774886801646 ], [ 105.412447689009696, 25.255685055321123 ], [ 105.412717182552001, 25.255325729398919 ], [ 105.412807014931843, 25.255146066437874 ], [ 105.412986677892945, 25.254966402577452 ], [ 105.413166340853991, 25.254876571996249 ], [ 105.413525666776138, 25.254786739616407 ], [ 105.413615499156037, 25.254696909035147 ], [ 105.41370532973724, 25.254517246074101 ], [ 105.41370532973724, 25.254247750733157 ], [ 105.413615499156037, 25.254157919252634 ], [ 105.413525666776138, 25.254068087772112 ], [ 105.41325617323389, 25.254068087772112 ], [ 105.413166340853991, 25.254157919252634 ], [ 105.413076510272788, 25.254247750733157 ], [ 105.412896847311742, 25.254517246074101 ], [ 105.412807015831163, 25.254607076655304 ], [ 105.412627351970798, 25.254607076655304 ], [ 105.412537519590899, 25.254696909035147 ], [ 105.412537519590899, 25.254966402577452 ], [ 105.412357856629853, 25.255235897918396 ], [ 105.41226802604865, 25.255415560879499 ], [ 105.41226802694797, 25.255685055321123 ], [ 105.412357856629853, 25.255774886801646 ], [ 105.412447688110376, 25.255774886801646 ] ] ] } },
{ "type": "Feature", "properties": { "PV_Area": 0.0056286185247200003, "Inst_time": 20100523.0, "Inst_year": 2010, "Major_type": "Grassland", "Lat": 25.256229793599999, "Lon": 105.40214844499999 }, "geometry": { "type": "Polygon", "coordinates": [ [ [ 105.402296726312954, 25.256673201607043 ], [ 105.402296726312954, 25.256583371025783 ], [ 105.402386557793477, 25.256493538645941 ], [ 105.402476390173319, 25.256493538645941 ], [ 105.402476389274, 25.255864718282169 ], [ 105.402386557793477, 25.255774886801646 ], [ 105.402296726312954, 25.255774886801646 ], [ 105.40202723187133, 25.255864718282169 ], [ 105.40193740039075, 25.255954549762691 ], [ 105.401847568910227, 25.256044381243271 ], [ 105.401757737429705, 25.256134212723794 ], [ 105.401757737429705, 25.256403708064738 ], [ 105.40193740039075, 25.256583371025783 ], [ 105.40202723187133, 25.256673201607043 ], [ 105.402296726312954, 25.256673201607043 ] ] ] } },
{ "type": "Feature", "properties": { "PV_Area": 0.075108935477799996, "Inst_time": 20100523.0, "Inst_year": 2010, "Major_type": "Grassland", "Lat": 25.255187247799999, "Lon": 105.398881836 }, "geometry": { "type": "Polygon", "coordinates": [ [ [ 105.399781443059226, 25.25703252842851 ], [ 105.399961106020271, 25.256942696947931 ], [ 105.40005093840017, 25.256852864568089 ], [ 105.40005093840017, 25.256673201607043 ], [ 105.40005093840017, 25.256583371025783 ], [ 105.399871275439068, 25.255954549762691 ], [ 105.399781443059226, 25.255685055321123 ], [ 105.399691611578646, 25.255505392360021 ], [ 105.399601780098124, 25.255415560879499 ], [ 105.399511948617601, 25.255325729398919 ], [ 105.399422117137078, 25.255235897918396 ], [ 105.398972959734351, 25.255235897918396 ], [ 105.398972959734351, 25.254966402577452 ], [ 105.399242454175976, 25.254786739616407 ], [ 105.399511948617601, 25.254607076655304 ], [ 105.399601780098124, 25.254517246074101 ], [ 105.399781443059226, 25.25433758221368 ], [ 105.40005093840017, 25.253259604447237 ], [ 105.40005093840017, 25.252990110005612 ], [ 105.399781443059226, 25.25290027762577 ], [ 105.399511948617601, 25.252810446145247 ], [ 105.399332285656499, 25.252810446145247 ], [ 105.399152621796134, 25.25290027762577 ], [ 105.399062791214931, 25.252990110005612 ], [ 105.398972958835031, 25.253169772966714 ], [ 105.398883128253829, 25.253708761849907 ], [ 105.398523802331681, 25.254157919252634 ], [ 105.398344139370579, 25.254157919252634 ], [ 105.398164476409534, 25.254247750733157 ], [ 105.398074644029634, 25.25433758221368 ], [ 105.397625486626964, 25.254786739616407 ], [ 105.397535654247122, 25.255235897918396 ], [ 105.397445823665862, 25.255595223840544 ], [ 105.397445823665862, 25.256134212723794 ], [ 105.397535655146442, 25.256224045103636 ], [ 105.397625486626964, 25.256313875684839 ], [ 105.397984813448431, 25.256313875684839 ], [ 105.398164476409534, 25.256403708064738 ], [ 105.398254306990736, 25.256493538645941 ], [ 105.398344139370579, 25.256583371025783 ], [ 105.398433969951839, 25.256673201607043 ], [ 105.398523802331681, 25.256763033986886 ], [ 105.398613633812204, 25.256942696947931 ], [ 105.398793296773306, 25.25703252842851 ], [ 105.399781443059226, 25.25703252842851 ] ] ] } },
{ "type": "Feature", "properties": { "PV_Area": 0.0048134944928500002, "Inst_time": 20100523.0, "Inst_year": 2010, "Major_type": "Woodland", "Lat": 25.374635991400002, "Lon": 105.522403439 }, "geometry": { "type": "Polygon", "coordinates": [ [ [ 105.522581142605702, 25.375071156808474 ], [ 105.522760805566804, 25.374981325327951 ], [ 105.522760805566804, 25.374621999405804 ], [ 105.522670974086225, 25.374532167025961 ], [ 105.522491311125179, 25.374352504064859 ], [ 105.522401479644657, 25.374262672584337 ], [ 105.522311648164077, 25.374172841103757 ], [ 105.522221816683555, 25.374172841103757 ], [ 105.522131985203032, 25.374262672584337 ], [ 105.522042153722452, 25.374352504064859 ], [ 105.522042153722452, 25.374711830886326 ], [ 105.522131985203032, 25.374711830886326 ], [ 105.522221816683555, 25.374801662366849 ], [ 105.522311648164077, 25.374891493847429 ], [ 105.522311648164077, 25.374981325327951 ], [ 105.522491311125179, 25.375071156808474 ], [ 105.522581142605702, 25.375071156808474 ] ] ] } },
{ "type": "Feature", "properties": { "PV_Area": 0.0011680686135, "Inst_time": 20101006.0, "Inst_year": 2010, "Major_type": "Grassland", "Lat": 25.539366112100002, "Lon": 104.992556698 }, "geometry": { "type": "Polygon", "coordinates": [ [ [ 104.992575125042038, 25.539552684908529 ], [ 104.99266495742188, 25.539462854327326 ], [ 104.99275478800314, 25.539373021947483 ], [ 104.99275478800314, 25.539283191366223 ], [ 104.99266495652256, 25.539193358986381 ], [ 104.992485293561515, 25.539193358986381 ], [ 104.992395462080992, 25.539283191366223 ], [ 104.992395462080992, 25.539552684908529 ], [ 104.992575125042038, 25.539552684908529 ] ] ] } },
{ "type": "Feature", "properties": { "PV_Area": 0.0027404708935599999, "Inst_time": 20101006.0, "Inst_year": 2010, "Major_type": "Grassland", "Lat": 25.539477580500002, "Lon": 104.995550365 }, "geometry": { "type": "Polygon", "coordinates": [ [ [ 104.995719228659539, 25.539822180249473 ], [ 104.995719228659539, 25.539462854327326 ], [ 104.995809060140061, 25.539462854327326 ], [ 104.995809060140061, 25.539283191366223 ], [ 104.995719228659539, 25.539193358986381 ], [ 104.995449734217914, 25.539193358986381 ], [ 104.995359901838071, 25.539283191366223 ], [ 104.995270071256869, 25.539373021947483 ], [ 104.995270071256869, 25.539462854327326 ], [ 104.995359901838071, 25.539642517288371 ], [ 104.995539565698436, 25.539822180249473 ], [ 104.995719228659539, 25.539822180249473 ] ] ] } },
{ "type": "Feature", "properties": { "PV_Area": 0.00035940358668399999, "Inst_time": 20101006.0, "Inst_year": 2010, "Major_type": "Grassland", "Lat": 25.540001842300001, "Lon": 104.99428192400001 }, "geometry": { "type": "Polygon", "coordinates": [ [ [ 104.994371755552152, 25.539912010830676 ], [ 104.994192092591049, 25.539912010830676 ], [ 104.994192092591049, 25.540091673791778 ], [ 104.994371755552152, 25.540091673791778 ], [ 104.994371755552152, 25.539912010830676 ] ] ] } },
{ "type": "Feature", "properties": { "PV_Area": 0.00035940068948400001, "Inst_time": 20101006.0, "Inst_year": 2010, "Major_type": "Grassland", "Lat": 25.540989989500002, "Lon": 104.99230563099999 }, "geometry": { "type": "Polygon", "coordinates": [ [ [ 104.992395462080992, 25.540900158015916 ], [ 104.99221579911989, 25.540900158015916 ], [ 104.99221579911989, 25.541079820977018 ], [ 104.992395462080992, 25.541079820977018 ], [ 104.992395462080992, 25.540900158015916 ] ] ] } },
{ "type": "Feature", "properties": { "PV_Area": 0.00125789184471, "Inst_time": 20101006.0, "Inst_year": 2010, "Major_type": "Grassland", "Lat": 25.541888305000001, "Lon": 104.99311411399999 }, "geometry": { "type": "Polygon", "coordinates": [ [ [ 104.99320394630513, 25.542067968162257 ], [ 104.993293775987013, 25.541978135782415 ], [ 104.993293776886333, 25.541798472821313 ], [ 104.99320394630513, 25.54170864224011 ], [ 104.993024283344084, 25.54170864224011 ], [ 104.992934450964185, 25.541798472821313 ], [ 104.992934450964185, 25.541978135782415 ], [ 104.993024283344084, 25.542067968162257 ], [ 104.99320394630513, 25.542067968162257 ] ] ] } },
{ "type": "Feature", "properties": { "PV_Area": 0.0061096475522199999, "Inst_time": 20101006.0, "Inst_year": 2010, "Major_type": "Grassland", "Lat": 25.544454888699999, "Lon": 104.991231615 }, "geometry": { "type": "Polygon", "coordinates": [ [ [ 104.991497147275595, 25.544942577338134 ], [ 104.991586977856798, 25.544762914377031 ], [ 104.991586977856798, 25.544403587555564 ], [ 104.991497147275595, 25.544223924594519 ], [ 104.991317484314493, 25.544044261633417 ], [ 104.991227651934651, 25.543954430152894 ], [ 104.991047988973548, 25.543954430152894 ], [ 104.990868326012503, 25.544134093113939 ], [ 104.990868326012503, 25.544493419036087 ], [ 104.990958158392345, 25.544673081997189 ], [ 104.991047988973548, 25.544762914377031 ], [ 104.991227651934651, 25.544942577338134 ], [ 104.991497147275595, 25.544942577338134 ] ] ] } },
{ "type": "Feature", "properties": { "PV_Area": 0.0124239132887, "Inst_time": 20101010.0, "Inst_year": 2010, "Major_type": "Grassland", "Lat": 25.7405295967, "Lon": 105.539219217 }, "geometry": { "type": "Polygon", "coordinates": [ [ [ 105.539020311638126, 25.741224465736536 ], [ 105.539020311638126, 25.741134635155333 ], [ 105.539379639358913, 25.741134635155333 ], [ 105.539469469940173, 25.741044802775491 ], [ 105.539469469940173, 25.740685476853344 ], [ 105.539649132901218, 25.740505813892241 ], [ 105.539918628242162, 25.740505813892241 ], [ 105.540098291203265, 25.740326150931196 ], [ 105.540098291203265, 25.740236320349936 ], [ 105.540008458823365, 25.740146487970094 ], [ 105.539918628242162, 25.740056657388891 ], [ 105.539020311638126, 25.740056657388891 ], [ 105.538571155134775, 25.740236320349936 ], [ 105.538481322754876, 25.740326150931196 ], [ 105.538481322754876, 25.740505813892241 ], [ 105.538571155134775, 25.740595646272084 ], [ 105.538930481056923, 25.740595646272084 ], [ 105.538930481056923, 25.740865139814389 ], [ 105.538750818095821, 25.740865139814389 ], [ 105.538660985715978, 25.740954972194288 ], [ 105.538660985715978, 25.741134635155333 ], [ 105.538750818095821, 25.741224465736536 ], [ 105.539020311638126, 25.741224465736536 ] ] ] } },
{ "type": "Feature", "properties": { "PV_Area": 0.0012558411848500001, "Inst_time": 20101006.0, "Inst_year": 2010, "Major_type": "Grassland", "Lat": 25.741583793, "Lon": 105.539289807 }, "geometry": { "type": "Polygon", "coordinates": [ [ [ 105.539379639358913, 25.741763456418425 ], [ 105.539469469940173, 25.741673624038583 ], [ 105.539469469940173, 25.741493961077481 ], [ 105.539379639358913, 25.741404129596958 ], [ 105.539199974599228, 25.741404129596958 ], [ 105.539110144017968, 25.741493961077481 ], [ 105.539110144017968, 25.741673624038583 ], [ 105.539199973699908, 25.741763456418425 ], [ 105.539379639358913, 25.741763456418425 ] ] ] } },
{ "type": "Feature", "properties": { "PV_Area": 0.00053664074969700002, "Inst_time": 20100728.0, "Inst_year": 2010, "Major_type": "Woodland", "Lat": 26.0951157726, "Lon": 101.73788902 }, "geometry": { "type": "Polygon", "coordinates": [ [ [ 101.737978851243042, 26.094981024954393 ], [ 101.737799188281997, 26.094981024954393 ], [ 101.737799188281997, 26.095250520295338 ], [ 101.737978851243042, 26.095250520295338 ], [ 101.737978851243042, 26.094981024954393 ] ] ] } },
{ "type": "Feature", "properties": { "PV_Area": 0.149044918272, "Inst_time": 20100418.0, "Inst_year": 2010, "Major_type": "Woodland", "Lat": 26.805767658899999, "Lon": 104.733827269 }, "geometry": { "type": "Polygon", "coordinates": [ [ [ 104.732222074389256, 26.806105926847124 ], [ 104.733029107107654, 26.806030076227103 ], [ 104.733029107107654, 26.807376794803304 ], [ 104.733296666208219, 26.807648766877151 ], [ 104.734103794254736, 26.807648781266266 ], [ 104.734103794254736, 26.80710923570274 ], [ 104.734643364999329, 26.807109203327116 ], [ 104.734915376643357, 26.806841681098774 ], [ 104.734915376643357, 26.806569668555426 ], [ 104.736262001690079, 26.806569645173056 ], [ 104.736529566186618, 26.806302065388081 ], [ 104.736529566186618, 26.805762519824498 ], [ 104.736262001690079, 26.805762568387877 ], [ 104.736262001690079, 26.804955488005419 ], [ 104.736529565287242, 26.804683427798011 ], [ 104.736801581427926, 26.804683435891889 ], [ 104.736801581427926, 26.804143889428985 ], [ 104.735454861952405, 26.80414391820733 ], [ 104.735182850308377, 26.804415920858105 ], [ 104.735182850308377, 26.804955470018967 ], [ 104.734643364999329, 26.804955491602698 ], [ 104.734643364999329, 26.803876389683694 ], [ 104.733564225308839, 26.803876352811471 ], [ 104.733296666208219, 26.804143929898487 ], [ 104.732801691944587, 26.804861829010235 ], [ 104.732021361896386, 26.804906392216253 ], [ 104.731744904903508, 26.805000034124305 ], [ 104.731160751167806, 26.80576697956252 ], [ 104.73068367521148, 26.806721266373415 ], [ 104.731481799245671, 26.80690406527043 ], [ 104.731205344950752, 26.807474809215137 ], [ 104.731896572868607, 26.808072325077774 ], [ 104.732159591292145, 26.807720122685566 ], [ 104.732222074389256, 26.806105926847124 ] ] ] } },
{ "type": "Feature", "properties": { "PV_Area": 0.0061705018584200001, "Inst_time": 20100516.0, "Inst_year": 2010, "Major_type": "Cropland", "Lat": 36.591816119800001, "Lon": 106.095748293 }, "geometry": { "type": "Polygon", "coordinates": [ [ [ 106.095706294210174, 36.59242394091217 ], [ 106.095796125690697, 36.592244277951124 ], [ 106.095975789551119, 36.592154445571282 ], [ 106.096065621031642, 36.59197478261018 ], [ 106.096065620132322, 36.591256130765885 ], [ 106.095975788651799, 36.591166300184682 ], [ 106.095796125690697, 36.591166300184682 ], [ 106.095706293310855, 36.591256130765885 ], [ 106.095616461830332, 36.59143579372693 ], [ 106.09543679886923, 36.591884952028977 ], [ 106.095346968288027, 36.592064614990022 ], [ 106.095346968288027, 36.592244277951124 ], [ 106.09543679886923, 36.592334109431647 ], [ 106.095526630349752, 36.59242394091217 ], [ 106.095706294210174, 36.59242394091217 ] ] ] } },
{ "type": "Feature", "properties": { "PV_Area": 0.0278072118784, "Inst_time": 20100516.0, "Inst_year": 2010, "Major_type": "Grassland", "Lat": 36.592053828099999, "Lon": 106.09805451299999 }, "geometry": { "type": "Polygon", "coordinates": [ [ [ 106.099479218191448, 36.593052762175262 ], [ 106.099569048772651, 36.592962929795419 ], [ 106.09956904967197, 36.592603603873272 ], [ 106.099479218191448, 36.592513772392749 ], [ 106.099389386710868, 36.59242394091217 ], [ 106.0991198922693, 36.591884952028977 ], [ 106.098940229308198, 36.591795119649078 ], [ 106.098491070106888, 36.591795119649078 ], [ 106.098311408944426, 36.591884952028977 ], [ 106.098221576564583, 36.59197478261018 ], [ 106.098221576564583, 36.592064614990022 ], [ 106.097772419161856, 36.592064614990022 ], [ 106.097682587681334, 36.591884952028977 ], [ 106.097682587681334, 36.591345963145727 ], [ 106.097592756200811, 36.591076467804783 ], [ 106.097502924720288, 36.590896804843737 ], [ 106.097323261759186, 36.590806973363158 ], [ 106.097143597898764, 36.590806973363158 ], [ 106.096874104356516, 36.591076467804783 ], [ 106.096784272875936, 36.591166300184682 ], [ 106.096604609015571, 36.591615456688032 ], [ 106.096604609015571, 36.59197478261018 ], [ 106.096694442294734, 36.592064614990022 ], [ 106.097233430278663, 36.592064614990022 ], [ 106.097413093239709, 36.592154445571282 ], [ 106.097502924720288, 36.592244277951124 ], [ 106.097502924720288, 36.59242394091217 ], [ 106.097682587681334, 36.592513772392749 ], [ 106.098041914502801, 36.592513772392749 ], [ 106.098221576564583, 36.592603603873272 ], [ 106.098311408045106, 36.592783266834374 ], [ 106.098401240424948, 36.592873099214216 ], [ 106.09858090428537, 36.592962929795419 ], [ 106.098940229308198, 36.592962929795419 ], [ 106.098940229308198, 36.593052762175262 ], [ 106.099479218191448, 36.593052762175262 ] ] ] } },
{ "type": "Feature", "properties": { "PV_Area": 0.014784553418299999, "Inst_time": 20100520.0, "Inst_year": 2010, "Major_type": "Cropland", "Lat": 36.594996352499997, "Lon": 106.103438298 }, "geometry": { "type": "Polygon", "coordinates": [ [ [ 106.104419952319006, 36.595747708390093 ], [ 106.104509782900209, 36.595568043630351 ], [ 106.104240290257223, 36.595298550088046 ], [ 106.103970794916336, 36.594939224165898 ], [ 106.103880963435756, 36.594849391786056 ], [ 106.103791131955234, 36.594759561204853 ], [ 106.103431805133766, 36.594759561204853 ], [ 106.103252142172664, 36.594579898243751 ], [ 106.103252142172664, 36.594220572321603 ], [ 106.103162310692142, 36.594130739941761 ], [ 106.103072479211619, 36.594040907561862 ], [ 106.102802984769994, 36.594040907561862 ], [ 106.102713152390152, 36.594130739941761 ], [ 106.102623321808892, 36.594220572321603 ], [ 106.102623321808892, 36.594490065863909 ], [ 106.102802984769994, 36.594939224165898 ], [ 106.102892816250517, 36.595208717708203 ], [ 106.102982648630416, 36.595298550088046 ], [ 106.103072479211619, 36.595388380669306 ], [ 106.103341973653244, 36.595388380669306 ], [ 106.103521636614289, 36.595478213049148 ], [ 106.103611468094812, 36.595568043630351 ], [ 106.103611468094812, 36.595657876010193 ], [ 106.103791132854553, 36.595747708390093 ], [ 106.104419952319006, 36.595747708390093 ] ] ] } },
{ "type": "Feature", "properties": { "PV_Area": 0.0014824239403, "Inst_time": 20100603.0, "Inst_year": 2010, "Major_type": "Grassland", "Lat": 36.597001302599999, "Lon": 106.104020971 }, "geometry": { "type": "Polygon", "coordinates": [ [ [ 106.104150456978061, 36.597185012078683 ], [ 106.104240290257223, 36.59709517969884 ], [ 106.104240289357904, 36.596825686156535 ], [ 106.103880963435756, 36.596825686156535 ], [ 106.103791131955234, 36.596915516737738 ], [ 106.103791131055914, 36.59709517969884 ], [ 106.103880963435756, 36.597185012078683 ], [ 106.104150456978061, 36.597185012078683 ] ] ] } },
{ "type": "Feature", "properties": { "PV_Area": 0.0016025826927499999, "Inst_time": 20100404.0, "Inst_year": 2010, "Major_type": "Cropland", "Lat": 36.598577400300002, "Lon": 106.09622357400001 }, "geometry": { "type": "Polygon", "coordinates": [ [ [ 106.096335114573947, 36.598801978728375 ], [ 106.09642494515515, 36.598712148147172 ], [ 106.096424946054469, 36.598442652806227 ], [ 106.096335115473266, 36.598352822225024 ], [ 106.096155451612844, 36.598352822225024 ], [ 106.096065620132322, 36.598442652806227 ], [ 106.095975788651799, 36.59853248518607 ], [ 106.095975788651799, 36.598622315767329 ], [ 106.096065621031642, 36.598712148147172 ], [ 106.096155451612844, 36.598801978728375 ], [ 106.096335114573947, 36.598801978728375 ] ] ] } },
{ "type": "Feature", "properties": { "PV_Area": 0.00112180551816, "Inst_time": 20100404.0, "Inst_year": 2010, "Major_type": "Cropland", "Lat": 36.598891811100003, "Lon": 106.09489781000001 }, "geometry": { "type": "Polygon", "coordinates": [ [ [ 106.094987642365879, 36.599071474069319 ], [ 106.095077472947082, 36.598981642588797 ], [ 106.095077472947082, 36.598801978728375 ], [ 106.094987642365879, 36.598712148147172 ], [ 106.094807979404777, 36.598712148147172 ], [ 106.094718147924254, 36.598801978728375 ], [ 106.094718147024935, 36.598981642588797 ], [ 106.094807979404777, 36.599071474069319 ], [ 106.094987642365879, 36.599071474069319 ] ] ] } },
{ "type": "Feature", "properties": { "PV_Area": 0.0182692340015, "Inst_time": 20100404.0, "Inst_year": 2010, "Major_type": "Cropland", "Lat": 36.599709290900002, "Lon": 106.094479253 }, "geometry": { "type": "Polygon", "coordinates": [ [ [ 106.095077472947082, 36.600059621254559 ], [ 106.095077472947082, 36.599790125913614 ], [ 106.095346968288027, 36.599790125913614 ], [ 106.095616461830332, 36.599700295332411 ], [ 106.095796125690697, 36.599520632371366 ], [ 106.095796125690697, 36.599251137030421 ], [ 106.095616461830332, 36.599071474069319 ], [ 106.095436799768549, 36.599071474069319 ], [ 106.095346968288027, 36.599251137030421 ], [ 106.095257135908128, 36.599340969410264 ], [ 106.095077472947082, 36.599430799991467 ], [ 106.094089326661162, 36.599430799991467 ], [ 106.093909662800741, 36.599340969410264 ], [ 106.093909662800741, 36.599251137030421 ], [ 106.093280843336288, 36.599251137030421 ], [ 106.093191010057126, 36.599340969410264 ], [ 106.093191010956446, 36.599610462952569 ], [ 106.093550336878593, 36.599969788874716 ], [ 106.093819833118857, 36.600059621254559 ], [ 106.094358821102787, 36.600239284215661 ], [ 106.094538484063833, 36.600329114796864 ], [ 106.095167305326925, 36.600329114796864 ], [ 106.095167305326925, 36.600059621254559 ], [ 106.095077472947082, 36.600059621254559 ] ] ] } },
{ "type": "Feature", "properties": { "PV_Area": 0.229440967887, "Inst_time": 20100615.0, "Inst_year": 2010, "Major_type": "Grassland", "Lat": 37.486709330899998, "Lon": 106.53509947800001 }, "geometry": { "type": "Polygon", "coordinates": [ [ [ 106.534533309564665, 37.489571414589136 ], [ 106.534533309564665, 37.489481584007933 ], [ 106.535341793788803, 37.489481584007933 ], [ 106.535341793788803, 37.489391751628091 ], [ 106.536329940974042, 37.489391751628091 ], [ 106.536419770655925, 37.489301921046888 ], [ 106.536868929857292, 37.489212088666989 ], [ 106.537138425198236, 37.489212088666989 ], [ 106.537407919639861, 37.48894259512474 ], [ 106.537407918740541, 37.484540849880375 ], [ 106.537318088159282, 37.484361186919273 ], [ 106.537228256678759, 37.48427135543875 ], [ 106.537048592818337, 37.484181523958227 ], [ 106.536509603935144, 37.484181523958227 ], [ 106.53624010769488, 37.484181523958227 ], [ 106.535880781772732, 37.484181523958227 ], [ 106.535880783571372, 37.48427135543875 ], [ 106.532646847574028, 37.48427135543875 ], [ 106.532467184612926, 37.484451018399852 ], [ 106.532377354031723, 37.48472051284142 ], [ 106.532377354031723, 37.485349333205193 ], [ 106.532467184612926, 37.485528996166295 ], [ 106.532646847574028, 37.485708659127397 ], [ 106.532736679953871, 37.485888322987762 ], [ 106.532826511434394, 37.486067985948864 ], [ 106.532826511434394, 37.487235795195829 ], [ 106.532916343814293, 37.487235795195829 ], [ 106.532916342015653, 37.488583268303216 ], [ 106.533096005876018, 37.488762931264318 ], [ 106.533634994759268, 37.488762931264318 ], [ 106.53372482803843, 37.488852762744841 ], [ 106.533814657720313, 37.48894259512474 ], [ 106.533814657720313, 37.489391751628091 ], [ 106.533994320681416, 37.489571414589136 ], [ 106.534533309564665, 37.489571414589136 ] ] ] } },
{ "type": "Feature", "properties": { "PV_Area": 0.065734603831499996, "Inst_time": 20100605.0, "Inst_year": 2010, "Major_type": "Grassland", "Lat": 37.501036046800003, "Lon": 106.591893231 }, "geometry": { "type": "Polygon", "coordinates": [ [ [ 106.593372960793545, 37.503764796608152 ], [ 106.593462793173444, 37.503674965127573 ], [ 106.593552624653967, 37.50358513364705 ], [ 106.593552622855327, 37.503405470685948 ], [ 106.593462793173444, 37.50313597624438 ], [ 106.593193297832499, 37.50259698736113 ], [ 106.593103467251296, 37.501968166098038 ], [ 106.592833971910352, 37.501698671656413 ], [ 106.592564477468727, 37.501698671656413 ], [ 106.592384814507625, 37.501608840175891 ], [ 106.592384815406945, 37.501339344834946 ], [ 106.592474646887524, 37.501249514253743 ], [ 106.592564478368047, 37.501249514253743 ], [ 106.592564478368047, 37.500890188331596 ], [ 106.592384815406945, 37.500710525370494 ], [ 106.592294983027102, 37.500261367068504 ], [ 106.592205152445899, 37.500081704107401 ], [ 106.592115320066057, 37.499991872626879 ], [ 106.592025487686158, 37.499991872626879 ], [ 106.591935657104955, 37.499902041146356 ], [ 106.591845825624432, 37.499722378185254 ], [ 106.591755994143853, 37.499542715224209 ], [ 106.591576331182807, 37.499093556922162 ], [ 106.591127172880761, 37.498285072698025 ], [ 106.590857679338512, 37.49792574677582 ], [ 106.59022885807542, 37.49792574677582 ], [ 106.59022885897474, 37.498195242116765 ], [ 106.590228857176101, 37.498374905077867 ], [ 106.590318688656623, 37.498554568038912 ], [ 106.590408521036466, 37.498734231000014 ], [ 106.590588183997568, 37.498913893961117 ], [ 106.59067801637741, 37.499003726340959 ], [ 106.59067801637741, 37.499452882844309 ], [ 106.59067801637741, 37.499902041146356 ], [ 106.590767846958613, 37.500081704107401 ], [ 106.590857680237832, 37.500261367068504 ], [ 106.591037343198877, 37.500441030029549 ], [ 106.591127172880761, 37.500530862409448 ], [ 106.59121700526066, 37.500710525370494 ], [ 106.59121700615998, 37.500980018912799 ], [ 106.591306836741182, 37.501159681873844 ], [ 106.591396667322385, 37.501249514253743 ], [ 106.591576331182807, 37.501339344834946 ], [ 106.59166616176401, 37.501608840175891 ], [ 106.59166616176401, 37.501968166098038 ], [ 106.591755994143853, 37.50214782905914 ], [ 106.591845825624432, 37.502237661438983 ], [ 106.591935657104955, 37.502237661438983 ], [ 106.592025486786838, 37.502417324400028 ], [ 106.592025487686158, 37.503405470685948 ], [ 106.592115320965377, 37.503405470685948 ], [ 106.592205152445899, 37.50358513364705 ], [ 106.592294983027102, 37.503674965127573 ], [ 106.592833971910352, 37.503764796608152 ], [ 106.593372960793545, 37.503764796608152 ] ] ] } },
{ "type": "Feature", "properties": { "PV_Area": 0.00676022933172, "Inst_time": 20100522.0, "Inst_year": 2010, "Major_type": "Unused land", "Lat": 37.626729625099998, "Lon": 106.515011501 }, "geometry": { "type": "Polygon", "coordinates": [ [ [ 106.515309362836888, 37.627193317417721 ], [ 106.51539919611605, 37.627103485037878 ], [ 106.51548902579799, 37.627013653557299 ], [ 106.51548902579799, 37.626654327635151 ], [ 106.51539919521673, 37.626564496154629 ], [ 106.515309362836888, 37.626474664674106 ], [ 106.514860206333537, 37.626205170232481 ], [ 106.514770373953638, 37.626205170232481 ], [ 106.514590710992593, 37.626295000813684 ], [ 106.514590711891913, 37.626923822076776 ], [ 106.514680543372435, 37.627013653557299 ], [ 106.514770373953638, 37.627103485037878 ], [ 106.515129699875786, 37.627193317417721 ], [ 106.515309362836888, 37.627193317417721 ] ] ] } },
{ "type": "Feature", "properties": { "PV_Area": 0.081470760583100002, "Inst_time": 20100618.0, "Inst_year": 2010, "Major_type": "Unused land", "Lat": 37.982785579400002, "Lon": 105.86854775099999 }, "geometry": { "type": "Polygon", "coordinates": [ [ [ 105.870139877353495, 37.984183459199357 ], [ 105.870139877353495, 37.983643919031692 ], [ 105.870407437353435, 37.983643900145921 ], [ 105.870407437353435, 37.982564809018754 ], [ 105.869867837830498, 37.982564833300444 ], [ 105.869867837830498, 37.982029694414905 ], [ 105.869600367762814, 37.981757673777679 ], [ 105.86933280956157, 37.981490156945256 ], [ 105.869060770937892, 37.981218132710694 ], [ 105.868253707642566, 37.981218147999186 ], [ 105.868253707642566, 37.981490174931707 ], [ 105.867714114414923, 37.981490185723544 ], [ 105.867714115314243, 37.981757721441738 ], [ 105.866907057414835, 37.981757725938337 ], [ 105.866635023287756, 37.982029749273579 ], [ 105.866635023287756, 37.982564815314049 ], [ 105.866367467784471, 37.982564824307246 ], [ 105.866367466885151, 37.983104377964708 ], [ 105.866635023287756, 37.983376391407376 ], [ 105.867714115314243, 37.983376384212818 ], [ 105.867714115314243, 37.983643910937815 ], [ 105.868253707642566, 37.983643897447962 ], [ 105.868521264944491, 37.983915900098737 ], [ 105.868521264944491, 37.984455440266402 ], [ 105.86933281046089, 37.984455426776549 ], [ 105.86933280956157, 37.984183490675605 ], [ 105.870139877353495, 37.984183459199357 ] ] ] } },
{ "type": "Feature", "properties": { "PV_Area": 0.12776276624899999, "Inst_time": 20100701.0, "Inst_year": 2010, "Major_type": "Grassland", "Lat": 38.922930365600003, "Lon": 106.48201872 }, "geometry": { "type": "Polygon", "coordinates": [ [ [ 106.480814056323709, 38.924450418551999 ], [ 106.481173382245856, 38.924270754691634 ], [ 106.481442877586801, 38.924180924110431 ], [ 106.482071697950573, 38.924091091730531 ], [ 106.482341192392198, 38.924001261149328 ], [ 106.482341192392198, 38.923911428769486 ], [ 106.482610687733086, 38.923821598188283 ], [ 106.482970011856651, 38.923731765808384 ], [ 106.483598833119686, 38.923641935227181 ], [ 106.484227654382778, 38.923372439886236 ], [ 106.484497147925083, 38.923282609305033 ], [ 106.48485647474655, 38.923282609305033 ], [ 106.485125970087495, 38.923192776925191 ], [ 106.485305633048597, 38.923102946343931 ], [ 106.485305633947917, 38.923013113964089 ], [ 106.485485296009642, 38.922923283382886 ], [ 106.485934453412369, 38.922923283382886 ], [ 106.486203947853994, 38.922833451002987 ], [ 106.486383610815039, 38.922743620421784 ], [ 106.486742936737187, 38.922563955662099 ], [ 106.486742935837867, 38.922384292700997 ], [ 106.486653105256664, 38.922294462119794 ], [ 106.486203947853994, 38.922204629739895 ], [ 106.485305632149277, 38.922204629739895 ], [ 106.485305633048597, 38.922114799158692 ], [ 106.484137822902255, 38.922114799158692 ], [ 106.484137822902255, 38.922024966778849 ], [ 106.483509002538483, 38.921935136197646 ], [ 106.482071697950573, 38.921935136197646 ], [ 106.482071697950573, 38.921845303817747 ], [ 106.479197088774697, 38.921845303817747 ], [ 106.479017424914275, 38.922024966778849 ], [ 106.479017425813595, 38.922294462119794 ], [ 106.479017425813595, 38.922653788041941 ], [ 106.479017425813595, 38.923462272266079 ], [ 106.479107256394855, 38.924091091730531 ], [ 106.479197088774697, 38.924180924110431 ], [ 106.479556415596164, 38.924180924110431 ], [ 106.479646246177367, 38.924180924110431 ], [ 106.479825909138469, 38.924180924110431 ], [ 106.479915740618992, 38.924270754691634 ], [ 106.479915741518312, 38.924360587071476 ], [ 106.480095403580094, 38.924450418551999 ], [ 106.480814056323709, 38.924450418551999 ] ] ] } },
{ "type": "Feature", "properties": { "PV_Area": 0.49062676507399999, "Inst_time": 20100721.0, "Inst_year": 2010, "Major_type": "Grassland", "Lat": 38.927504458000001, "Lon": 106.483052211 }, "geometry": { "type": "Polygon", "coordinates": [ [ [ 106.48485647474655, 38.931996267413865 ], [ 106.484946307126449, 38.931906435034023 ], [ 106.485036137707652, 38.931816603553443 ], [ 106.485036137707652, 38.929840310082284 ], [ 106.484946307126449, 38.929660647121239 ], [ 106.484766644165347, 38.929570815640659 ], [ 106.484586979405663, 38.929480984160136 ], [ 106.484227655282098, 38.929391152679614 ], [ 106.483688664600265, 38.929391152679614 ], [ 106.483239507197538, 38.929301321199091 ], [ 106.483149675717016, 38.929211489718512 ], [ 106.483059846035133, 38.929121658237989 ], [ 106.48297001275597, 38.928941995276887 ], [ 106.482880182174711, 38.928762332315841 ], [ 106.482880181275391, 38.928043679572227 ], [ 106.48297001275597, 38.927953848091647 ], [ 106.483149675717016, 38.927864016611124 ], [ 106.483688665499585, 38.927774185130602 ], [ 106.48485647474655, 38.927774185130602 ], [ 106.485215800668755, 38.927774185130602 ], [ 106.486742935837867, 38.927774185130602 ], [ 106.486832769117086, 38.927684353650079 ], [ 106.486922599698289, 38.9275945221695 ], [ 106.486922600597609, 38.925528397217818 ], [ 106.487012432078131, 38.925528397217818 ], [ 106.487012431178812, 38.92516907129567 ], [ 106.486922599698289, 38.925079238915771 ], [ 106.486832769117086, 38.924989408334568 ], [ 106.485305633048597, 38.924989408334568 ], [ 106.484766644165347, 38.924899575954726 ], [ 106.484586980304982, 38.924809745373523 ], [ 106.484586980304982, 38.924630082412421 ], [ 106.484766644165347, 38.924540250032578 ], [ 106.485036137707652, 38.924540250032578 ], [ 106.485036136808333, 38.924630082412421 ], [ 106.485934453412369, 38.924630082412421 ], [ 106.48593445251305, 38.924719912993623 ], [ 106.487102262659334, 38.924719912993623 ], [ 106.487102262659334, 38.924809745373523 ], [ 106.487461588581482, 38.924899575954726 ], [ 106.487910746883529, 38.924899575954726 ], [ 106.488270072805676, 38.924899575954726 ], [ 106.488719231107666, 38.924899575954726 ], [ 106.488898894068768, 38.924809745373523 ], [ 106.48907855702987, 38.924719912993623 ], [ 106.489258219990916, 38.924540250032578 ], [ 106.489348050572119, 38.924450418551999 ], [ 106.489348050572119, 38.923462272266079 ], [ 106.489258219990916, 38.923372439886236 ], [ 106.48907855702987, 38.923282609305033 ], [ 106.488898894068768, 38.923192776925191 ], [ 106.488898894968088, 38.922923283382886 ], [ 106.489168388510393, 38.922923283382886 ], [ 106.489348050572119, 38.922743620421784 ], [ 106.489348049672799, 38.922653788041941 ], [ 106.489258219990916, 38.922563955662099 ], [ 106.489168388510393, 38.922474125080839 ], [ 106.488719231107666, 38.922384292700997 ], [ 106.488180242224473, 38.922384292700997 ], [ 106.488090409844574, 38.922474125080839 ], [ 106.488090409844574, 38.922653788041941 ], [ 106.488180242224473, 38.922743620421784 ], [ 106.488449734867459, 38.922833451002987 ], [ 106.48853956904594, 38.922923283382886 ], [ 106.488539568146621, 38.923192776925191 ], [ 106.488359905185519, 38.923282609305033 ], [ 106.487461589480858, 38.923282609305033 ], [ 106.486832769117086, 38.923372439886236 ], [ 106.486203947853994, 38.923462272266079 ], [ 106.486024284892892, 38.923552102847339 ], [ 106.485934454311689, 38.923731765808384 ], [ 106.48593445251305, 38.924091091730531 ], [ 106.48584462193179, 38.924180924110431 ], [ 106.485664958970744, 38.924270754691634 ], [ 106.484766644165347, 38.924270754691634 ], [ 106.484766644165347, 38.924180924110431 ], [ 106.483868327561311, 38.924180924110431 ], [ 106.48386832846063, 38.924091091730531 ], [ 106.483329338678118, 38.924091091730531 ], [ 106.483059845135813, 38.924180924110431 ], [ 106.482880181275391, 38.924270754691634 ], [ 106.482880182174711, 38.924450418551999 ], [ 106.482610686833766, 38.924540250032578 ], [ 106.481083550765334, 38.924540250032578 ], [ 106.480903888703551, 38.924630082412421 ], [ 106.480724223943866, 38.924809745373523 ], [ 106.480544561882084, 38.924899575954726 ], [ 106.47973607765789, 38.92516907129567 ], [ 106.479197088774697, 38.925348734256715 ], [ 106.479107257294174, 38.925438564837975 ], [ 106.479017425813595, 38.925528397217818 ], [ 106.479017425813595, 38.92615721758159 ], [ 106.479017425813595, 38.926516544403057 ], [ 106.479017424914275, 38.928133511052749 ], [ 106.479107258193494, 38.928133511052749 ], [ 106.479107257294174, 38.929660647121239 ], [ 106.479017425813595, 38.929660647121239 ], [ 106.479017425813595, 38.930558961926579 ], [ 106.479107257294174, 38.930558961926579 ], [ 106.479107258193494, 38.931636940592398 ], [ 106.4792869193559, 38.931816603553443 ], [ 106.480005572998834, 38.931816603553443 ], [ 106.480364898920982, 38.931816603553443 ], [ 106.483329338678118, 38.931816603553443 ], [ 106.483329337778798, 38.931906435034023 ], [ 106.484317486762677, 38.931906435034023 ], [ 106.484317485863357, 38.931996267413865 ], [ 106.48485647474655, 38.931996267413865 ] ], [ [ 106.484137822902255, 38.924809745373523 ], [ 106.484137822902255, 38.924540250032578 ], [ 106.484497148824403, 38.924540250032578 ], [ 106.484497147925083, 38.924809745373523 ], [ 106.484137822902255, 38.924809745373523 ] ], [ [ 106.483688664600265, 38.924450418551999 ], [ 106.483688664600265, 38.924719912993623 ], [ 106.483059845135813, 38.924719912993623 ], [ 106.483059845135813, 38.924450418551999 ], [ 106.483688664600265, 38.924450418551999 ] ] ] } },
{ "type": "Feature", "properties": { "PV_Area": 0.715889141457, "Inst_time": 20100915.0, "Inst_year": 2010, "Major_type": "Unused land", "Lat": 39.117125803100002, "Lon": 106.58025266600001 }, "geometry": { "type": "Polygon", "coordinates": [ [ [ 106.581964356469939, 39.121271296733028 ], [ 106.582323683291406, 39.121001803190723 ], [ 106.582772840694076, 39.12091197081088 ], [ 106.582952503655179, 39.12082214022962 ], [ 106.583491493437748, 39.120552644888676 ], [ 106.584030482320941, 39.120193318966528 ], [ 106.584479639723668, 39.120013656005483 ], [ 106.584659302684713, 39.119833993044381 ], [ 106.58510846098676, 39.119744160664538 ], [ 106.585288123048485, 39.119654330083335 ], [ 106.586006775792157, 39.119205171781289 ], [ 106.586276271133045, 39.119025508820243 ], [ 106.586366100814985, 39.118935678238984 ], [ 106.586455934094147, 39.118756014378619 ], [ 106.58654576467535, 39.118666182898096 ], [ 106.586725427636452, 39.118486519936994 ], [ 106.587084753558599, 39.118396687557151 ], [ 106.587444081279386, 39.118396687557151 ], [ 106.587623744240489, 39.118306856975948 ], [ 106.588342396084784, 39.117767868092699 ], [ 106.588432226665986, 39.117678035712856 ], [ 106.588522059045829, 39.117498372751754 ], [ 106.588522059045829, 39.117228879209449 ], [ 106.588342395185464, 39.117049215349084 ], [ 106.588162733123681, 39.116959383868505 ], [ 106.587354248899544, 39.116959383868505 ], [ 106.587354248899544, 39.117049215349084 ], [ 106.586635597055192, 39.117049215349084 ], [ 106.58654576557467, 39.116959383868505 ], [ 106.586455933194827, 39.116869552387982 ], [ 106.586455934094147, 39.11570174314096 ], [ 106.586276272032364, 39.115522079280595 ], [ 106.586186438753202, 39.115432247800072 ], [ 106.585737281350532, 39.115342416319493 ], [ 106.58555761838943, 39.115162753358447 ], [ 106.584928798025658, 39.115072921877868 ], [ 106.584299976762566, 39.114893258916823 ], [ 106.583940649941098, 39.11471359595572 ], [ 106.583401661957168, 39.11471359595572 ], [ 106.583221998996123, 39.114533932994675 ], [ 106.583042336035021, 39.114444100614776 ], [ 106.582862673073976, 39.114354270033573 ], [ 106.582503346252508, 39.114264437653731 ], [ 106.582054187950462, 39.114264437653731 ], [ 106.581784694408157, 39.114174607072528 ], [ 106.581515199966589, 39.114084774692628 ], [ 106.581335537005486, 39.113994943212106 ], [ 106.581155873145065, 39.11381528025106 ], [ 106.580796547222917, 39.113725448770481 ], [ 106.579808400936997, 39.113725448770481 ], [ 106.579808401836317, 39.11381528025106 ], [ 106.577472780644371, 39.11381528025106 ], [ 106.577382950063168, 39.113905111731583 ], [ 106.577293117683269, 39.113994943212106 ], [ 106.577293116783949, 39.114444100614776 ], [ 106.577203287102066, 39.114533932994675 ], [ 106.577113454722223, 39.114623763575878 ], [ 106.573969351104722, 39.114623763575878 ], [ 106.573520194601372, 39.114623763575878 ], [ 106.572532048315452, 39.114623763575878 ], [ 106.572442215036233, 39.11471359595572 ], [ 106.57235238355571, 39.1148034274363 ], [ 106.572262552075188, 39.114893258916823 ], [ 106.572262552974507, 39.115162753358447 ], [ 106.57235238355571, 39.115162753358447 ], [ 106.57235238355571, 39.116869552387982 ], [ 106.572262552075188, 39.116869552387982 ], [ 106.572262552974507, 39.117049215349084 ], [ 106.57235238355571, 39.117228879209449 ], [ 106.572532047416132, 39.117318709790652 ], [ 106.57334052984163, 39.117318709790652 ], [ 106.57387951872488, 39.117408542170551 ], [ 106.573969351104722, 39.117498372751754 ], [ 106.574059182585245, 39.117588205131597 ], [ 106.574328677926189, 39.117947531053744 ], [ 106.574418510306089, 39.118037361635004 ], [ 106.574598172367814, 39.118127194014846 ], [ 106.574867666809439, 39.118127194014846 ], [ 106.575047328871165, 39.118217024596049 ], [ 106.575226992731587, 39.118306856975948 ], [ 106.575406655692689, 39.118486519936994 ], [ 106.575676150134257, 39.118666182898096 ], [ 106.576394802877928, 39.118935678238984 ], [ 106.576754128800076, 39.119115341200086 ], [ 106.576933791761121, 39.119295004161188 ], [ 106.577203286202746, 39.119384834742391 ], [ 106.57801177042694, 39.119384834742391 ], [ 106.578101601907463, 39.119474667122233 ], [ 106.578550758410813, 39.120013656005483 ], [ 106.578640590790712, 39.120103486586686 ], [ 106.57899991671286, 39.120193318966528 ], [ 106.579359241735688, 39.120462814307473 ], [ 106.579538905596053, 39.120552644888676 ], [ 106.579808400936997, 39.120642477268575 ], [ 106.580077895378622, 39.120732307849778 ], [ 106.580796546323597, 39.120732307849778 ], [ 106.580886378703497, 39.12082214022962 ], [ 106.580976210184019, 39.121091633771925 ], [ 106.581066041664542, 39.121181466151768 ], [ 106.581155874044384, 39.121271296733028 ], [ 106.581964356469939, 39.121271296733028 ] ] ] } },
{ "type": "Feature", "properties": { "PV_Area": 0.62674476993200001, "Inst_time": 20100606.0, "Inst_year": 2010, "Major_type": "Unused land", "Lat": 39.170425004899997, "Lon": 106.628970065 }, "geometry": { "type": "Polygon", "coordinates": [ [ [ 106.627958099686623, 39.175349876795451 ], [ 106.628047931167146, 39.175170213834349 ], [ 106.628137762647668, 39.174900720292044 ], [ 106.628227593228928, 39.174810887912201 ], [ 106.628497088569816, 39.174810887912201 ], [ 106.628497088569816, 39.174900720292044 ], [ 106.628586920949715, 39.174990550873304 ], [ 106.629395403375213, 39.174990550873304 ], [ 106.629395404274533, 39.174900720292044 ], [ 106.63029371907993, 39.174900720292044 ], [ 106.630383549661133, 39.174810887912201 ], [ 106.630383550560452, 39.174541394369896 ], [ 106.630383550560452, 39.174361731408851 ], [ 106.631012371823545, 39.174361731408851 ], [ 106.631551360706794, 39.174271899028952 ], [ 106.631820856047739, 39.174182068447749 ], [ 106.632090350489364, 39.174092236067906 ], [ 106.632090349590044, 39.174002403688007 ], [ 106.632449676411511, 39.173912573106804 ], [ 106.632988666194024, 39.173912573106804 ], [ 106.633347992116228, 39.173822740726962 ], [ 106.633527655077273, 39.173732910145759 ], [ 106.633527655077273, 39.17364307776586 ], [ 106.633617485658476, 39.173553247184657 ], [ 106.633707317139056, 39.173463414804814 ], [ 106.633797148619578, 39.173373584223611 ], [ 106.633886980999421, 39.173283751843712 ], [ 106.633976811580624, 39.173193921262509 ], [ 106.634156475441046, 39.173104088882667 ], [ 106.634336138402148, 39.172744762960519 ], [ 106.634515800463873, 39.172565099999417 ], [ 106.63487512818466, 39.172475267619575 ], [ 106.635054790246443, 39.172295604658473 ], [ 106.635054791145762, 39.17220577407727 ], [ 106.63496495876592, 39.172026111116168 ], [ 106.634605631944396, 39.171487122232975 ], [ 106.634425968983351, 39.171307459271873 ], [ 106.634246306921568, 39.171127796310827 ], [ 106.633976811580624, 39.170858300969883 ], [ 106.633707318038375, 39.170498975047735 ], [ 106.633437823596751, 39.170049816745689 ], [ 106.633347992116228, 39.169959986164486 ], [ 106.633258159736329, 39.169870153784643 ], [ 106.633168328255806, 39.169780323203383 ], [ 106.632449675512191, 39.169151501940291 ], [ 106.631910685729622, 39.168702343638301 ], [ 106.631551360706794, 39.168343017716154 ], [ 106.631281866265169, 39.168073524173849 ], [ 106.630653045901397, 39.167714197352382 ], [ 106.629934392258463, 39.166905714027507 ], [ 106.62975472929736, 39.166726051066462 ], [ 106.62930557189469, 39.166366725144314 ], [ 106.62885641539134, 39.166007398322847 ], [ 106.628586920050395, 39.165827735361745 ], [ 106.628497088569816, 39.165737903881222 ], [ 106.628407257089293, 39.1656480724007 ], [ 106.6278682682061, 39.165019252036927 ], [ 106.627329279322851, 39.164570093734881 ], [ 106.626969953400703, 39.164570093734881 ], [ 106.626880121020804, 39.164659926114723 ], [ 106.626790291338921, 39.164749756695983 ], [ 106.626700457160439, 39.165198914997973 ], [ 106.626610626579236, 39.165378577959075 ], [ 106.626520794199337, 39.16555824092012 ], [ 106.626430963618134, 39.165827735361745 ], [ 106.626341132137611, 39.16609722980337 ], [ 106.626161469176509, 39.166636218686619 ], [ 106.625891974734884, 39.16753453439128 ], [ 106.625622480293316, 39.167983691794007 ], [ 106.625532648812737, 39.168073524173849 ], [ 106.625442817332214, 39.168073524173849 ], [ 106.625263154371112, 39.167983691794007 ], [ 106.625263154371112, 39.167804028832904 ], [ 106.625173321991269, 39.167714197352382 ], [ 106.624993659030224, 39.167624365871859 ], [ 106.624813996069122, 39.16753453439128 ], [ 106.62463433310802, 39.167444702910757 ], [ 106.62418517570535, 39.167354871430234 ], [ 106.623736018302679, 39.167354871430234 ], [ 106.623556355341577, 39.167444702910757 ], [ 106.623466522961735, 39.167624365871859 ], [ 106.623466522961735, 39.169061669560449 ], [ 106.623556356240897, 39.169241333420871 ], [ 106.62364618592278, 39.169331164901394 ], [ 106.623915681263725, 39.169600660242338 ], [ 106.624095343325507, 39.169780323203383 ], [ 106.624454670146974, 39.170229479706791 ], [ 106.62463433310802, 39.170498975047735 ], [ 106.624724164588599, 39.170678638008781 ], [ 106.624903828448964, 39.171127796310827 ], [ 106.625263154371112, 39.17166678519402 ], [ 106.625532649712056, 39.172026111116168 ], [ 106.625622480293316, 39.172115941697427 ], [ 106.625891974734884, 39.17220577407727 ], [ 106.625981807114783, 39.172295604658473 ], [ 106.626071637695986, 39.172385437038315 ], [ 106.626071637695986, 39.172565099999417 ], [ 106.626161469176509, 39.172744762960519 ], [ 106.626520795098656, 39.173014258301407 ], [ 106.626610626579236, 39.173104088882667 ], [ 106.626790290439601, 39.173373584223611 ], [ 106.626880121020804, 39.173463414804814 ], [ 106.627239448741648, 39.17364307776586 ], [ 106.627419110803373, 39.173732910145759 ], [ 106.627508942283896, 39.173822740726962 ], [ 106.627688605244998, 39.174002403688007 ], [ 106.627778436725521, 39.174092236067906 ], [ 106.627778437624841, 39.174271899028952 ], [ 106.627778435826201, 39.174361731408851 ], [ 106.627688605244998, 39.174541394369896 ], [ 106.627598773764475, 39.174631224951099 ], [ 106.627329279322851, 39.174631224951099 ], [ 106.627149616361748, 39.174721057330999 ], [ 106.627059783981906, 39.174810887912201 ], [ 106.626969953400703, 39.174900720292044 ], [ 106.626969952501383, 39.175170213834349 ], [ 106.627149616361748, 39.175260046214191 ], [ 106.627329279322851, 39.175349876795451 ], [ 106.627958099686623, 39.175349876795451 ] ], [ [ 106.625532649712056, 39.170319312086633 ], [ 106.625532648812737, 39.170139649125531 ], [ 106.625622480293316, 39.170049816745689 ], [ 106.625712311773839, 39.170049816745689 ], [ 106.625891973835564, 39.170229479706791 ], [ 106.625891974734884, 39.170409142667836 ], [ 106.625802142355042, 39.170498975047735 ], [ 106.625712311773839, 39.170498975047735 ], [ 106.625712311773839, 39.170409142667836 ], [ 106.625622480293316, 39.170319312086633 ], [ 106.625532649712056, 39.170319312086633 ] ] ] } },
{ "type": "Feature", "properties": { "PV_Area": 0.079944485015899999, "Inst_time": 20100621.0, "Inst_year": 2010, "Major_type": "Grassland", "Lat": 39.180827514900002, "Lon": 106.86491189900001 }, "geometry": { "type": "Polygon", "coordinates": [ [ [ 106.866594254121594, 39.18200830973575 ], [ 106.866594254121594, 39.179509876179907 ], [ 106.863144034769448, 39.179700232979428 ], [ 106.863286803043593, 39.182127282847887 ], [ 106.863310597306281, 39.182127282847887 ], [ 106.866594254121594, 39.18200830973575 ] ] ] } },
{ "type": "Feature", "properties": { "PV_Area": 0.53345571079099996, "Inst_time": 20100805.0, "Inst_year": 2010, "Major_type": "Unused land", "Lat": 39.257548011399997, "Lon": 106.707101716 }, "geometry": { "type": "Polygon", "coordinates": [ [ [ 106.706830182766794, 39.264283091091841 ], [ 106.706830181867474, 39.264193258711998 ], [ 106.707548833711769, 39.264193258711998 ], [ 106.707638666091611, 39.264103427231419 ], [ 106.707728497572191, 39.264013595750896 ], [ 106.707818329052714, 39.263833932789794 ], [ 106.707818329052714, 39.263115280945499 ], [ 106.707728496672871, 39.263115280945499 ], [ 106.707728496672871, 39.262576291162986 ], [ 106.707908158734597, 39.262396628201884 ], [ 106.708716643858111, 39.262396628201884 ], [ 106.709255632741304, 39.262306796721361 ], [ 106.709345465121203, 39.262216965240782 ], [ 106.709435295702406, 39.262127133760259 ], [ 106.709435295702406, 39.260240671769623 ], [ 106.709345465121203, 39.25970168288643 ], [ 106.709165802160101, 39.259522019925328 ], [ 106.708716643858111, 39.259522019925328 ], [ 106.708626812377531, 39.259432188444805 ], [ 106.708536980897009, 39.259342356064906 ], [ 106.708536981796328, 39.259252524584383 ], [ 106.708626812377531, 39.259252524584383 ], [ 106.708626813276851, 39.259072861623338 ], [ 106.708536980897009, 39.258983030142758 ], [ 106.708447149416486, 39.258893198662236 ], [ 106.708267485556064, 39.258893198662236 ], [ 106.708177654974861, 39.259072861623338 ], [ 106.708087822595019, 39.259252524584383 ], [ 106.707997992013759, 39.259342356064906 ], [ 106.707818329052714, 39.259342356064906 ], [ 106.707728496672871, 39.259252524584383 ], [ 106.707728497572191, 39.258983030142758 ], [ 106.707818329052714, 39.258983030142758 ], [ 106.707818329052714, 39.258264378298463 ], [ 106.707908160533236, 39.258174546817941 ], [ 106.708536980897009, 39.258174546817941 ], [ 106.708536981796328, 39.258264378298463 ], [ 106.709345465121203, 39.258264378298463 ], [ 106.709525128082248, 39.258084715337418 ], [ 106.709525128082248, 39.257455894074326 ], [ 106.709525128082248, 39.257186399632701 ], [ 106.709525128082248, 39.256198253346781 ], [ 106.709614958663451, 39.256198253346781 ], [ 106.709614958663451, 39.255389769122587 ], [ 106.70970479104335, 39.255389769122587 ], [ 106.709794621624553, 39.255120274680962 ], [ 106.709794621624553, 39.252694822907813 ], [ 106.709884454004396, 39.252694822907813 ], [ 106.709884454004396, 39.25206600344336 ], [ 106.709794621624553, 39.25206600344336 ], [ 106.709794620725233, 39.251257519219166 ], [ 106.70970479104335, 39.251167686839324 ], [ 106.709165802160101, 39.250988023878278 ], [ 106.708986138299679, 39.250898193297019 ], [ 106.708716643858111, 39.250898193297019 ], [ 106.708357317935906, 39.250898193297019 ], [ 106.707459003130566, 39.250898193297019 ], [ 106.707369170750667, 39.250988023878278 ], [ 106.707279338370824, 39.251077856258121 ], [ 106.707279339270144, 39.251616845141371 ], [ 106.707009844828519, 39.251886339582938 ], [ 106.706920013347997, 39.251976171063518 ], [ 106.706830181867474, 39.25206600344336 ], [ 106.706740350386895, 39.252245666404406 ], [ 106.706650518906372, 39.252335496985665 ], [ 106.70602169764328, 39.252425329365508 ], [ 106.705842033782915, 39.252515159946711 ], [ 106.705662371721132, 39.252694822907813 ], [ 106.70557254024061, 39.252784655287655 ], [ 106.705303045798985, 39.253233812690382 ], [ 106.705213215217782, 39.253323644170905 ], [ 106.705123382837883, 39.253413475651428 ], [ 106.70503355135736, 39.25359313861253 ], [ 106.704943719876837, 39.253772801573575 ], [ 106.704853888396315, 39.254401621937347 ], [ 106.704764056915735, 39.25458128489845 ], [ 106.704674225435213, 39.25503044320044 ], [ 106.704674225435213, 39.255838927424634 ], [ 106.704674225435213, 39.258264378298463 ], [ 106.704674225435213, 39.258354209778986 ], [ 106.70458439395469, 39.258444041259565 ], [ 106.70458439395469, 39.258803367181713 ], [ 106.70458439395469, 39.259342356064906 ], [ 106.70458439305537, 39.259791514366952 ], [ 106.70458439305537, 39.260330503250202 ], [ 106.70458439395469, 39.26059999769177 ], [ 106.70458439485401, 39.262486459682407 ], [ 106.704494561574791, 39.262486459682407 ], [ 106.704494561574791, 39.263833932789794 ], [ 106.704674225435213, 39.264013595750896 ], [ 106.705213214318462, 39.264013595750896 ], [ 106.705392876380188, 39.263923764270373 ], [ 106.705392877279508, 39.263833932789794 ], [ 106.70602169764328, 39.263833932789794 ], [ 106.706291192084905, 39.264103427231419 ], [ 106.706381023565427, 39.264193258711998 ], [ 106.706381023565427, 39.264283091091841 ], [ 106.706830182766794, 39.264283091091841 ] ] ] } },
{ "type": "Feature", "properties": { "PV_Area": 0.0048797705301999996, "Inst_time": 20100519.0, "Inst_year": 2010, "Major_type": "Grassland", "Lat": 36.078041927800001, "Lon": 113.43765913599999 }, "geometry": { "type": "Polygon", "coordinates": [ [ [ 113.437547280982244, 36.078497767358101 ], [ 113.437547280082981, 36.078407934978259 ], [ 113.437637110664241, 36.078318104397056 ], [ 113.437726943943403, 36.078228272017213 ], [ 113.437996436586332, 36.078138441435954 ], [ 113.438176100446753, 36.077958777575589 ], [ 113.438176100446753, 36.077689283133964 ], [ 113.437906605105809, 36.077689283133964 ], [ 113.437547280982244, 36.077779114614486 ], [ 113.437367617121936, 36.077868946095066 ], [ 113.437277785641299, 36.077958777575589 ], [ 113.437187953261514, 36.078048609056111 ], [ 113.437187953261514, 36.078138441435954 ], [ 113.437277784742037, 36.078407934978259 ], [ 113.437367617121936, 36.078497767358101 ], [ 113.437547280982244, 36.078497767358101 ] ] ] } },
{ "type": "Feature", "properties": { "PV_Area": 0.0048246815061699999, "Inst_time": 20100720.0, "Inst_year": 2010, "Major_type": "Grassland", "Lat": 39.940713073700003, "Lon": 112.939601849 }, "geometry": { "type": "Polygon", "coordinates": [ [ [ 112.939521285778824, 39.941073826096272 ], [ 112.939521285778824, 39.940983993716372 ], [ 112.939611117259346, 39.940894163135169 ], [ 112.939790781119768, 39.940804330755327 ], [ 112.940150107041859, 39.940804330755327 ], [ 112.940239937623119, 39.940714499274748 ], [ 112.940239937623119, 39.940534836313702 ], [ 112.940150107041859, 39.94044500483318 ], [ 112.939431455197564, 39.94044500483318 ], [ 112.939251791337142, 39.940534836313702 ], [ 112.939161959856619, 39.940624667794225 ], [ 112.939072128376097, 39.940714499274748 ], [ 112.939072128376097, 39.940983993716372 ], [ 112.939161958957357, 39.941073826096272 ], [ 112.939521285778824, 39.941073826096272 ] ] ] } },
{ "type": "Feature", "properties": { "PV_Area": 0.0068088684919700004, "Inst_time": 20100518.0, "Inst_year": 2010, "Major_type": "Cropland", "Lat": 40.011571220199997, "Lon": 112.948031394 }, "geometry": { "type": "Polygon", "coordinates": [ [ [ 112.947965451244613, 40.011950901113266 ], [ 112.947965449445974, 40.011861070532007 ], [ 112.948414606848701, 40.011861069632687 ], [ 112.948594269809746, 40.011771238152164 ], [ 112.948684102189645, 40.011681406671642 ], [ 112.948684102189645, 40.011411912230017 ], [ 112.9485044392286, 40.011322080749494 ], [ 112.948055280926496, 40.011232249268915 ], [ 112.947695955903669, 40.011232249268915 ], [ 112.94751629204336, 40.011322080749494 ], [ 112.947426460562724, 40.011411912230017 ], [ 112.947426460562724, 40.011681406671642 ], [ 112.947695955004406, 40.011950901113266 ], [ 112.947965451244613, 40.011950901113266 ] ] ] } },
{ "type": "Feature", "properties": { "PV_Area": 0.00250434412039, "Inst_time": 20101213.0, "Inst_year": 2010, "Major_type": "Unused land", "Lat": 41.569634520100003, "Lon": 115.51048979700001 }, "geometry": { "type": "Polygon", "coordinates": [ [ [ 115.510589460835035, 41.569449940762183 ], [ 115.510050472851049, 41.569449940762183 ], [ 115.510050471951786, 41.569719436103128 ], [ 115.510499629354513, 41.569809266684388 ], [ 115.510948786757126, 41.569809266684388 ], [ 115.510948786757126, 41.569539773142083 ], [ 115.510589460835035, 41.569539773142083 ], [ 115.510589460835035, 41.569449940762183 ] ] ] } },
{ "type": "Feature", "properties": { "PV_Area": 0.0057699538674799997, "Inst_time": 20100824.0, "Inst_year": 2010, "Major_type": "Cropland", "Lat": 35.468460292700001, "Lon": 103.48127079 }, "geometry": { "type": "Polygon", "coordinates": [ [ [ 103.480620670307758, 35.467912867684731 ], [ 103.480620669408438, 35.467823037103528 ], [ 103.480530838827235, 35.467823037103528 ], [ 103.480441007346656, 35.467912867684731 ], [ 103.480441008245975, 35.468092530645833 ], [ 103.48071050178828, 35.468362025986778 ], [ 103.480800333268803, 35.468451856567981 ], [ 103.480979997129225, 35.468541688947823 ], [ 103.481339323051373, 35.468631521327723 ], [ 103.48169864897352, 35.468811184288768 ], [ 103.481878311934622, 35.46899084724987 ], [ 103.48223763785677, 35.46899084724987 ], [ 103.48223763785677, 35.468901014869971 ], [ 103.482147805476927, 35.468811184288768 ], [ 103.481608816593678, 35.468451856567981 ], [ 103.481429153632575, 35.468362025986778 ], [ 103.480979997129225, 35.468182363025676 ], [ 103.480620670307758, 35.467912867684731 ] ] ] } },
{ "type": "Feature", "properties": { "PV_Area": 0.60710892176700004, "Inst_time": 20101223.0, "Inst_year": 2010, "Major_type": "Water surface", "Lat": 35.358810910499997, "Lon": 116.634083374 }, "geometry": { "type": "Polygon", "coordinates": [ [ [ 116.629838324678985, 35.36294307486304 ], [ 116.637883250511663, 35.36242737482354 ], [ 116.638172042605788, 35.355805781711524 ], [ 116.63668682483717, 35.35502191732769 ], [ 116.636006101000817, 35.354918776780153 ], [ 116.634685907029052, 35.354629984686085 ], [ 116.630910981156944, 35.354568100537449 ], [ 116.629838324678985, 35.36294307486304 ] ] ] } },
{ "type": "Feature", "properties": { "PV_Area": 0.0017870436304600001, "Inst_time": 20101009.0, "Inst_year": 2010, "Major_type": "Cropland", "Lat": 36.643713687999998, "Lon": 111.649725756 }, "geometry": { "type": "Polygon", "coordinates": [ [ [ 111.649432266086251, 36.643804464004859 ], [ 111.649520172118287, 36.643887777199211 ], [ 111.649604283011286, 36.643914356662265 ], [ 111.649788527118915, 36.643886308606284 ], [ 111.64993898909313, 36.643817884587747 ], [ 111.650025611792614, 36.643747127727806 ], [ 111.650042156620316, 36.643720004174895 ], [ 111.650041358022293, 36.643625411683445 ], [ 111.649970461767452, 36.643569049372161 ], [ 111.649819120256268, 36.643529314626221 ], [ 111.649718514897586, 36.643529863212677 ], [ 111.64958453929512, 36.643557636975402 ], [ 111.649500968894642, 36.643598651456671 ], [ 111.649447789284125, 36.64365570354795 ], [ 111.649431245355743, 36.643682827100861 ], [ 111.649432266086251, 36.643804464004859 ] ] ] } }
]
}
