{
"type": "FeatureCollection",
"name": "ChinaPV_2015",
"crs": { "type": "name", "properties": { "name": "urn:ogc:def:crs:OGC:1.3:CRS84" } },
"features": [
{ "type": "Feature", "properties": { "PV_Area": 0.0086693755375499993, "Inst_time": 20141024.0, "Inst_year": 2014, "Major_type": "Grassland", "Lat": 40.423898327400003, "Lon": 114.897182879, "Province": "河北", "Province_pinyin": "Hebei", "Province code": 13, "City": "张家口市", "City_pinyin": "Zhangjiakou", "City code": 1307, "County": "宣化县", "County_pinyin": "Xuanhua xian", "County code": 130721, "Township": "深井镇", "Township_pinyin": "shen jing zhen" }, "geometry": { "type": "Polygon", "coordinates": [ [ [ 114.897758774148201, 40.424277617118378 ], [ 114.897668941768302, 40.424187784738535 ], [ 114.897579111187042, 40.423828458816388 ], [ 114.89748927790788, 40.423648795855286 ], [ 114.897309614946835, 40.423558965274083 ], [ 114.896860459342747, 40.423379302312981 ], [ 114.896590964001803, 40.423109806972093 ], [ 114.896501133420657, 40.423019976390833 ], [ 114.896411300141494, 40.423019976390833 ], [ 114.896321468660858, 40.423109806972093 ], [ 114.896321468660858, 40.423379302312981 ], [ 114.896501133420657, 40.423558965274083 ], [ 114.896770626962962, 40.423648795855286 ], [ 114.896950289924007, 40.423738628235185 ], [ 114.89704012140453, 40.423828458816388 ], [ 114.897129952885052, 40.42391829119623 ], [ 114.897129952885052, 40.424277617118378 ], [ 114.897040122303906, 40.424277617118378 ], [ 114.897040122303906, 40.42445728007948 ], [ 114.897129952885052, 40.424547110660683 ], [ 114.89802826679113, 40.424547110660683 ], [ 114.898028267690506, 40.424277618017697 ], [ 114.897758774148201, 40.424277617118378 ] ] ] } },
{ "type": "Feature", "properties": { "PV_Area": 0.028479885916200001, "Inst_time": 20150913.0, "Inst_year": 2015, "Major_type": "Grassland", "Lat": 40.423418800900002, "Lon": 114.798672919, "Province": "河北", "Province_pinyin": "Hebei", "Province code": 13, "City": "张家口市", "City_pinyin": "Zhangjiakou", "City code": 1307, "County": "宣化县", "County_pinyin": "Xuanhua xian", "County code": 130721, "Township": "深井镇", "Township_pinyin": "shen jing zhen" }, "geometry": { "type": "Polygon", "coordinates": [ [ [ 114.797776283248936, 40.424996268962673 ], [ 114.79777628234956, 40.42490643838147 ], [ 114.79813560917114, 40.424816606001627 ], [ 114.798225439752287, 40.424726775420424 ], [ 114.798315272132186, 40.424547110660683 ], [ 114.798405102713332, 40.42445728007948 ], [ 114.798584766573754, 40.424367447699581 ], [ 114.798854260116059, 40.424277617118378 ], [ 114.799033923976481, 40.424097954157332 ], [ 114.79912375635638, 40.423828458816388 ], [ 114.79912375635638, 40.423199639351935 ], [ 114.799213587836903, 40.423109806972093 ], [ 114.799483081379208, 40.423109806972093 ], [ 114.799662745239516, 40.423019976390833 ], [ 114.799752576720152, 40.422930144010991 ], [ 114.799752574921513, 40.422211492166696 ], [ 114.799662744340253, 40.422031829205594 ], [ 114.79957291285973, 40.421941996825751 ], [ 114.799393249898571, 40.421852166244548 ], [ 114.799123757255643, 40.421852166244548 ], [ 114.799033923976481, 40.421941996825751 ], [ 114.798944093395221, 40.422031829205594 ], [ 114.798854261015435, 40.422301322747899 ], [ 114.798764430434176, 40.422570818088843 ], [ 114.798764430434176, 40.422930144010991 ], [ 114.798674598054276, 40.423019976390833 ], [ 114.798584766573754, 40.423109806972093 ], [ 114.798045775891865, 40.423109807871413 ], [ 114.797866113830196, 40.423199639351935 ], [ 114.79777628234956, 40.423379302312981 ], [ 114.797776283248936, 40.42346913289424 ], [ 114.797866113830196, 40.423558965274083 ], [ 114.797955946209981, 40.423558965274083 ], [ 114.798045776791241, 40.423738628235185 ], [ 114.798045776791241, 40.42391829119623 ], [ 114.797955946209981, 40.424008121777433 ], [ 114.797686450869037, 40.424187784738535 ], [ 114.797596621187154, 40.424277617118378 ], [ 114.797506787907992, 40.42445728007948 ], [ 114.797506787907992, 40.42490643838147 ], [ 114.797596620287891, 40.424996268962673 ], [ 114.797776283248936, 40.424996268962673 ] ] ] } },
{ "type": "Feature", "properties": { "PV_Area": 0.0236515999, "Inst_time": 20140819.0, "Inst_year": 2014, "Major_type": "Grassland", "Lat": 40.421373834599997, "Lon": 114.890976012, "Province": "河北", "Province_pinyin": "Hebei", "Province code": 13, "City": "张家口市", "City_pinyin": "Zhangjiakou", "City code": 1307, "County": "宣化县", "County_pinyin": "Xuanhua xian", "County code": 130721, "Township": "深井镇", "Township_pinyin": "shen jing zhen" }, "geometry": { "type": "Polygon", "coordinates": [ [ [ 114.891829892835403, 40.421582670903604 ], [ 114.891829891936027, 40.421403007942502 ], [ 114.891919725215189, 40.421403007942502 ], [ 114.891919724315926, 40.421043682020354 ], [ 114.891740062254144, 40.420684356098207 ], [ 114.891650229874244, 40.420594523718364 ], [ 114.891560398393722, 40.420504693137104 ], [ 114.891380735432676, 40.420414860757262 ], [ 114.891111240990995, 40.420414860757262 ], [ 114.891021408611209, 40.420504693137104 ], [ 114.890931578029949, 40.420594523718364 ], [ 114.890931578029949, 40.420953849640512 ], [ 114.891021408611209, 40.421043682020354 ], [ 114.891111240990995, 40.421043682020354 ], [ 114.891201071572254, 40.421223344981456 ], [ 114.891201071572254, 40.421403007942502 ], [ 114.891111240990995, 40.421492840322401 ], [ 114.89084174565005, 40.421492840322401 ], [ 114.890662082689005, 40.421403007942502 ], [ 114.890482419727959, 40.421403007942502 ], [ 114.890212927085031, 40.421403007942502 ], [ 114.890123093805755, 40.421313175562659 ], [ 114.890033263224609, 40.421133512601557 ], [ 114.88994343084471, 40.420864019059309 ], [ 114.88994343084471, 40.420594523718364 ], [ 114.889763767883665, 40.420414860757262 ], [ 114.889584104922619, 40.420414860757262 ], [ 114.889494273441983, 40.420504693137104 ], [ 114.88949427254272, 40.420953849640512 ], [ 114.889584104023243, 40.421403007942502 ], [ 114.889853599364187, 40.421672503283446 ], [ 114.890302756766914, 40.421852166244548 ], [ 114.890931577130686, 40.421852166244548 ], [ 114.891111240990995, 40.421941996825751 ], [ 114.891290903952154, 40.422031829205594 ], [ 114.891740062254144, 40.422391155127741 ], [ 114.891829893734666, 40.422480985709001 ], [ 114.892099389075611, 40.422480985709001 ], [ 114.892099389075611, 40.421941996825751 ], [ 114.891919725215189, 40.421582670903604 ], [ 114.891829892835403, 40.421582670903604 ] ] ] } },
{ "type": "Feature", "properties": { "PV_Area": 0.058243938936299998, "Inst_time": 20121031.0, "Inst_year": 2012, "Major_type": "Cropland", "Lat": 40.488919412900003, "Lon": 114.808717452, "Province": "河北", "Province_pinyin": "Hebei", "Province code": 13, "City": "张家口市", "City_pinyin": "Zhangjiakou", "City code": 1307, "County": "宣化县", "County_pinyin": "Xuanhua xian", "County code": 130721, "Township": "深井镇", "Township_pinyin": "shen jing zhen" }, "geometry": { "type": "Polygon", "coordinates": [ [ [ 114.807447714840237, 40.490976324098142 ], [ 114.807760079064451, 40.490915053287154 ], [ 114.808101761187345, 40.490934768225031 ], [ 114.808263926938707, 40.490910741937228 ], [ 114.808353269188046, 40.490885411632519 ], [ 114.808569017446302, 40.490781417628398 ], [ 114.808790561835053, 40.49060729089382 ], [ 114.808900636155499, 40.490487773691882 ], [ 114.809309502131896, 40.489887507702349 ], [ 114.809422662026236, 40.489673453766954 ], [ 114.80944298310726, 40.489592766592978 ], [ 114.809428370023284, 40.489497988841151 ], [ 114.809394760559826, 40.489443289376368 ], [ 114.809287867141393, 40.489357519234204 ], [ 114.809172577652362, 40.489304881914848 ], [ 114.809105583555947, 40.489252708645665 ], [ 114.809053479534555, 40.489157895820313 ], [ 114.809056164010826, 40.489019095355047 ], [ 114.809137540964798, 40.48880746779048 ], [ 114.809255235240926, 40.488637120007127 ], [ 114.809642905096098, 40.488144527148279 ], [ 114.809758741372889, 40.488019194929961 ], [ 114.810076895432417, 40.48778750978579 ], [ 114.810427049168993, 40.487572670742225 ], [ 114.810592571190227, 40.487439118720431 ], [ 114.810649134949699, 40.48733210569219 ], [ 114.810651328396148, 40.487264643948208 ], [ 114.810618158701118, 40.487196467243223 ], [ 114.81052851697757, 40.487124540365301 ], [ 114.81031849290423, 40.487053004692484 ], [ 114.809913467932233, 40.486991278824519 ], [ 114.80918840392178, 40.486909891078653 ], [ 114.808925318049091, 40.486904980780309 ], [ 114.808818329302539, 40.486929975637906 ], [ 114.808708841340035, 40.486983040135271 ], [ 114.808579567393167, 40.487090252812948 ], [ 114.808467745689995, 40.487263777001772 ], [ 114.808427538799947, 40.487411646230555 ], [ 114.808416004994683, 40.487762844979386 ], [ 114.808391802439814, 40.487861704753925 ], [ 114.808254996670826, 40.488201391281223 ], [ 114.808092595297126, 40.488459222415258 ], [ 114.808053701417293, 40.488566584380408 ], [ 114.808049308229101, 40.488701562726988 ], [ 114.808110824555001, 40.488986482340351 ], [ 114.808159926639405, 40.489108996982679 ], [ 114.808306064673161, 40.489330811168031 ], [ 114.808317228857049, 40.489392472284806 ], [ 114.808302995287022, 40.489445404581829 ], [ 114.808265805622455, 40.489493506620079 ], [ 114.808120743177824, 40.489583540448109 ], [ 114.807541047381505, 40.489743253748202 ], [ 114.807356638698025, 40.489864031799698 ], [ 114.807246137199513, 40.489997036134355 ], [ 114.807094962062934, 40.490291434602057 ], [ 114.807036185071979, 40.49046597502479 ], [ 114.807011022940401, 40.490695143865821 ], [ 114.807059247286475, 40.490844685833622 ], [ 114.807165689245267, 40.490943952101759 ], [ 114.807235544085188, 40.49097229603467 ], [ 114.807447714840237, 40.490976324098142 ] ] ] } },
{ "type": "Feature", "properties": { "PV_Area": 0.018992657989199999, "Inst_time": 20150801.0, "Inst_year": 2015, "Major_type": "Cropland", "Lat": 40.462771832500003, "Lon": 114.80947886600001, "Province": "河北", "Province_pinyin": "Hebei", "Province code": 13, "City": "张家口市", "City_pinyin": "Zhangjiakou", "City code": 1307, "County": "宣化县", "County_pinyin": "Xuanhua xian", "County code": 130721, "Township": "深井镇", "Township_pinyin": "shen jing zhen" }, "geometry": { "type": "Polygon", "coordinates": [ [ [ 114.808774929819265, 40.462148109847419 ], [ 114.80840674737351, 40.462114021944615 ], [ 114.808191144805505, 40.462150548808836 ], [ 114.808024948292768, 40.462258153590994 ], [ 114.807987400698039, 40.462324991205435 ], [ 114.807984328613884, 40.462419458691102 ], [ 114.808050648218909, 40.462555827389565 ], [ 114.80810192666263, 40.462610845214385 ], [ 114.808244137357065, 40.46269728625083 ], [ 114.808507124304356, 40.462769829164358 ], [ 114.808847972755757, 40.462819421379265 ], [ 114.809084868571858, 40.462901715641692 ], [ 114.8091702708914, 40.462970267364028 ], [ 114.809228037044363, 40.463061780576766 ], [ 114.809283528811875, 40.463268309884654 ], [ 114.809317125684856, 40.463323010248757 ], [ 114.809372254126288, 40.463367258692074 ], [ 114.809512362205851, 40.463410445935381 ], [ 114.809671407309679, 40.463413461362222 ], [ 114.81006168070212, 40.46338032314344 ], [ 114.810399760140854, 40.46331917194226 ], [ 114.810650367920175, 40.463229342260377 ], [ 114.810830233228785, 40.46313816809203 ], [ 114.81088817385023, 40.463096056437905 ], [ 114.810943832891667, 40.463016051849365 ], [ 114.810946901378429, 40.462921608645388 ], [ 114.810896499773662, 40.462839567092374 ], [ 114.810789648623427, 40.462753802346128 ], [ 114.810649994701521, 40.462697122574184 ], [ 114.810256967585019, 40.4626195137796 ], [ 114.809549227215143, 40.462442527200949 ], [ 114.809386544353629, 40.462384430996735 ], [ 114.809177595869414, 40.462277347821384 ], [ 114.808968095201521, 40.462192313324636 ], [ 114.808774929819265, 40.462148109847419 ] ] ] } },
{ "type": "Feature", "properties": { "PV_Area": 0.00539766818352, "Inst_time": 20121116.0, "Inst_year": 2012, "Major_type": "Cropland", "Lat": 40.463076624099998, "Lon": 114.80491787699999, "Province": "河北", "Province_pinyin": "Hebei", "Province code": 13, "City": "张家口市", "City_pinyin": "Zhangjiakou", "City code": 1307, "County": "宣化县", "County_pinyin": "Xuanhua xian", "County code": 130721, "Township": "深井镇", "Township_pinyin": "shen jing zhen" }, "geometry": { "type": "Polygon", "coordinates": [ [ [ 114.805024756887065, 40.462684966438076 ], [ 114.80486615424968, 40.462668441395522 ], [ 114.80472387160944, 40.462692759962977 ], [ 114.804632512180774, 40.462732653888906 ], [ 114.804520971965303, 40.46284018492662 ], [ 114.804482969313653, 40.462920539351444 ], [ 114.804460452088279, 40.463068687370082 ], [ 114.804508213283498, 40.463231712873323 ], [ 114.804559042965479, 40.46330025110575 ], [ 114.804718050297879, 40.463414038726967 ], [ 114.80489307635446, 40.463471407379586 ], [ 114.805016319447645, 40.463487260628654 ], [ 114.80515863266487, 40.463462940262559 ], [ 114.805270479549108, 40.46339484269788 ], [ 114.80534558822842, 40.463261160274385 ], [ 114.80535174228919, 40.463072165947779 ], [ 114.805303981093857, 40.462909138645898 ], [ 114.805218147099822, 40.462784674273337 ], [ 114.805164420701544, 40.462741660599193 ], [ 114.805024756887065, 40.462684966438076 ] ] ] } },
{ "type": "Feature", "properties": { "PV_Area": 0.00999806048485, "Inst_time": 20130709.0, "Inst_year": 2013, "Major_type": "Grassland", "Lat": 40.462345485900002, "Lon": 114.957827978, "Province": "河北", "Province_pinyin": "Hebei", "Province code": 13, "City": "张家口市", "City_pinyin": "Zhangjiakou", "City code": 1307, "County": "宣化县", "County_pinyin": "Xuanhua xian", "County code": 130721, "Township": "崞村镇", "Township_pinyin": "guo cun zhen" }, "geometry": { "type": "MultiPolygon", "coordinates": [ [ [ [ 114.957660950092873, 40.462266226804957 ], [ 114.957392497066166, 40.462280367744825 ], [ 114.957385652326025, 40.462171880727738 ], [ 114.95726017441757, 40.462170145036225 ], [ 114.957253330576805, 40.462254330572932 ], [ 114.95712785266835, 40.462247387806769 ], [ 114.9571267114286, 40.46231855475753 ], [ 114.957247627076413, 40.462317686911774 ], [ 114.957237360415888, 40.462720386236867 ], [ 114.957117586007826, 40.462716914853786 ], [ 114.957114164087443, 40.462888755511699 ], [ 114.957783759712811, 40.462895698277919 ], [ 114.957789945249829, 40.462770207778931 ], [ 114.957956006864265, 40.462754233121416 ], [ 114.957965133184416, 40.462670916329785 ], [ 114.958263998584698, 40.462627522242428 ], [ 114.958275405585596, 40.462417493672433 ], [ 114.958537768403403, 40.462403607240731 ], [ 114.958526361402505, 40.462341119647022 ], [ 114.958649558630327, 40.462327233215319 ], [ 114.958654120891083, 40.462164070115819 ], [ 114.958743096216949, 40.462169277190469 ], [ 114.958743096216949, 40.462105053905191 ], [ 114.958640432310176, 40.46209984593122 ], [ 114.958670091051886, 40.461849892858311 ], [ 114.958122550515327, 40.461827327968876 ], [ 114.957990228766107, 40.461945361289452 ], [ 114.957684518625683, 40.462153655067198 ], [ 114.957660950092873, 40.462266226804957 ] ] ], [ [ [ 114.956743432963094, 40.46219791789963 ], [ 114.957016062441426, 40.462180560084846 ], [ 114.957019485261071, 40.46197920907332 ], [ 114.956617955054639, 40.462007849782481 ], [ 114.956580312131791, 40.462090299627675 ], [ 114.956590577892939, 40.462164937961575 ], [ 114.956738870702338, 40.462156259503843 ], [ 114.956743432963094, 40.46219791789963 ] ] ] ] } },
{ "type": "Feature", "properties": { "PV_Area": 0.0087181796476400002, "Inst_time": 20130709.0, "Inst_year": 2013, "Major_type": "Grassland", "Lat": 40.462079020099999, "Lon": 114.95971412599999, "Province": "河北", "Province_pinyin": "Hebei", "Province code": 13, "City": "张家口市", "City_pinyin": "Zhangjiakou", "City code": 1307, "County": "宣化县", "County_pinyin": "Xuanhua xian", "County code": 130721, "Township": "崞村镇", "Township_pinyin": "guo cun zhen" }, "geometry": { "type": "Polygon", "coordinates": [ [ [ 114.960116094782052, 40.461751603253958 ], [ 114.960101854916729, 40.461737364287956 ], [ 114.960012023436207, 40.461647532807433 ], [ 114.959832358676522, 40.46155770132691 ], [ 114.959652696614739, 40.46155770132691 ], [ 114.959562865134217, 40.461647532807433 ], [ 114.959529927464246, 40.461680470477404 ], [ 114.959531326809383, 40.462024339751508 ], [ 114.959006395229039, 40.462024339751508 ], [ 114.958934043871068, 40.46209669021016 ], [ 114.958844214189185, 40.462186521690683 ], [ 114.958844213289922, 40.462276353171205 ], [ 114.958934044770444, 40.462456016132307 ], [ 114.959113706832113, 40.46254584761283 ], [ 114.959473033653694, 40.46254584761283 ], [ 114.959473033653694, 40.462456016132307 ], [ 114.959652696614739, 40.462366184651728 ], [ 114.959832359575785, 40.462276353171205 ], [ 114.960281517877775, 40.462276353171205 ], [ 114.960357975540205, 40.462199895508832 ], [ 114.960608156141575, 40.462168409344656 ], [ 114.960507773814811, 40.461822987840662 ], [ 114.960359481005298, 40.461828195814633 ], [ 114.960354918744542, 40.461741405841281 ], [ 114.960116094782052, 40.461751603253958 ] ] ] } },
{ "type": "Feature", "properties": { "PV_Area": 0.0026224256177999998, "Inst_time": 20130706.0, "Inst_year": 2013, "Major_type": "Grassland", "Lat": 40.4553233066, "Lon": 114.96025331, "Province": "河北", "Province_pinyin": "Hebei", "Province code": 13, "City": "张家口市", "City_pinyin": "Zhangjiakou", "City code": 1307, "County": "宣化县", "County_pinyin": "Xuanhua xian", "County code": 130721, "Township": "崞村镇", "Township_pinyin": "guo cun zhen" }, "geometry": { "type": "Polygon", "coordinates": [ [ [ 114.960461179939557, 40.455538989432853 ], [ 114.960461180838934, 40.45544915705301 ], [ 114.960551012319456, 40.455359325572488 ], [ 114.960640843799979, 40.455359325572488 ], [ 114.960640843799979, 40.455179662611386 ], [ 114.960551012319456, 40.455089831130863 ], [ 114.960191687296629, 40.455089831130863 ], [ 114.959832359575785, 40.455359325572488 ], [ 114.959832359575785, 40.45544915705301 ], [ 114.959922192854947, 40.455538989432853 ], [ 114.960461179939557, 40.455538989432853 ] ] ] } },
{ "type": "Feature", "properties": { "PV_Area": 0.0100269621362, "Inst_time": 20130612.0, "Inst_year": 2013, "Major_type": "Grassland", "Lat": 40.455794530399999, "Lon": 114.966425695, "Province": "河北", "Province_pinyin": "Hebei", "Province code": 13, "City": "张家口市", "City_pinyin": "Zhangjiakou", "City code": 1307, "County": "宣化县", "County_pinyin": "Xuanhua xian", "County code": 130721, "Township": "崞村镇", "Township_pinyin": "guo cun zhen" }, "geometry": { "type": "Polygon", "coordinates": [ [ [ 114.966210399190686, 40.455458184447707 ], [ 114.966296872602697, 40.455461880661289 ], [ 114.966257732308577, 40.455855817891745 ], [ 114.96627612973964, 40.455874216222128 ], [ 114.966267213860874, 40.456001760772722 ], [ 114.966121203530747, 40.456008704438204 ], [ 114.966086981628905, 40.456152787521205 ], [ 114.965977473881367, 40.45631770160071 ], [ 114.965883936294631, 40.456600657994045 ], [ 114.96568545232185, 40.456614545325067 ], [ 114.965619290997552, 40.456775986222851 ], [ 114.965617010316805, 40.456958258117197 ], [ 114.965817774970446, 40.456935690529747 ], [ 114.96608013778814, 40.456597185711587 ], [ 114.966595738002979, 40.456119804885134 ], [ 114.96731210377061, 40.455710122324319 ], [ 114.9673098221906, 40.455630267922572 ], [ 114.967576748168426, 40.455614644899981 ], [ 114.967574466588417, 40.455576453390677 ], [ 114.966912855144187, 40.455581661364647 ], [ 114.966878634141722, 40.45549486419668 ], [ 114.966669306143672, 40.455498948018089 ], [ 114.966591405968643, 40.455459997480943 ], [ 114.966616271323915, 40.454882068852442 ], [ 114.966448783384749, 40.454879058821575 ], [ 114.966156922803862, 40.454873813076063 ], [ 114.966036790465523, 40.454871653803821 ], [ 114.966044637949722, 40.454986097930146 ], [ 114.966030736229527, 40.45499999965034 ], [ 114.966030736229527, 40.455089831130863 ], [ 114.96612056591141, 40.455179662611386 ], [ 114.966210399190686, 40.455179662611386 ], [ 114.966210399190686, 40.455458184447707 ] ] ] } },
{ "type": "Feature", "properties": { "PV_Area": 0.00288856803563, "Inst_time": 20140725.0, "Inst_year": 2014, "Major_type": "Grassland", "Lat": 40.452886988700001, "Lon": 114.96802830599999, "Province": "河北", "Province_pinyin": "Hebei", "Province code": 13, "City": "张家口市", "City_pinyin": "Zhangjiakou", "City code": 1307, "County": "宣化县", "County_pinyin": "Xuanhua xian", "County code": 130721, "Township": "崞村镇", "Township_pinyin": "guo cun zhen" }, "geometry": { "type": "Polygon", "coordinates": [ [ [ 114.968096861181266, 40.453203369140226 ], [ 114.968276524142311, 40.453113537659704 ], [ 114.968366354723571, 40.452933873799282 ], [ 114.968366355622834, 40.452844043218079 ], [ 114.968276524142311, 40.452754210838236 ], [ 114.968096861181266, 40.452574547877134 ], [ 114.967917198220221, 40.452574547877134 ], [ 114.967737536158438, 40.452664380256977 ], [ 114.967737535259062, 40.453023706179124 ], [ 114.967827365840321, 40.453113537659704 ], [ 114.968007028801367, 40.453203369140226 ], [ 114.968096861181266, 40.453203369140226 ] ] ] } },
{ "type": "Feature", "properties": { "PV_Area": 0.00045620761055899998, "Inst_time": 20141021.0, "Inst_year": 2014, "Major_type": "Grassland", "Lat": 40.435192147400002, "Lon": 114.886529833, "Province": "河北", "Province_pinyin": "Hebei", "Province code": 13, "City": "张家口市", "City_pinyin": "Zhangjiakou", "City code": 1307, "County": "宣化县", "County_pinyin": "Xuanhua xian", "County code": 130721, "Township": "崞村镇", "Township_pinyin": "guo cun zhen" }, "geometry": { "type": "Polygon", "coordinates": [ [ [ 114.886619665165426, 40.435057400178948 ], [ 114.886440002204381, 40.435057400178948 ], [ 114.886440001305118, 40.435326894620516 ], [ 114.886619664266163, 40.435326894620516 ], [ 114.886619665165426, 40.435057400178948 ] ] ] } },
{ "type": "Feature", "properties": { "PV_Area": 0.0057786313647500004, "Inst_time": 20141021.0, "Inst_year": 2014, "Major_type": "Grassland", "Lat": 40.435215984400003, "Lon": 114.88804179900001, "Province": "河北", "Province_pinyin": "Hebei", "Province code": 13, "City": "张家口市", "City_pinyin": "Zhangjiakou", "City code": 1307, "County": "宣化县", "County_pinyin": "Xuanhua xian", "County code": 130721, "Township": "崞村镇", "Township_pinyin": "guo cun zhen" }, "geometry": { "type": "Polygon", "coordinates": [ [ [ 114.888416294776221, 40.43568622144204 ], [ 114.888416294776221, 40.435596389062141 ], [ 114.888506126256743, 40.435506557581618 ], [ 114.888595956838003, 40.435506557581618 ], [ 114.888595957737266, 40.435326894620516 ], [ 114.888506126256743, 40.435147231659471 ], [ 114.888416294776221, 40.435057400178948 ], [ 114.888326462396435, 40.434967568698369 ], [ 114.888146800334653, 40.434877737217846 ], [ 114.88751797997088, 40.434877737217846 ], [ 114.887428147590981, 40.434967568698369 ], [ 114.887428146691718, 40.435237063139994 ], [ 114.887607810552026, 40.435326894620516 ], [ 114.887787474412448, 40.435326894620516 ], [ 114.88796713827287, 40.435416726101096 ], [ 114.88805696885413, 40.435506557581618 ], [ 114.888146800334653, 40.435596389062141 ], [ 114.888146800334653, 40.43568622144204 ], [ 114.888416294776221, 40.43568622144204 ] ] ] } },
{ "type": "Feature", "properties": { "PV_Area": 0.013496271655400001, "Inst_time": 20140428.0, "Inst_year": 2014, "Major_type": "Grassland", "Lat": 40.434628402000001, "Lon": 114.912619861, "Province": "河北", "Province_pinyin": "Hebei", "Province code": 13, "City": "张家口市", "City_pinyin": "Zhangjiakou", "City code": 1307, "County": "宣化县", "County_pinyin": "Xuanhua xian", "County code": 130721, "Township": "崞村镇", "Township_pinyin": "guo cun zhen" }, "geometry": { "type": "Polygon", "coordinates": [ [ [ 114.912580975631613, 40.43568622144204 ], [ 114.912760638592658, 40.435596389062141 ], [ 114.912760638592658, 40.435237063139994 ], [ 114.912670808011399, 40.435057400178948 ], [ 114.912760638592658, 40.434698074256801 ], [ 114.913119965414126, 40.434248916854074 ], [ 114.913479290436953, 40.433889590931926 ], [ 114.91347929133633, 40.433620095590982 ], [ 114.913389459855694, 40.433530264110459 ], [ 114.913030133034226, 40.433530264110459 ], [ 114.912940301553704, 40.433620095590982 ], [ 114.912850470972558, 40.433709927071504 ], [ 114.912760638592658, 40.433889590032607 ], [ 114.912760639492035, 40.434069253893028 ], [ 114.912670808011399, 40.434248916854074 ], [ 114.91249114415109, 40.434338748334596 ], [ 114.912131818228886, 40.434428579815176 ], [ 114.912041987647626, 40.434518411295699 ], [ 114.911952156167104, 40.434608242776221 ], [ 114.911952155267841, 40.434787905737323 ], [ 114.911952154368464, 40.434877737217846 ], [ 114.912041985848987, 40.435506557581618 ], [ 114.912131817329623, 40.435596389062141 ], [ 114.912221649709409, 40.435596389062141 ], [ 114.912491145050353, 40.435596389062141 ], [ 114.912491145050353, 40.43568622144204 ], [ 114.912580975631613, 40.43568622144204 ] ] ] } },
{ "type": "Feature", "properties": { "PV_Area": 0.0012546014822600001, "Inst_time": 20141005.0, "Inst_year": 2014, "Major_type": "Grassland", "Lat": 40.433714463999998, "Lon": 114.892597544, "Province": "河北", "Province_pinyin": "Hebei", "Province code": 13, "City": "张家口市", "City_pinyin": "Zhangjiakou", "City code": 1307, "County": "宣化县", "County_pinyin": "Xuanhua xian", "County code": 130721, "Township": "崞村镇", "Township_pinyin": "guo cun zhen" }, "geometry": { "type": "Polygon", "coordinates": [ [ [ 114.892728208540007, 40.433889590032607 ], [ 114.892818040020643, 40.433799758552084 ], [ 114.892818040020643, 40.433620095590982 ], [ 114.89263837795886, 40.433530264110459 ], [ 114.892548544679698, 40.433530264110459 ], [ 114.892368881718539, 40.433620095590982 ], [ 114.892368881718539, 40.433799758552084 ], [ 114.892548544679698, 40.433889590032607 ], [ 114.892728208540007, 40.433889590032607 ] ] ] } },
{ "type": "Feature", "properties": { "PV_Area": 0.0088582073106899997, "Inst_time": 20141005.0, "Inst_year": 2014, "Major_type": "Grassland", "Lat": 40.4339271168, "Lon": 114.891973444, "Province": "河北", "Province_pinyin": "Hebei", "Province code": 13, "City": "张家口市", "City_pinyin": "Zhangjiakou", "City code": 1307, "County": "宣化县", "County_pinyin": "Xuanhua xian", "County code": 130721, "Township": "崞村镇", "Township_pinyin": "guo cun zhen" }, "geometry": { "type": "Polygon", "coordinates": [ [ [ 114.892189219656871, 40.434877737217846 ], [ 114.892189218757494, 40.434787905737323 ], [ 114.892279051137393, 40.434698074256801 ], [ 114.892458714098439, 40.434698074256801 ], [ 114.892548545578961, 40.434608242776221 ], [ 114.892548545578961, 40.434338747435277 ], [ 114.892458714997815, 40.434248916854074 ], [ 114.892279051137393, 40.434159086272871 ], [ 114.892189218757494, 40.433799758552084 ], [ 114.892189218757494, 40.433709927071504 ], [ 114.892099388176234, 40.433350601149357 ], [ 114.892009556695712, 40.433170938188312 ], [ 114.891829891936027, 40.433081106707789 ], [ 114.891650229874244, 40.433081106707789 ], [ 114.891560398393722, 40.433170938188312 ], [ 114.891470566913199, 40.433260769668834 ], [ 114.891380735432676, 40.433350601149357 ], [ 114.891380735432676, 40.433530264110459 ], [ 114.891560398393722, 40.433799758552084 ], [ 114.891829892835403, 40.433889590032607 ], [ 114.892009555796449, 40.433979422412449 ], [ 114.892009555796449, 40.434248916854074 ], [ 114.891919725215189, 40.434338748334596 ], [ 114.891829892835403, 40.434338748334596 ], [ 114.891829892835403, 40.434608242776221 ], [ 114.892009555796449, 40.434787905737323 ], [ 114.892099387276971, 40.434877737217846 ], [ 114.892189219656871, 40.434877737217846 ] ] ] } },
{ "type": "Feature", "properties": { "PV_Area": 0.051192800975000001, "Inst_time": 20140629.0, "Inst_year": 2014, "Major_type": "Grassland", "Lat": 40.429304435900001, "Lon": 114.94575857, "Province": "河北", "Province_pinyin": "Hebei", "Province code": 13, "City": "张家口市", "City_pinyin": "Zhangjiakou", "City code": 1307, "County": "宣化县", "County_pinyin": "Xuanhua xian", "County code": 130721, "Township": "崞村镇", "Township_pinyin": "guo cun zhen" }, "geometry": { "type": "Polygon", "coordinates": [ [ [ 114.947348318070453, 40.430592026101181 ], [ 114.947393095315192, 40.430589482818448 ], [ 114.947436606314341, 40.430611238318022 ], [ 114.9476518536502, 40.430619074111007 ], [ 114.947670789775202, 40.430600138885382 ], [ 114.948549719693915, 40.430600138885382 ], [ 114.948538311793754, 40.430502888897252 ], [ 114.948793830770683, 40.430511571851639 ], [ 114.948777861509143, 40.430469893670704 ], [ 114.948670634442237, 40.430390009591349 ], [ 114.948522342532101, 40.430376116864352 ], [ 114.948515497792073, 40.430188563251647 ], [ 114.948442492627009, 40.430058318037027 ], [ 114.948168722808418, 40.430060054627859 ], [ 114.948113968484904, 40.430292759603219 ], [ 114.947769474181996, 40.430292759603219 ], [ 114.94775350402108, 40.430040952128309 ], [ 114.948009022998122, 40.430028795092881 ], [ 114.947997615997224, 40.429813455126919 ], [ 114.94786985650876, 40.429808245354309 ], [ 114.947847042507078, 40.42969015537642 ], [ 114.947577834949129, 40.429686682194699 ], [ 114.947586960370018, 40.42980650876342 ], [ 114.947404355726462, 40.429805508717322 ], [ 114.947406729037425, 40.429726624684008 ], [ 114.94700291725087, 40.429438344304174 ], [ 114.946617358104618, 40.429091018036104 ], [ 114.946243205059886, 40.429068442354776 ], [ 114.946229516479093, 40.429155273696949 ], [ 114.946081224568957, 40.429158746878727 ], [ 114.946082757913018, 40.429308181827196 ], [ 114.946003068986556, 40.429308181827196 ], [ 114.945996812402996, 40.429068442354776 ], [ 114.945766389007758, 40.429071915536554 ], [ 114.945761825847626, 40.428960770123467 ], [ 114.945538247192417, 40.428950350578248 ], [ 114.945501744609942, 40.428043818667334 ], [ 114.945367598136158, 40.428048655221289 ], [ 114.945099988673633, 40.427781046658026 ], [ 114.945010158991749, 40.427691215177504 ], [ 114.944920325712474, 40.427421719836559 ], [ 114.944830495131328, 40.427331889255356 ], [ 114.944381336829338, 40.427331889255356 ], [ 114.944291506248078, 40.427421719836559 ], [ 114.944201673868179, 40.427511552216401 ], [ 114.944113623944645, 40.427951806330839 ], [ 114.943688017088334, 40.427953511445423 ], [ 114.943612730343261, 40.428064658657149 ], [ 114.943605885603233, 40.428160174752293 ], [ 114.943469000693881, 40.428170594297569 ], [ 114.9434735638539, 40.428575235258961 ], [ 114.94424696462579, 40.428575235258961 ], [ 114.94423555672563, 40.428231377676013 ], [ 114.94456762149855, 40.42823682576892 ], [ 114.944650832170282, 40.428320036440596 ], [ 114.944726760131971, 40.428471895961309 ], [ 114.944732906098807, 40.429381035906147 ], [ 114.944869791907422, 40.429374089542648 ], [ 114.944883479588952, 40.429726624684008 ], [ 114.944748876259723, 40.429728361274897 ], [ 114.94476484642064, 40.430063527809637 ], [ 114.944630242192034, 40.430063527809637 ], [ 114.944641649192818, 40.430725173428073 ], [ 114.94518690904863, 40.430716490473685 ], [ 114.945182345888611, 40.430612295021433 ], [ 114.945307823797066, 40.430610558430601 ], [ 114.945303260637047, 40.430384799818682 ], [ 114.945428738545502, 40.430379590046073 ], [ 114.945426457864755, 40.429968014412395 ], [ 114.945282728215375, 40.429973224185005 ], [ 114.945278165055356, 40.429648476296222 ], [ 114.946088069308985, 40.429634583569225 ], [ 114.946195295476514, 40.429733571047507 ], [ 114.946537294160862, 40.429728815432554 ], [ 114.946537293261486, 40.429847172509085 ], [ 114.946627124742122, 40.43002683457081 ], [ 114.946716957121907, 40.430116666051333 ], [ 114.946896620083066, 40.430206498431232 ], [ 114.947166116323274, 40.430206498431232 ], [ 114.947255946005157, 40.430296329012435 ], [ 114.947255946005157, 40.430475991973481 ], [ 114.94730345539017, 40.43052350135855 ], [ 114.946473628455237, 40.430516781624249 ], [ 114.946485035456135, 40.430706070928466 ], [ 114.946615076524608, 40.430699124565024 ], [ 114.946624201945383, 40.430775534563338 ], [ 114.946747399173205, 40.430779007745059 ], [ 114.946742836013186, 40.431020393876111 ], [ 114.947089611896104, 40.43101171092178 ], [ 114.947094174156859, 40.430853681152541 ], [ 114.947187712642858, 40.430858890925151 ], [ 114.947349693133901, 40.430761641836341 ], [ 114.947348318070453, 40.430592026101181 ] ] ] } },
{ "type": "Feature", "properties": { "PV_Area": 0.0101138939478, "Inst_time": 20141013.0, "Inst_year": 2014, "Major_type": "Grassland", "Lat": 40.42656258, "Lon": 114.808144958, "Province": "河北", "Province_pinyin": "Hebei", "Province code": 13, "City": "张家口市", "City_pinyin": "Zhangjiakou", "City code": 1307, "County": "宣化县", "County_pinyin": "Xuanhua xian", "County code": 130721, "Township": "深井镇", "Township_pinyin": "shen jing zhen" }, "geometry": { "type": "Polygon", "coordinates": [ [ [ 114.808556067208769, 40.426972563333209 ], [ 114.808735728371175, 40.426882730953309 ], [ 114.808825560751075, 40.426792900372106 ], [ 114.80900522371212, 40.426613237411004 ], [ 114.80900522371212, 40.426253910589537 ], [ 114.808825560751075, 40.426164079109014 ], [ 114.808556066309507, 40.426164079109014 ], [ 114.808556066309507, 40.426253910589537 ], [ 114.808376403348348, 40.426343742070117 ], [ 114.807837413565835, 40.426343742070117 ], [ 114.80765775060479, 40.426253910589537 ], [ 114.80765775060479, 40.426164079109014 ], [ 114.807388257062485, 40.426164079109014 ], [ 114.807298423783323, 40.426253910589537 ], [ 114.807208594101439, 40.426343742070117 ], [ 114.807208593202063, 40.426613237411004 ], [ 114.807298424682585, 40.426703067992264 ], [ 114.80765775060479, 40.426792900372106 ], [ 114.807837413565835, 40.426882730953309 ], [ 114.808017077426257, 40.426972563333209 ], [ 114.808556067208769, 40.426972563333209 ] ] ] } },
{ "type": "Feature", "properties": { "PV_Area": 0.0040684632895300003, "Inst_time": 20141013.0, "Inst_year": 2014, "Major_type": "Grassland", "Lat": 40.425044682900001, "Lon": 114.892837069, "Province": "河北", "Province_pinyin": "Hebei", "Province code": 13, "City": "张家口市", "City_pinyin": "Zhangjiakou", "City code": 1307, "County": "宣化县", "County_pinyin": "Xuanhua xian", "County code": 130721, "Township": "深井镇", "Township_pinyin": "shen jing zhen" }, "geometry": { "type": "Polygon", "coordinates": [ [ [ 114.892997702981688, 40.425625090225765 ], [ 114.893087533562834, 40.425445427264719 ], [ 114.893087533562834, 40.425265764303617 ], [ 114.892997702981688, 40.424547110660683 ], [ 114.892728207640744, 40.424547110660683 ], [ 114.892638377059484, 40.424636943040525 ], [ 114.892548544679698, 40.424816606001627 ], [ 114.892548544679698, 40.424996268962673 ], [ 114.892548545578961, 40.425086101342572 ], [ 114.892638377059484, 40.425265764303617 ], [ 114.892907869702526, 40.425625090225765 ], [ 114.892997702981688, 40.425625090225765 ] ] ] } },
{ "type": "Feature", "properties": { "PV_Area": 0.0012927931701399999, "Inst_time": 20100828.0, "Inst_year": 2010, "Major_type": "Grassland", "Lat": 40.424473132400003, "Lon": 114.80069140400001, "Province": "河北", "Province_pinyin": "Hebei", "Province code": 13, "City": "张家口市", "City_pinyin": "Zhangjiakou", "City code": 1307, "County": "宣化县", "County_pinyin": "Xuanhua xian", "County code": 130721, "Township": "深井镇", "Township_pinyin": "shen jing zhen" }, "geometry": { "type": "Polygon", "coordinates": [ [ [ 114.800740723006015, 40.424367447699581 ], [ 114.800740723905392, 40.424277617118378 ], [ 114.80056106004497, 40.424277617118378 ], [ 114.800471228564447, 40.424367447699581 ], [ 114.800471228564447, 40.424547110660683 ], [ 114.80056106004497, 40.424636943040525 ], [ 114.800920385967061, 40.424636943040525 ], [ 114.800920385967061, 40.424367447699581 ], [ 114.800740723006015, 40.424367447699581 ] ] ] } },
{ "type": "Feature", "properties": { "PV_Area": 0.016311854291900001, "Inst_time": 20140815.0, "Inst_year": 2014, "Major_type": "Grassland", "Lat": 40.425095034999998, "Lon": 114.899523437, "Province": "河北", "Province_pinyin": "Hebei", "Province code": 13, "City": "张家口市", "City_pinyin": "Zhangjiakou", "City code": 1307, "County": "宣化县", "County_pinyin": "Xuanhua xian", "County code": 130721, "Township": "深井镇", "Township_pinyin": "shen jing zhen" }, "geometry": { "type": "Polygon", "coordinates": [ [ [ 114.899645236138781, 40.425714920807025 ], [ 114.899645236138781, 40.425625090225765 ], [ 114.900453720362975, 40.425625090225765 ], [ 114.900453720362975, 40.42535559488482 ], [ 114.90027405740193, 40.425265764303617 ], [ 114.900184225022031, 40.425175931923775 ], [ 114.900184225022031, 40.42445728007948 ], [ 114.900094394440771, 40.424367447699581 ], [ 114.900004561161609, 40.424277617118378 ], [ 114.899824899999203, 40.424277617118378 ], [ 114.89973506851868, 40.424367447699581 ], [ 114.899735067619304, 40.424816606001627 ], [ 114.899465573177736, 40.424816606001627 ], [ 114.899375740797836, 40.424726775420424 ], [ 114.89928591021669, 40.424636943040525 ], [ 114.899106247255531, 40.424367447699581 ], [ 114.898926583395223, 40.424367447699581 ], [ 114.898746921333441, 40.42445728007948 ], [ 114.898746921333441, 40.424816606001627 ], [ 114.898836751914587, 40.424816606001627 ], [ 114.898836751914587, 40.425265764303617 ], [ 114.898746920434064, 40.425445427264719 ], [ 114.898746921333441, 40.425625090225765 ], [ 114.898836751914587, 40.425714920807025 ], [ 114.899645236138781, 40.425714920807025 ] ] ] } },
{ "type": "Feature", "properties": { "PV_Area": 0.0110267121616, "Inst_time": 20140907.0, "Inst_year": 2014, "Major_type": "Grassland", "Lat": 40.42474567, "Lon": 114.94556979799999, "Province": "河北", "Province_pinyin": "Hebei", "Province code": 13, "City": "张家口市", "City_pinyin": "Zhangjiakou", "City code": 1307, "County": "宣化县", "County_pinyin": "Xuanhua xian", "County code": 130721, "Township": "崞村镇", "Township_pinyin": "guo cun zhen" }, "geometry": { "type": "Polygon", "coordinates": [ [ [ 114.945818642316567, 40.425714920807025 ], [ 114.945908472897713, 40.425625090225765 ], [ 114.945908472897713, 40.42490643838147 ], [ 114.945998305277612, 40.42490643838147 ], [ 114.945998305277612, 40.42445728007948 ], [ 114.945818642316567, 40.424097954157332 ], [ 114.945728809037405, 40.424008121777433 ], [ 114.945638979355522, 40.42391829119623 ], [ 114.945279651634678, 40.42391829119623 ], [ 114.945099988673633, 40.424008121777433 ], [ 114.945010158092373, 40.424097954157332 ], [ 114.945010158991749, 40.424277617118378 ], [ 114.945099987774256, 40.424367447699581 ], [ 114.945279651634678, 40.424367447699581 ], [ 114.945369484014577, 40.42445728007948 ], [ 114.945369484014577, 40.424726775420424 ], [ 114.945279652534055, 40.424726775420424 ], [ 114.945189821053418, 40.42490643838147 ], [ 114.945189821053418, 40.425175931923775 ], [ 114.945279651634678, 40.42535559488482 ], [ 114.945369484014577, 40.425445427264719 ], [ 114.945549146975623, 40.425535257845922 ], [ 114.945549146975623, 40.425625090225765 ], [ 114.945638980254785, 40.425714920807025 ], [ 114.945818642316567, 40.425714920807025 ] ] ] } },
{ "type": "Feature", "properties": { "PV_Area": 0.020800479011999998, "Inst_time": 20151218.0, "Inst_year": 2015, "Major_type": "Grassland", "Lat": 40.418771562899998, "Lon": 114.78739458299999, "Province": "河北", "Province_pinyin": "Hebei", "Province code": 13, "City": "张家口市", "City_pinyin": "Zhangjiakou", "City code": 1307, "County": "宣化县", "County_pinyin": "Xuanhua xian", "County code": 130721, "Township": "深井镇", "Township_pinyin": "shen jing zhen" }, "geometry": { "type": "Polygon", "coordinates": [ [ [ 114.788972792760205, 40.419426713572022 ], [ 114.788972792760205, 40.419247050610977 ], [ 114.788972792760205, 40.419067387649875 ], [ 114.788972792760205, 40.41879789410757 ], [ 114.788882962179059, 40.418708060828408 ], [ 114.78879312979916, 40.418618231146525 ], [ 114.788164309435388, 40.418618231146525 ], [ 114.78789481499382, 40.418528398766625 ], [ 114.787715152032661, 40.418438568185422 ], [ 114.787086330769625, 40.41834873580558 ], [ 114.78681683722732, 40.418258905224377 ], [ 114.786547341886376, 40.418258905224377 ], [ 114.785828689142704, 40.418258905224377 ], [ 114.785738857662182, 40.41834873580558 ], [ 114.785649026181659, 40.418438568185422 ], [ 114.785649026181659, 40.418528398766625 ], [ 114.785738857662182, 40.418708061727727 ], [ 114.785828690042081, 40.41879789410757 ], [ 114.786008353003126, 40.418887724688773 ], [ 114.786277847444808, 40.418977557068672 ], [ 114.787355825211193, 40.418977557068672 ], [ 114.787984645574966, 40.419157220029717 ], [ 114.788164308536125, 40.419247050610977 ], [ 114.788164309435388, 40.41933688299082 ], [ 114.78834397149717, 40.419426713572022 ], [ 114.788972792760205, 40.419426713572022 ] ] ] } },
{ "type": "Feature", "properties": { "PV_Area": 0.017644650717600002, "Inst_time": 20151129.0, "Inst_year": 2015, "Major_type": "Woodland", "Lat": 40.417383176199998, "Lon": 114.781515356, "Province": "河北", "Province_pinyin": "Hebei", "Province code": 13, "City": "张家口市", "City_pinyin": "Zhangjiakou", "City code": 1307, "County": "宣化县", "County_pinyin": "Xuanhua xian", "County code": 130721, "Township": "深井镇", "Township_pinyin": "shen jing zhen" }, "geometry": { "type": "Polygon", "coordinates": [ [ [ 114.781876102200386, 40.41834873580558 ], [ 114.781876102200386, 40.418258905224377 ], [ 114.781965934580285, 40.418169072844478 ], [ 114.782055765161545, 40.418079241363955 ], [ 114.782145596642067, 40.418079241363955 ], [ 114.782145596642067, 40.41780974692233 ], [ 114.782055765161545, 40.417719915441808 ], [ 114.781965933680908, 40.417630083961285 ], [ 114.781606607758818, 40.417630083961285 ], [ 114.781516776278295, 40.417540251581386 ], [ 114.781516777177558, 40.41736058862034 ], [ 114.781606606859441, 40.417270758039081 ], [ 114.782145596642067, 40.417270758039081 ], [ 114.782325259603112, 40.417091095078035 ], [ 114.782325259603112, 40.416821599737091 ], [ 114.78223542812259, 40.416641936775989 ], [ 114.782055765161545, 40.416552105295466 ], [ 114.781606606859441, 40.416552105295466 ], [ 114.781426944797772, 40.416641936775989 ], [ 114.781067618875568, 40.416821599737091 ], [ 114.780887955015146, 40.416911432116933 ], [ 114.780798124434, 40.417001262698193 ], [ 114.780708292953364, 40.417091095078035 ], [ 114.780708292054101, 40.4172707589384 ], [ 114.780798124434, 40.417630083961285 ], [ 114.780887955015146, 40.41780974692233 ], [ 114.78124728093735, 40.418169072844478 ], [ 114.781426945697035, 40.418258905224377 ], [ 114.781606606859441, 40.41834873580558 ], [ 114.781876102200386, 40.41834873580558 ] ] ] } },
{ "type": "Feature", "properties": { "PV_Area": 0.0014070307182300001, "Inst_time": 20140628.0, "Inst_year": 2014, "Major_type": "Grassland", "Lat": 40.416314982599999, "Lon": 114.940730616, "Province": "河北", "Province_pinyin": "Hebei", "Province code": 13, "City": "张家口市", "City_pinyin": "Zhangjiakou", "City code": 1307, "County": "宣化县", "County_pinyin": "Xuanhua xian", "County code": 130721, "Township": "深井镇", "Township_pinyin": "shen jing zhen" }, "geometry": { "type": "Polygon", "coordinates": [ [ [ 114.940788074909847, 40.416552105295466 ], [ 114.940877908189009, 40.416462273814943 ], [ 114.940967738770155, 40.416372442334421 ], [ 114.940967738770155, 40.416282610853841 ], [ 114.940877908189009, 40.416192779373318 ], [ 114.94078807580911, 40.416102947892796 ], [ 114.940608413747327, 40.416102947892796 ], [ 114.940518581367542, 40.416192779373318 ], [ 114.940518580468165, 40.416372442334421 ], [ 114.940608412848064, 40.416462273814943 ], [ 114.940698244328587, 40.416552105295466 ], [ 114.940788074909847, 40.416552105295466 ] ] ] } },
{ "type": "Feature", "properties": { "PV_Area": 0.016740147539000001, "Inst_time": 20140823.0, "Inst_year": 2014, "Major_type": "Grassland", "Lat": 40.415151508400001, "Lon": 114.92939593200001, "Province": "河北", "Province_pinyin": "Hebei", "Province code": 13, "City": "张家口市", "City_pinyin": "Zhangjiakou", "City code": 1307, "County": "宣化县", "County_pinyin": "Xuanhua xian", "County code": 130721, "Township": "深井镇", "Township_pinyin": "shen jing zhen" }, "geometry": { "type": "Polygon", "coordinates": [ [ [ 114.929053874636679, 40.414665643304829 ], [ 114.928840482602254, 40.414665643304829 ], [ 114.928840483501517, 40.414755474785409 ], [ 114.928750650222355, 40.414845306265931 ], [ 114.928481157579427, 40.415024969226977 ], [ 114.928121829858583, 40.415204633087399 ], [ 114.9280320001767, 40.415294463668602 ], [ 114.9280320001767, 40.415384296048501 ], [ 114.928211662238482, 40.415563959009546 ], [ 114.928660818741832, 40.415563959009546 ], [ 114.928660819641209, 40.415552195877183 ], [ 114.929176610512172, 40.415566907886557 ], [ 114.929191884597913, 40.415668084314689 ], [ 114.929426870253906, 40.415744511400135 ], [ 114.929837525881226, 40.415716719650959 ], [ 114.929896842465382, 40.415642029156345 ], [ 114.930088481698135, 40.415642029156345 ], [ 114.930097608018286, 40.415563864580747 ], [ 114.930186583344152, 40.415562127989858 ], [ 114.930191145604908, 40.415417957672673 ], [ 114.930556172329602, 40.415409272919646 ], [ 114.930551610068846, 40.415454435074196 ], [ 114.931055803282788, 40.415456171665028 ], [ 114.931048959442023, 40.415334582425089 ], [ 114.93074096772159, 40.415351951931086 ], [ 114.930743249301599, 40.415272050764599 ], [ 114.930836786888221, 40.415261628521364 ], [ 114.930834506207589, 40.415200834351083 ], [ 114.930622333653787, 40.415207781613901 ], [ 114.930877852630829, 40.414886436759673 ], [ 114.930877852630829, 40.414863855682427 ], [ 114.930727279140683, 40.414862119091595 ], [ 114.930524232907032, 40.415093140536044 ], [ 114.93041928742025, 40.415272050764599 ], [ 114.930378222577019, 40.415292894351637 ], [ 114.930366814676859, 40.415350215340197 ], [ 114.929823837300319, 40.415362374174265 ], [ 114.929828400460337, 40.415239047444118 ], [ 114.929707484812639, 40.415233836772188 ], [ 114.929693796231732, 40.41515567219659 ], [ 114.929577444643428, 40.415162620358672 ], [ 114.929568318323277, 40.415032345466443 ], [ 114.929451966734973, 40.415020186632375 ], [ 114.929454247415606, 40.414799586531728 ], [ 114.929823837300319, 40.414794375859799 ], [ 114.929828400460337, 40.41462067540391 ], [ 114.930188864024899, 40.414624149484951 ], [ 114.930702183558992, 40.414358386330491 ], [ 114.930697620398973, 40.414294116280473 ], [ 114.930177457024115, 40.414316697357776 ], [ 114.930161487762462, 40.414420918890357 ], [ 114.929691515551099, 40.414545984010033 ], [ 114.929682389230948, 40.414608515670523 ], [ 114.929052718108551, 40.414585934593276 ], [ 114.929053874636679, 40.414665643304829 ] ] ] } },
{ "type": "Feature", "properties": { "PV_Area": 0.0035746868395299999, "Inst_time": 20140822.0, "Inst_year": 2014, "Major_type": "Grassland", "Lat": 40.415012545899998, "Lon": 114.931414061, "Province": "河北", "Province_pinyin": "Hebei", "Province code": 13, "City": "张家口市", "City_pinyin": "Zhangjiakou", "City code": 1307, "County": "宣化县", "County_pinyin": "Xuanhua xian", "County code": 130721, "Township": "深井镇", "Township_pinyin": "shen jing zhen" }, "geometry": { "type": "Polygon", "coordinates": [ [ [ 114.931445596437243, 40.415384296048501 ], [ 114.931535428817028, 40.415204633087399 ], [ 114.931715090878811, 40.415114800707556 ], [ 114.93180492325871, 40.414935137746454 ], [ 114.931804924157973, 40.414845306265931 ], [ 114.931715091778074, 40.414755474785409 ], [ 114.931625259398288, 40.414665643304829 ], [ 114.931355764956606, 40.414665643304829 ], [ 114.931176101995561, 40.414845306265931 ], [ 114.931086271414301, 40.414935137746454 ], [ 114.931086271414301, 40.415294463668602 ], [ 114.931176101995561, 40.415384296048501 ], [ 114.931445596437243, 40.415384296048501 ] ] ] } },
{ "type": "Feature", "properties": { "PV_Area": 0.035318015505099998, "Inst_time": 20140628.0, "Inst_year": 2014, "Major_type": "Grassland", "Lat": 40.415416584799999, "Lon": 114.938244025, "Province": "河北", "Province_pinyin": "Hebei", "Province code": 13, "City": "张家口市", "City_pinyin": "Zhangjiakou", "City code": 1307, "County": "宣化县", "County_pinyin": "Xuanhua xian", "County code": 130721, "Township": "深井镇", "Township_pinyin": "shen jing zhen" }, "geometry": { "type": "Polygon", "coordinates": [ [ [ 114.939489457472519, 40.416690790647522 ], [ 114.939825575489976, 40.416689421879369 ], [ 114.939818731649211, 40.416762373984398 ], [ 114.939889761003769, 40.41676148815219 ], [ 114.940097064627935, 40.416758900802677 ], [ 114.940093138187876, 40.416594507430602 ], [ 114.940087938307784, 40.416376768972782 ], [ 114.940026340143504, 40.416369821709964 ], [ 114.94001493314272, 40.416255181531483 ], [ 114.940222069492961, 40.416260394901371 ], [ 114.940221255606502, 40.416075115674118 ], [ 114.94022026095638, 40.415848730234757 ], [ 114.94002122390043, 40.415875084867309 ], [ 114.9400208380913, 40.415874698158859 ], [ 114.939857515811809, 40.415885206736959 ], [ 114.939830138649995, 40.41577751382124 ], [ 114.939697816001512, 40.415772303149311 ], [ 114.939690898416302, 40.415616933574654 ], [ 114.939684127420605, 40.415464856418055 ], [ 114.939430890023573, 40.415308527266745 ], [ 114.939275753373408, 40.415313738838051 ], [ 114.939290248646103, 40.415474126629704 ], [ 114.938811782337893, 40.415474126629704 ], [ 114.938721949958108, 40.415384296048501 ], [ 114.938632119376848, 40.415294463668602 ], [ 114.938542287896325, 40.415114800707556 ], [ 114.938452455516426, 40.414665643304829 ], [ 114.93836262493528, 40.414575811824307 ], [ 114.938272792555381, 40.414485980343784 ], [ 114.938003298113813, 40.414485980343784 ], [ 114.938003299013076, 40.414575811824307 ], [ 114.937643973990248, 40.414575810924987 ], [ 114.937554139811709, 40.414485980343784 ], [ 114.937464309230563, 40.414396148863204 ], [ 114.937374478649303, 40.414216485902159 ], [ 114.937194814788882, 40.414126654421636 ], [ 114.937015151827836, 40.414126654421636 ], [ 114.936835488866791, 40.414306317382682 ], [ 114.936296499983541, 40.414396148863204 ], [ 114.936206667603642, 40.414485980343784 ], [ 114.936206667603642, 40.414665644204149 ], [ 114.936296499983541, 40.414755474785409 ], [ 114.936363079492594, 40.414810957559723 ], [ 114.936636152336632, 40.414794375859799 ], [ 114.936636152336632, 40.415038519312247 ], [ 114.936641682267918, 40.415043126539103 ], [ 114.936608776074195, 40.415247733096464 ], [ 114.936501549007289, 40.415247733096464 ], [ 114.936508392848168, 40.415360637583433 ], [ 114.937544157337015, 40.415341530587227 ], [ 114.937555963636896, 40.415114800707556 ], [ 114.937564689758688, 40.414947231829331 ], [ 114.938046068970948, 40.414909017836976 ], [ 114.938050983765947, 40.415389834073608 ], [ 114.938093129594336, 40.415474126629704 ], [ 114.938093129594336, 40.415813062223094 ], [ 114.937790549993906, 40.415817464404483 ], [ 114.937797394734048, 40.416236075434597 ], [ 114.937918309482484, 40.416236075434597 ], [ 114.937927435802635, 40.416461880811198 ], [ 114.93821261262201, 40.416461880811198 ], [ 114.938351779111372, 40.416383717134863 ], [ 114.938374593113053, 40.416321186373693 ], [ 114.938579920926713, 40.416321186373693 ], [ 114.938579920926713, 40.416248234268664 ], [ 114.938459006178277, 40.416241286106526 ], [ 114.938464192568517, 40.4161419955567 ], [ 114.938542287896325, 40.416102948792116 ], [ 114.938542287896325, 40.416013116412273 ], [ 114.93890161381853, 40.416013116412273 ], [ 114.939081275880199, 40.416102947892796 ], [ 114.93926093974062, 40.416192779373318 ], [ 114.93935077212052, 40.416282610853841 ], [ 114.939440602701666, 40.416372442334421 ], [ 114.939440603601042, 40.416641936775989 ], [ 114.939489457472519, 40.416690790647522 ] ] ] } },
{ "type": "Feature", "properties": { "PV_Area": 0.00015211693233499999, "Inst_time": 20140628.0, "Inst_year": 2014, "Major_type": "Grassland", "Lat": 40.413408001800001, "Lon": 114.93697023599999, "Province": "河北", "Province_pinyin": "Hebei", "Province code": 13, "City": "张家口市", "City_pinyin": "Zhangjiakou", "City code": 1307, "County": "宣化县", "County_pinyin": "Xuanhua xian", "County code": 130721, "Township": "深井镇", "Township_pinyin": "shen jing zhen" }, "geometry": { "type": "Polygon", "coordinates": [ [ [ 114.937015151827836, 40.413318170197442 ], [ 114.93692532124669, 40.413318170197442 ], [ 114.936925320347314, 40.413497833158544 ], [ 114.937015151827836, 40.413497833158544 ], [ 114.937015151827836, 40.413318170197442 ] ] ] } },
{ "type": "Feature", "properties": { "PV_Area": 0.13576234977400001, "Inst_time": 20151024.0, "Inst_year": 2015, "Major_type": "Cropland", "Lat": 40.414851261599999, "Lon": 114.788800243, "Province": "河北", "Province_pinyin": "Hebei", "Province code": 13, "City": "张家口市", "City_pinyin": "Zhangjiakou", "City code": 1307, "County": "宣化县", "County_pinyin": "Xuanhua xian", "County code": 130721, "Township": "深井镇", "Township_pinyin": "shen jing zhen" }, "geometry": { "type": "Polygon", "coordinates": [ [ [ 114.791128750091843, 40.417001262698193 ], [ 114.791128749192467, 40.416911432116933 ], [ 114.791398244533411, 40.416821599737091 ], [ 114.791667738974979, 40.416821599737091 ], [ 114.791847401936138, 40.416731769155888 ], [ 114.792206726958966, 40.416552106194786 ], [ 114.792206727858229, 40.416282610853841 ], [ 114.791398243634148, 40.416192779373318 ], [ 114.790949087130684, 40.415833452551851 ], [ 114.790859254750899, 40.415743621970648 ], [ 114.790859255650162, 40.415563959009546 ], [ 114.791398242734772, 40.415563959009546 ], [ 114.791577907494457, 40.415474126629704 ], [ 114.792116896377706, 40.415024969226977 ], [ 114.792116896377706, 40.414845306265931 ], [ 114.792027064897184, 40.414755474785409 ], [ 114.791488076913311, 40.414755474785409 ], [ 114.791038917711944, 40.414665643304829 ], [ 114.790859255650162, 40.414575811824307 ], [ 114.790499928828694, 40.414485980343784 ], [ 114.79023043348775, 40.414485981243104 ], [ 114.790230434387126, 40.414036822941057 ], [ 114.790140602906604, 40.413946990561215 ], [ 114.790050771425967, 40.413857159980012 ], [ 114.789781276085137, 40.413767327600169 ], [ 114.789511781643455, 40.413767327600169 ], [ 114.789511781643455, 40.413857159980012 ], [ 114.78933211868241, 40.413857159980012 ], [ 114.789152455721364, 40.413677497018909 ], [ 114.789062625140105, 40.413497833158544 ], [ 114.789062625140105, 40.412958844275295 ], [ 114.788972792760205, 40.41268934983367 ], [ 114.788882962179059, 40.412599518353147 ], [ 114.78879312979916, 40.412509686872625 ], [ 114.788523635357592, 40.412509686872625 ], [ 114.788433803876956, 40.412599518353147 ], [ 114.788343972396433, 40.412779181314193 ], [ 114.78825414091591, 40.412869012794772 ], [ 114.788074477954865, 40.412869012794772 ], [ 114.787984645574966, 40.412779181314193 ], [ 114.787984645574966, 40.412599518353147 ], [ 114.78780498261392, 40.412509686872625 ], [ 114.787625320552138, 40.412509686872625 ], [ 114.787445656691716, 40.412599518353147 ], [ 114.78735582611057, 40.41268934983367 ], [ 114.787265994630047, 40.412779181314193 ], [ 114.787176162250148, 40.412869012794772 ], [ 114.787086330769625, 40.412958844275295 ], [ 114.786996498389726, 40.413048675755817 ], [ 114.786906668707843, 40.41322833871692 ], [ 114.786816836327944, 40.413408001677965 ], [ 114.786816836327944, 40.413677497018909 ], [ 114.78690666780858, 40.413677497018909 ], [ 114.78690666780858, 40.414126654421636 ], [ 114.786816836327944, 40.414216485902159 ], [ 114.786637173366898, 40.414216485902159 ], [ 114.786457509506477, 40.414306317382682 ], [ 114.78636767892533, 40.414396148863204 ], [ 114.786277848344071, 40.414485980343784 ], [ 114.786277847444808, 40.414845306265931 ], [ 114.78636767892533, 40.414935137746454 ], [ 114.786637173366898, 40.415024969226977 ], [ 114.786637173366898, 40.415294463668602 ], [ 114.786457510405853, 40.415294463668602 ], [ 114.786188015964171, 40.415204633087399 ], [ 114.785918521522603, 40.415114800707556 ], [ 114.785828690042081, 40.415024969226977 ], [ 114.785828690042081, 40.414755474785409 ], [ 114.785738858561558, 40.414665643304829 ], [ 114.785649026181659, 40.414665643304829 ], [ 114.785469363220614, 40.414755474785409 ], [ 114.785379532639354, 40.414845305366612 ], [ 114.785289700259568, 40.415024969226977 ], [ 114.785289700259568, 40.415294463668602 ], [ 114.785379531740091, 40.415474126629704 ], [ 114.785918520623341, 40.415743621970648 ], [ 114.787355825211193, 40.415743621970648 ], [ 114.787535489071615, 40.415833452551851 ], [ 114.787535489071615, 40.415923284931694 ], [ 114.787715152032661, 40.416013116412273 ], [ 114.78888296038042, 40.416013116412273 ], [ 114.788882961279683, 40.416102947892796 ], [ 114.789421951062309, 40.416102947892796 ], [ 114.7896914446045, 40.416013116412273 ], [ 114.789781276984399, 40.415923284931694 ], [ 114.789960939046182, 40.415743621970648 ], [ 114.789960939945445, 40.415474126629704 ], [ 114.789871106666283, 40.415474126629704 ], [ 114.789871107565659, 40.415384296048501 ], [ 114.789960940844821, 40.415294463668602 ], [ 114.790140602906604, 40.415294463668602 ], [ 114.790320265867649, 40.415474126629704 ], [ 114.790320265867649, 40.415743621970648 ], [ 114.790230434387126, 40.415923284931694 ], [ 114.790230434387126, 40.416013116412273 ], [ 114.790320265867649, 40.416192779373318 ], [ 114.790320265867649, 40.416372442334421 ], [ 114.790230434387126, 40.416462273814943 ], [ 114.789960939945445, 40.416462272915624 ], [ 114.789871107565659, 40.416552105295466 ], [ 114.789781277883776, 40.416641936775989 ], [ 114.789781276984399, 40.416731769155888 ], [ 114.789960940844821, 40.416911432116933 ], [ 114.790050772325344, 40.417001262698193 ], [ 114.791128750091843, 40.417001262698193 ] ] ] } },
{ "type": "Feature", "properties": { "PV_Area": 0.0242591463182, "Inst_time": 20140513.0, "Inst_year": 2014, "Major_type": "Grassland", "Lat": 40.412385026099997, "Lon": 114.92849251200001, "Province": "河北", "Province_pinyin": "Hebei", "Province code": 13, "City": "张家口市", "City_pinyin": "Zhangjiakou", "City code": 1307, "County": "宣化县", "County_pinyin": "Xuanhua xian", "County code": 130721, "Township": "深井镇", "Township_pinyin": "shen jing zhen" }, "geometry": { "type": "Polygon", "coordinates": [ [ [ 114.928091410290449, 40.412480697226442 ], [ 114.928031999277437, 40.412599518353147 ], [ 114.928031999277437, 40.41268934983367 ], [ 114.928047013458922, 40.412704364015212 ], [ 114.927905164291928, 40.412859323499049 ], [ 114.927864099448698, 40.413154622188131 ], [ 114.927763717121934, 40.41316504443131 ], [ 114.92761770589243, 40.413456868140031 ], [ 114.928128743846514, 40.413495083031705 ], [ 114.928407076825238, 40.41316851941167 ], [ 114.928274754176641, 40.413095562810042 ], [ 114.92816068326897, 40.412963546830269 ], [ 114.928201326330168, 40.412858676886458 ], [ 114.928211662238482, 40.412869012794772 ], [ 114.929020146462676, 40.412869012794772 ], [ 114.929020146462676, 40.412958844275295 ], [ 114.929469302966027, 40.412958844275295 ], [ 114.929559135345926, 40.412869012794772 ], [ 114.929648965027809, 40.412779181314193 ], [ 114.929738798306971, 40.412419855392045 ], [ 114.929738798306971, 40.412240192431 ], [ 114.929559135345926, 40.412060528570578 ], [ 114.92946930206665, 40.411970697989375 ], [ 114.928930314082777, 40.411880865609533 ], [ 114.928750651121732, 40.411791034128953 ], [ 114.928570988160686, 40.411791034128953 ], [ 114.928525078669509, 40.411813988424854 ], [ 114.928283880496792, 40.411803185768463 ], [ 114.928229126173278, 40.411327223172862 ], [ 114.928320383079267, 40.411229946205083 ], [ 114.92813330610727, 40.411243842529359 ], [ 114.927959918615443, 40.411361964882815 ], [ 114.927973607196236, 40.411813608011641 ], [ 114.927622269052563, 40.411789289444187 ], [ 114.927613142732412, 40.412018583291058 ], [ 114.926983471610015, 40.411980367500007 ], [ 114.926969783029108, 40.412133230664097 ], [ 114.927083853936779, 40.412230506732556 ], [ 114.92759032873073, 40.412244403056832 ], [ 114.927599455050881, 40.41251191179532 ], [ 114.928091410290449, 40.412480697226442 ] ] ] } },
{ "type": "Feature", "properties": { "PV_Area": 0.0023591496248099998, "Inst_time": 20151101.0, "Inst_year": 2015, "Major_type": "Cropland", "Lat": 40.375022410200003, "Lon": 114.953401195, "Province": "河北", "Province_pinyin": "Hebei", "Province code": 13, "City": "张家口市", "City_pinyin": "Zhangjiakou", "City code": 1307, "County": "宣化县", "County_pinyin": "Xuanhua xian", "County code": 130721, "Township": "深井镇", "Township_pinyin": "shen jing zhen" }, "geometry": { "type": "Polygon", "coordinates": [ [ [ 114.953454321759637, 40.374870275842625 ], [ 114.953454321759637, 40.374780446160742 ], [ 114.953184827317955, 40.374780445261365 ], [ 114.953094994938169, 40.374870275842625 ], [ 114.953094994038793, 40.375139771183569 ], [ 114.953184827317955, 40.375229601764772 ], [ 114.953723816201204, 40.375229601764772 ], [ 114.953723816201204, 40.374870275842625 ], [ 114.953454321759637, 40.374870275842625 ] ] ] } },
{ "type": "Feature", "properties": { "PV_Area": 0.0053652807294799999, "Inst_time": 20110407.0, "Inst_year": 2011, "Major_type": "Cropland", "Lat": 40.373463340299999, "Lon": 114.946828025, "Province": "河北", "Province_pinyin": "Hebei", "Province code": 13, "City": "张家口市", "City_pinyin": "Zhangjiakou", "City code": 1307, "County": "宣化县", "County_pinyin": "Xuanhua xian", "County code": 130721, "Township": "深井镇", "Township_pinyin": "shen jing zhen" }, "geometry": { "type": "Polygon", "coordinates": [ [ [ 114.947076283044112, 40.373882128657385 ], [ 114.947076282144735, 40.373792298076125 ], [ 114.947166115423897, 40.373702465696283 ], [ 114.947255946005157, 40.37361263421576 ], [ 114.947345778385056, 40.37361263511508 ], [ 114.947345778385056, 40.373432972153978 ], [ 114.947255945105894, 40.373343140673455 ], [ 114.947166115423897, 40.373253309192933 ], [ 114.94698644976495, 40.373163476813033 ], [ 114.946806787703167, 40.37307364623183 ], [ 114.946537293261486, 40.37307364623183 ], [ 114.946447461780963, 40.373163476813033 ], [ 114.94635763030044, 40.373253309192933 ], [ 114.94635763209908, 40.373432972153978 ], [ 114.946447461780963, 40.37361263511508 ], [ 114.946537293261486, 40.373702465696283 ], [ 114.946806787703167, 40.373882128657385 ], [ 114.947076283044112, 40.373882128657385 ] ] ] } },
{ "type": "Feature", "properties": { "PV_Area": 0.00038052441004399998, "Inst_time": 20110407.0, "Inst_year": 2011, "Major_type": "Grassland", "Lat": 40.372073520500003, "Lon": 114.946402546, "Province": "河北", "Province_pinyin": "Hebei", "Province code": 13, "City": "张家口市", "City_pinyin": "Zhangjiakou", "City code": 1307, "County": "宣化县", "County_pinyin": "Xuanhua xian", "County code": 130721, "Township": "深井镇", "Township_pinyin": "shen jing zhen" }, "geometry": { "type": "Polygon", "coordinates": [ [ [ 114.946447461780963, 40.372175329627794 ], [ 114.946537293261486, 40.372085499046591 ], [ 114.946537294160862, 40.371995666666749 ], [ 114.946267798819918, 40.371995666666749 ], [ 114.946267798819918, 40.372085499046591 ], [ 114.94635763209908, 40.372175329627794 ], [ 114.946447461780963, 40.372175329627794 ] ] ] } },
{ "type": "Feature", "properties": { "PV_Area": 0.0039195199174500003, "Inst_time": 20151214.0, "Inst_year": 2015, "Major_type": "Grassland", "Lat": 40.369866456700002, "Lon": 114.95087449899999, "Province": "河北", "Province_pinyin": "Hebei", "Province code": 13, "City": "张家口市", "City_pinyin": "Zhangjiakou", "City code": 1307, "County": "宣化县", "County_pinyin": "Xuanhua xian", "County code": 130721, "Township": "深井镇", "Township_pinyin": "shen jing zhen" }, "geometry": { "type": "Polygon", "coordinates": [ [ [ 114.951208533846852, 40.370109204676112 ], [ 114.951298364427998, 40.370019374094909 ], [ 114.951388195908521, 40.36992954171501 ], [ 114.951388195908521, 40.369749878753964 ], [ 114.951298366226638, 40.369660048172761 ], [ 114.950939039405171, 40.369660048172761 ], [ 114.950759376444125, 40.369660048172761 ], [ 114.950400050521921, 40.369660048172761 ], [ 114.950310218142135, 40.369749878753964 ], [ 114.950310218142135, 40.369839711133807 ], [ 114.950489881103181, 40.370019374094909 ], [ 114.950759377343502, 40.370109204676112 ], [ 114.951208533846852, 40.370109204676112 ] ] ] } },
{ "type": "Feature", "properties": { "PV_Area": 0.013141225889, "Inst_time": 20100612.0, "Inst_year": 2010, "Major_type": "Grassland", "Lat": 40.328120526799999, "Lon": 114.775766081, "Province": "河北", "Province_pinyin": "Hebei", "Province code": 13, "City": "张家口市", "City_pinyin": "Zhangjiakou", "City code": 1307, "County": "宣化县", "County_pinyin": "Xuanhua xian", "County code": 130721, "Township": "王家湾乡", "Township_pinyin": "wang jia wan xiang" }, "geometry": { "type": "Polygon", "coordinates": [ [ [ 114.77558789586476, 40.327626747476472 ], [ 114.775519346840497, 40.327624847208995 ], [ 114.775528473160534, 40.328387796059985 ], [ 114.775318582186856, 40.328390114512217 ], [ 114.775269911777059, 40.328037628833556 ], [ 114.77515736252235, 40.328030671678221 ], [ 114.775105649706006, 40.328121112899112 ], [ 114.774780167970448, 40.328114155743719 ], [ 114.774701078891781, 40.328176768343212 ], [ 114.774664576309192, 40.328253295253432 ], [ 114.774795377304827, 40.328255613705664 ], [ 114.774807545132148, 40.328441132152591 ], [ 114.774929220707008, 40.328441132152591 ], [ 114.774932262214179, 40.3284991069483 ], [ 114.775047853875435, 40.328589546370495 ], [ 114.775288163517985, 40.328601141329671 ], [ 114.775309456766081, 40.328768107662086 ], [ 114.775418964513619, 40.328770426114318 ], [ 114.775406797585674, 40.328988408288467 ], [ 114.775519346840497, 40.329099718277405 ], [ 114.775677525897208, 40.329090442669838 ], [ 114.775790075151917, 40.32896289991794 ], [ 114.775780949731143, 40.328682305144298 ], [ 114.775899583798832, 40.32868926229969 ], [ 114.776012133952918, 40.328557080844632 ], [ 114.776027343287296, 40.328429537193415 ], [ 114.776133809527778, 40.328429537193415 ], [ 114.776149018862156, 40.328257933057216 ], [ 114.776255485102638, 40.328255613705664 ], [ 114.776224255245211, 40.3278984893239 ], [ 114.776349783515798, 40.3278984893239 ], [ 114.776346742008627, 40.327666589241744 ], [ 114.776459291263336, 40.32766195143796 ], [ 114.776699600905886, 40.327395265579071 ], [ 114.776702643312433, 40.327195830123514 ], [ 114.776833444308068, 40.327198149475066 ], [ 114.776809109552801, 40.327052051011378 ], [ 114.776647888988919, 40.327056688815162 ], [ 114.776638763568144, 40.327147130935373 ], [ 114.776337615688476, 40.327158725894549 ], [ 114.776337615688476, 40.327388308423735 ], [ 114.776276778350734, 40.327606295094483 ], [ 114.776030384794467, 40.327613252249819 ], [ 114.776012133952918, 40.327550638751006 ], [ 114.775933044874137, 40.327432369808093 ], [ 114.775793117558351, 40.327432369808093 ], [ 114.775740029678673, 40.327618891898396 ], [ 114.77558789586476, 40.327618890999076 ], [ 114.77558789586476, 40.327626747476472 ] ] ] } },
{ "type": "Feature", "properties": { "PV_Area": 0.013707816585, "Inst_time": 20120825.0, "Inst_year": 2012, "Major_type": "Grassland", "Lat": 40.327432408900002, "Lon": 114.786549587, "Province": "河北", "Province_pinyin": "Hebei", "Province code": 13, "City": "张家口市", "City_pinyin": "Zhangjiakou", "City code": 1307, "County": "宣化县", "County_pinyin": "Xuanhua xian", "County code": 130721, "Township": "王家湾乡", "Township_pinyin": "wang jia wan xiang" }, "geometry": { "type": "Polygon", "coordinates": [ [ [ 114.786457510405853, 40.328157881680966 ], [ 114.786457510405853, 40.328068050200386 ], [ 114.786727004847421, 40.328068050200386 ], [ 114.786906668707843, 40.327978217820544 ], [ 114.786996499289103, 40.327888387239341 ], [ 114.787176162250148, 40.327708724278239 ], [ 114.787176162250148, 40.326900240054101 ], [ 114.787086329870249, 40.326810408573522 ], [ 114.786727005746798, 40.326810408573522 ], [ 114.786367679824593, 40.326810408573522 ], [ 114.786188015064909, 40.326810408573522 ], [ 114.786098183584386, 40.326900240054101 ], [ 114.786008352103863, 40.326990072433944 ], [ 114.785918520623341, 40.327349398356091 ], [ 114.785918520623341, 40.327708724278239 ], [ 114.786098183584386, 40.328068050200386 ], [ 114.786277847444808, 40.328157881680966 ], [ 114.786457510405853, 40.328157881680966 ] ] ] } },
{ "type": "Feature", "properties": { "PV_Area": 0.0067777987226399997, "Inst_time": 20100612.0, "Inst_year": 2010, "Major_type": "Grassland", "Lat": 40.325557869900003, "Lon": 114.775151431, "Province": "河北", "Province_pinyin": "Hebei", "Province code": 13, "City": "张家口市", "City_pinyin": "Zhangjiakou", "City code": 1307, "County": "宣化县", "County_pinyin": "Xuanhua xian", "County code": 130721, "Township": "王家湾乡", "Township_pinyin": "wang jia wan xiang" }, "geometry": { "type": "Polygon", "coordinates": [ [ [ 114.774779410741303, 40.325373977227343 ], [ 114.774991578798335, 40.325383492054584 ], [ 114.774939437005514, 40.32573242990776 ], [ 114.774885180007118, 40.32573242990776 ], [ 114.774897280385289, 40.325926154668366 ], [ 114.775237972354603, 40.325907602553855 ], [ 114.775244056268207, 40.326000364924937 ], [ 114.775320103839817, 40.32599108841805 ], [ 114.775320103839817, 40.32615806104576 ], [ 114.774556588415862, 40.326141827383481 ], [ 114.774602217318488, 40.326306479760262 ], [ 114.775006789032204, 40.326287927645808 ], [ 114.775015914452979, 40.326385327820674 ], [ 114.775423527673752, 40.326352861395492 ], [ 114.775469155677001, 40.326076893633797 ], [ 114.775350522508688, 40.325613080879009 ], [ 114.775399192918485, 40.325225794135122 ], [ 114.775545203248612, 40.324880249424041 ], [ 114.775517826086912, 40.324599637563267 ], [ 114.775031123787358, 40.324592680407932 ], [ 114.775021998366583, 40.324662252860719 ], [ 114.774872945630023, 40.324678487422318 ], [ 114.774863819309871, 40.324748059875105 ], [ 114.775365731843067, 40.324729507760651 ], [ 114.775371815756785, 40.32483154753794 ], [ 114.775253181689095, 40.325202603317564 ], [ 114.774781688724033, 40.325237389094298 ], [ 114.774772563303259, 40.32528377072947 ], [ 114.774748227648615, 40.32531391960174 ], [ 114.774459248495532, 40.325316238053972 ], [ 114.774459248495532, 40.325392767662152 ], [ 114.774779410741303, 40.325397698644906 ], [ 114.774779410741303, 40.325373977227343 ] ] ] } },
{ "type": "Feature", "properties": { "PV_Area": 0.12901109072399999, "Inst_time": 20120503.0, "Inst_year": 2012, "Major_type": "Grassland", "Lat": 40.3260088575, "Lon": 114.788039587, "Province": "河北", "Province_pinyin": "Hebei", "Province code": 13, "City": "张家口市", "City_pinyin": "Zhangjiakou", "City code": 1307, "County": "宣化县", "County_pinyin": "Xuanhua xian", "County code": 130721, "Township": "王家湾乡", "Township_pinyin": "wang jia wan xiang" }, "geometry": { "type": "MultiPolygon", "coordinates": [ [ [ [ 114.786826508536592, 40.323855640125771 ], [ 114.786816835428681, 40.323845967917123 ], [ 114.786457509506477, 40.323845967917123 ], [ 114.78636767892533, 40.323935800297022 ], [ 114.78636767892533, 40.324115463258067 ], [ 114.786457509506477, 40.324115463258067 ], [ 114.786457510405853, 40.324384956800372 ], [ 114.785918520623341, 40.324384956800372 ], [ 114.785918520623341, 40.32429512621917 ], [ 114.785469364119876, 40.32429512621917 ], [ 114.785379531740091, 40.324384956800372 ], [ 114.785020206717263, 40.32474428272252 ], [ 114.784930374337364, 40.324923945683622 ], [ 114.784930374337364, 40.325373103985612 ], [ 114.784930374337364, 40.325822262287602 ], [ 114.784930374337364, 40.326001925248704 ], [ 114.785379531740091, 40.326540914131954 ], [ 114.785559194701136, 40.326540914131954 ], [ 114.785649026181659, 40.326451081752055 ], [ 114.785649026181659, 40.326181588209806 ], [ 114.785649025282396, 40.326001925248704 ], [ 114.785738857662182, 40.325912092868862 ], [ 114.785918520623341, 40.325912092868862 ], [ 114.786008353003126, 40.326001925248704 ], [ 114.786098183584386, 40.326181588209806 ], [ 114.786098184483649, 40.326451081752055 ], [ 114.786277847444808, 40.326540914131954 ], [ 114.787086330769625, 40.326540914131954 ], [ 114.78735582611057, 40.326720577092999 ], [ 114.787535488172352, 40.326810408573522 ], [ 114.788264271778758, 40.326810408573522 ], [ 114.788369816214072, 40.327023063163892 ], [ 114.788330272124426, 40.327157566668404 ], [ 114.788351565372523, 40.327317578543443 ], [ 114.788813932017433, 40.327305983584324 ], [ 114.788810890510263, 40.327616730827515 ], [ 114.788485407875328, 40.327598178713004 ], [ 114.788436738364794, 40.327751233432707 ], [ 114.788567539360542, 40.328001684729998 ], [ 114.78855233002605, 40.328117634321416 ], [ 114.787852695245761, 40.328103720010745 ], [ 114.787849652839213, 40.328177927569357 ], [ 114.788321145804275, 40.328196479683868 ], [ 114.788330272124426, 40.328266049438696 ], [ 114.788996445829412, 40.328268367890928 ], [ 114.789020781483941, 40.32819879903542 ], [ 114.789537902452253, 40.328170971313341 ], [ 114.789550070279574, 40.328096762855353 ], [ 114.790249705059864, 40.328066616681042 ], [ 114.790237537232656, 40.327700214893071 ], [ 114.79036529672112, 40.327702534244622 ], [ 114.790356171300346, 40.327632963590474 ], [ 114.790045897999903, 40.327377872690704 ], [ 114.79005502431994, 40.327333811306403 ], [ 114.789948558079573, 40.327331492854171 ], [ 114.789875552015133, 40.327069443000426 ], [ 114.790283166135282, 40.327071762351977 ], [ 114.790240579639089, 40.326740140944821 ], [ 114.790106736236908, 40.326591723129582 ], [ 114.789814714677391, 40.326575489467302 ], [ 114.789790379922124, 40.326376051313787 ], [ 114.789659578027113, 40.326341265537053 ], [ 114.789571363527671, 40.326341265537053 ], [ 114.789531818538649, 40.326144146735032 ], [ 114.790188866822859, 40.326134870228145 ], [ 114.790356171300346, 40.326002683377169 ], [ 114.790441344292617, 40.325919197513031 ], [ 114.790441344292617, 40.325650186007351 ], [ 114.789601614023354, 40.325645144407929 ], [ 114.789601614023354, 40.325642599326557 ], [ 114.789511781643455, 40.325552766946714 ], [ 114.788882961279683, 40.325552766946714 ], [ 114.788882961279683, 40.325642599326557 ], [ 114.788703298318637, 40.325642599326557 ], [ 114.788523635357592, 40.325462937264774 ], [ 114.788523634458215, 40.32519344102451 ], [ 114.788433802977693, 40.325013778063465 ], [ 114.788343972396433, 40.324923945683622 ], [ 114.788339656549965, 40.324919629837098 ], [ 114.788348522965975, 40.324759655733601 ], [ 114.788299852556179, 40.324214663875694 ], [ 114.788135590485126, 40.324135814016643 ], [ 114.787837485012005, 40.324131175313539 ], [ 114.787834443504835, 40.324061601961432 ], [ 114.787460290460103, 40.323843603599471 ], [ 114.786826508536592, 40.323855640125771 ] ] ], [ [ [ 114.789705206929852, 40.328437653574895 ], [ 114.790724240431359, 40.328451567885622 ], [ 114.79060864787084, 40.328161694806397 ], [ 114.790295333063227, 40.328147781395046 ], [ 114.790261872887186, 40.328245178871953 ], [ 114.789829924011883, 40.328249816675736 ], [ 114.789717373857798, 40.328307790572126 ], [ 114.789680871275209, 40.328365765367835 ], [ 114.789705206929852, 40.328437653574895 ] ] ], [ [ [ 114.790870250761486, 40.328129229280535 ], [ 114.790991926336346, 40.32811067716608 ], [ 114.79113793756585, 40.327897330097755 ], [ 114.791150104493795, 40.327804570424632 ], [ 114.790998010250064, 40.327792975465513 ], [ 114.79080332951014, 40.327883415787085 ], [ 114.790788120175648, 40.327946029285897 ], [ 114.790870250761486, 40.328129229280535 ] ] ], [ [ [ 114.790693820863225, 40.328785499651133 ], [ 114.790839832092615, 40.328797094610309 ], [ 114.79082158035169, 40.328940870125109 ], [ 114.790964549174646, 40.328950145732676 ], [ 114.79101930349816, 40.328815645825443 ], [ 114.79153034145213, 40.328801732414092 ], [ 114.791572927948323, 40.328660275351467 ], [ 114.791545550786623, 40.328500266174387 ], [ 114.791189649482817, 40.328504903978171 ], [ 114.791174440148325, 40.328597662751974 ], [ 114.790994968742893, 40.32860461990731 ], [ 114.790964549174646, 40.328743758517703 ], [ 114.790733365852248, 40.328741439166151 ], [ 114.790693820863225, 40.328785499651133 ] ] ], [ [ [ 114.792747098100108, 40.327897330097755 ], [ 114.793206423237848, 40.327864863672573 ], [ 114.793303764057555, 40.327748914081155 ], [ 114.793328098812822, 40.327577308146317 ], [ 114.793318973391933, 40.327398744156767 ], [ 114.79309691549031, 40.327410339115886 ], [ 114.793036077253191, 40.327452081148692 ], [ 114.792725804852125, 40.327468314810915 ], [ 114.79264063185974, 40.327586583753884 ], [ 114.792628464032418, 40.327635282942026 ], [ 114.792704511604029, 40.327760509040331 ], [ 114.792747098100108, 40.327897330097755 ] ] ], [ [ [ 114.793106040911084, 40.326547660845904 ], [ 114.79321859106517, 40.326531427183681 ], [ 114.793318973391933, 40.326276332686632 ], [ 114.793407187891489, 40.3261534223426 ], [ 114.79346498372206, 40.325977174107379 ], [ 114.793474110042212, 40.325756862689104 ], [ 114.793130375666351, 40.325761501392208 ], [ 114.793151668914447, 40.325531912567783 ], [ 114.792996533163546, 40.325543508426222 ], [ 114.792917443185502, 40.325902963850751 ], [ 114.793011742497924, 40.326185889667101 ], [ 114.793011742497924, 40.326540703690569 ], [ 114.793106040911084, 40.326547660845904 ] ] ] ] } },
{ "type": "Feature", "properties": { "PV_Area": 0.110350814752, "Inst_time": 20150812.0, "Inst_year": 2015, "Major_type": "Cropland", "Lat": 40.489841932799997, "Lon": 114.781276143, "Province": "河北", "Province_pinyin": "Hebei", "Province code": 13, "City": "张家口市", "City_pinyin": "Zhangjiakou", "City code": 1307, "County": "宣化县", "County_pinyin": "Xuanhua xian", "County code": 130721, "Township": "深井镇", "Township_pinyin": "shen jing zhen" }, "geometry": { "type": "Polygon", "coordinates": [ [ [ 114.784423311386718, 40.490415419635951 ], [ 114.785074720921671, 40.490087442281663 ], [ 114.785221527151862, 40.489928131877832 ], [ 114.785259570272956, 40.489847784647623 ], [ 114.785264896957528, 40.4896858005593 ], [ 114.785197715802042, 40.489576431307285 ], [ 114.78509040869551, 40.489504142901922 ], [ 114.784338529599495, 40.489255476758899 ], [ 114.783797165606757, 40.48900642120941 ], [ 114.783447903098363, 40.488864609813959 ], [ 114.783290054992108, 40.48882104215744 ], [ 114.783113712328031, 40.488804145694814 ], [ 114.783007183135055, 40.488815612050928 ], [ 114.782845768317657, 40.488880067361265 ], [ 114.782714391755803, 40.489001813083235 ], [ 114.782618842385773, 40.489216169190911 ], [ 114.782615529283362, 40.489268998065882 ], [ 114.782534317804561, 40.489530163886002 ], [ 114.782453812293625, 40.489662019786408 ], [ 114.78237600025227, 40.489746745815694 ], [ 114.782301280080105, 40.489802420145622 ], [ 114.782198188096004, 40.489847039109634 ], [ 114.782064131554534, 40.48984885214287 ], [ 114.781932852119439, 40.489782040608759 ], [ 114.781312156231138, 40.489339307962723 ], [ 114.781202206916419, 40.489205005007022 ], [ 114.781111354705331, 40.48898457038166 ], [ 114.781027379609895, 40.488847823068625 ], [ 114.780886043056512, 40.488734341216912 ], [ 114.780694187986455, 40.488649596301855 ], [ 114.78013385729173, 40.488471701407946 ], [ 114.779839115283039, 40.488281841933485 ], [ 114.779630022907327, 40.488183252854867 ], [ 114.779401879293346, 40.48812481580768 ], [ 114.779207408095431, 40.4881210773259 ], [ 114.779082283620596, 40.488159202285431 ], [ 114.778933206602233, 40.488280610761649 ], [ 114.778820423523825, 40.488481105618575 ], [ 114.778762014355493, 40.488642131029565 ], [ 114.778758901801893, 40.488736601213247 ], [ 114.778774356651297, 40.488804428981268 ], [ 114.778841531511489, 40.488913830608851 ], [ 114.778964543478992, 40.489317433752603 ], [ 114.778822056692661, 40.489993323732961 ], [ 114.778760977437173, 40.490124201171 ], [ 114.778682901894513, 40.490238142576288 ], [ 114.778558727103587, 40.490329500206315 ], [ 114.778449679808887, 40.490360411703705 ], [ 114.778391674436307, 40.490360687795544 ], [ 114.778287076087736, 40.490320016855321 ], [ 114.77804350460417, 40.49013899411932 ], [ 114.777921049317001, 40.490096109048238 ], [ 114.777744258790563, 40.490092708711586 ], [ 114.777619130718335, 40.490130830073781 ], [ 114.77754301839559, 40.490186085319635 ], [ 114.777487746062661, 40.490252562305955 ], [ 114.77744924878391, 40.490346410158736 ], [ 114.777444351076042, 40.490494892725167 ], [ 114.777522975205216, 40.49079364031428 ], [ 114.777574751873317, 40.490876933723541 ], [ 114.777628480969724, 40.490919959988219 ], [ 114.777698323219056, 40.490948321008261 ], [ 114.777857397101229, 40.490951382300523 ], [ 114.778090885386064, 40.490852759047641 ], [ 114.778233610492748, 40.490810066431493 ], [ 114.778336102629055, 40.49081648039629 ], [ 114.778653853792434, 40.490953188139201 ], [ 114.778776771330968, 40.49098257528567 ], [ 114.7794669263576, 40.490982331569398 ], [ 114.779647183770521, 40.490930655625334 ], [ 114.779757937079239, 40.490850141121143 ], [ 114.779855097135055, 40.490753355183244 ], [ 114.780254443787612, 40.490450254875441 ], [ 114.780373969083485, 40.490364024280325 ], [ 114.780507890726653, 40.490294780080092 ], [ 114.780749974731634, 40.490224495364203 ], [ 114.781029565861786, 40.490243378429227 ], [ 114.781244357241349, 40.490293396922766 ], [ 114.781354703157035, 40.490338070745395 ], [ 114.781401806947883, 40.490375728057472 ], [ 114.781459839300169, 40.490505673797884 ], [ 114.781458778999536, 40.490585569568452 ], [ 114.781504274802501, 40.490816146747818 ], [ 114.781621843173639, 40.491007557552791 ], [ 114.781798115690549, 40.491135220813817 ], [ 114.781955949407575, 40.491178782175098 ], [ 114.782044308698005, 40.491180478296485 ], [ 114.782774774036625, 40.491032359056192 ], [ 114.783007834244245, 40.490942253282412 ], [ 114.783359792920123, 40.49075489841988 ], [ 114.783601700657982, 40.490647850318112 ], [ 114.783945333410429, 40.490532374669385 ], [ 114.784315838805014, 40.490453889935111 ], [ 114.784423311386718, 40.490415419635951 ] ] ] } },
{ "type": "Feature", "properties": { "PV_Area": 0.0092850365149900003, "Inst_time": 20141006.0, "Inst_year": 2014, "Major_type": "Grassland", "Lat": 40.464186680200001, "Lon": 114.803541962, "Province": "河北", "Province_pinyin": "Hebei", "Province code": 13, "City": "张家口市", "City_pinyin": "Zhangjiakou", "City code": 1307, "County": "宣化县", "County_pinyin": "Xuanhua xian", "County code": 130721, "Township": "深井镇", "Township_pinyin": "shen jing zhen" }, "geometry": { "type": "Polygon", "coordinates": [ [ [ 114.803219010848693, 40.463745041400614 ], [ 114.803026769969506, 40.46374146389752 ], [ 114.802955151559104, 40.463767120656144 ], [ 114.802879088699001, 40.463822393888393 ], [ 114.802823864929451, 40.463888885263884 ], [ 114.802785419811357, 40.46398274300924 ], [ 114.802765536700235, 40.464049925064046 ], [ 114.802760697448321, 40.464198407630477 ], [ 114.802776174780661, 40.464266263277466 ], [ 114.802826126724426, 40.464361785667904 ], [ 114.802930978681729, 40.464459933179398 ], [ 114.803019590681629, 40.464503243629849 ], [ 114.803179965882805, 40.464533401495316 ], [ 114.804099329320707, 40.464483238210903 ], [ 114.804259330403852, 40.464459255090617 ], [ 114.804420197534114, 40.464408269825867 ], [ 114.804551203575215, 40.464298376269085 ], [ 114.804553683905397, 40.464219042574825 ], [ 114.804448836444749, 40.464120904056529 ], [ 114.804395127133489, 40.464091759726955 ], [ 114.80420285837522, 40.464020552306692 ], [ 114.803816769528339, 40.463971478101314 ], [ 114.803680270428231, 40.4639390395551 ], [ 114.803219010848693, 40.463745041400614 ] ] ] } },
{ "type": "Feature", "properties": { "PV_Area": 0.0077519128760899997, "Inst_time": 20151130.0, "Inst_year": 2015, "Major_type": "Woodland", "Lat": 40.452967536800003, "Lon": 114.80642055, "Province": "河北", "Province_pinyin": "Hebei", "Province code": 13, "City": "张家口市", "City_pinyin": "Zhangjiakou", "City code": 1307, "County": "宣化县", "County_pinyin": "Xuanhua xian", "County code": 130721, "Township": "深井镇", "Township_pinyin": "shen jing zhen" }, "geometry": { "type": "Polygon", "coordinates": [ [ [ 114.806556526262739, 40.452580019352467 ], [ 114.806364726950619, 40.452562785644091 ], [ 114.806131505764483, 40.452598972564601 ], [ 114.805860754969899, 40.452716533741068 ], [ 114.805767351382201, 40.452810904099977 ], [ 114.805748352304704, 40.452851077715138 ], [ 114.805743079579543, 40.453013066300002 ], [ 114.805811663677446, 40.453123665824592 ], [ 114.805934336600444, 40.453222038166587 ], [ 114.806091210740874, 40.453292564800051 ], [ 114.806214077917389, 40.453321925866248 ], [ 114.806564973594732, 40.453342180397385 ], [ 114.806780080636258, 40.453319159551597 ], [ 114.806959064609259, 40.453255004614846 ], [ 114.807053228124005, 40.453186560811162 ], [ 114.807108886266178, 40.453106556222622 ], [ 114.807112450279419, 40.453000214088661 ], [ 114.80707967898411, 40.452916893699751 ], [ 114.807011617392277, 40.452834540081994 ], [ 114.8067836779245, 40.452665398289525 ], [ 114.806556526262739, 40.452580019352467 ] ] ] } },
{ "type": "Feature", "properties": { "PV_Area": 0.040395052630399997, "Inst_time": 20150922.0, "Inst_year": 2015, "Major_type": "Grassland", "Lat": 40.465330027, "Lon": 114.805907116, "Province": "河北", "Province_pinyin": "Hebei", "Province code": 13, "City": "张家口市", "City_pinyin": "Zhangjiakou", "City code": 1307, "County": "宣化县", "County_pinyin": "Xuanhua xian", "County code": 130721, "Township": "深井镇", "Township_pinyin": "shen jing zhen" }, "geometry": { "type": "Polygon", "coordinates": [ [ [ 114.807411509033955, 40.464710879103848 ], [ 114.807577702848789, 40.464698009805375 ], [ 114.807877177090063, 40.464730636309866 ], [ 114.80846410433503, 40.464633675903485 ], [ 114.808594084249648, 40.464552415861363 ], [ 114.808613085125785, 40.464512241346938 ], [ 114.808617035847533, 40.464390789703259 ], [ 114.808527870764692, 40.464305344216314 ], [ 114.808370520882931, 40.464248317306044 ], [ 114.808035916424501, 40.464201433849155 ], [ 114.807488782381483, 40.464164031045243 ], [ 114.807311106922157, 40.464187679617794 ], [ 114.807114902730632, 40.464238002981517 ], [ 114.806720647140196, 40.464392659393752 ], [ 114.806450191323279, 40.464544693382948 ], [ 114.806331497000997, 40.46458536702113 ], [ 114.806236464741119, 40.464586072988936 ], [ 114.806093703661531, 40.464549860887416 ], [ 114.805345030648709, 40.464258449967531 ], [ 114.80520233432037, 40.464228632045774 ], [ 114.805062234334741, 40.464253068424398 ], [ 114.805040542686925, 40.464268829942625 ], [ 114.805037906774032, 40.464349786013884 ], [ 114.805109829155299, 40.464421375645998 ], [ 114.805231806902384, 40.464477728964084 ], [ 114.805454724555943, 40.464526521681705 ], [ 114.805599730343374, 40.464584286935349 ], [ 114.805799049786401, 40.464711477153003 ], [ 114.805885613130613, 40.46483397111092 ], [ 114.805879941106468, 40.464930523225121 ], [ 114.805803323364785, 40.465019633449401 ], [ 114.805686453766839, 40.465071131327704 ], [ 114.805546208091073, 40.465098814258909 ], [ 114.805157834966167, 40.465119661443282 ], [ 114.804944352100279, 40.465156140643444 ], [ 114.80467652230368, 40.465232118067831 ], [ 114.80440692084278, 40.465362113270942 ], [ 114.804240253085254, 40.46548322676955 ], [ 114.804147908898926, 40.465603062331525 ], [ 114.8040909152636, 40.46572357868024 ], [ 114.804031711993957, 40.465911623322825 ], [ 114.804025102876267, 40.466114131761799 ], [ 114.804093695967367, 40.466224733085028 ], [ 114.804217691793156, 40.466282588270872 ], [ 114.804630597524124, 40.466293025802543 ], [ 114.804767245911762, 40.466326611883687 ], [ 114.805061517575041, 40.466447251439547 ], [ 114.805237013077772, 40.46649112486557 ], [ 114.805518581817182, 40.466537009175681 ], [ 114.805763462713685, 40.46655525192341 ], [ 114.805978646197673, 40.466532234674958 ], [ 114.80610371491457, 40.466494080037819 ], [ 114.806179774177281, 40.46643880770489 ], [ 114.806216885600861, 40.466385475209563 ], [ 114.806219961282295, 40.466291006824576 ], [ 114.806074755845316, 40.466042209380532 ], [ 114.806038070700424, 40.465948596250769 ], [ 114.806042210279884, 40.465877371743375 ], [ 114.806106647603769, 40.465769093369033 ], [ 114.80633211303666, 40.465563414819769 ], [ 114.806443013834041, 40.465416907164581 ], [ 114.806480576717263, 40.465350056060288 ], [ 114.806563196534398, 40.465090053962854 ], [ 114.806633393116613, 40.464975964169469 ], [ 114.806723149953427, 40.464910736341437 ], [ 114.806811697202079, 40.464877168246744 ], [ 114.807411509033955, 40.464710879103848 ] ] ] } },
{ "type": "Feature", "properties": { "PV_Area": 0.0084004969817499994, "Inst_time": 20141029.0, "Inst_year": 2014, "Major_type": "Cropland", "Lat": 40.467685661700003, "Lon": 114.811427589, "Province": "河北", "Province_pinyin": "Hebei", "Province code": 13, "City": "张家口市", "City_pinyin": "Zhangjiakou", "City code": 1307, "County": "宣化县", "County_pinyin": "Xuanhua xian", "County code": 130721, "Township": "深井镇", "Township_pinyin": "shen jing zhen" }, "geometry": { "type": "Polygon", "coordinates": [ [ [ 114.811867969031596, 40.467138628644875 ], [ 114.811709348407817, 40.467122108998183 ], [ 114.811548919247343, 40.467159599935655 ], [ 114.811243084101079, 40.467315947972679 ], [ 114.811039747386531, 40.467476911330436 ], [ 114.810928850186315, 40.467623427079559 ], [ 114.810852858372755, 40.467784135929207 ], [ 114.810830352838593, 40.467932284847109 ], [ 114.810861765258323, 40.468054463143005 ], [ 114.810912604832879, 40.468122997778153 ], [ 114.810967742267508, 40.468167249818805 ], [ 114.811072498896806, 40.468209765268512 ], [ 114.811193531456411, 40.468225649993826 ], [ 114.81133764241838, 40.468214787982106 ], [ 114.811552429301287, 40.468137793424489 ], [ 114.811755766915212, 40.467976828268036 ], [ 114.81190552472026, 40.467722960446338 ], [ 114.811963842157638, 40.467561908055643 ], [ 114.812004904302967, 40.467387028588576 ], [ 114.811991606027846, 40.467251739975893 ], [ 114.811958003758946, 40.467197041410373 ], [ 114.811867969031596, 40.467138628644875 ] ] ] } },
{ "type": "Feature", "properties": { "PV_Area": 0.111359893468, "Inst_time": 20151006.0, "Inst_year": 2015, "Major_type": "Woodland", "Lat": 40.455241884300001, "Lon": 114.811888741, "Province": "河北", "Province_pinyin": "Hebei", "Province code": 13, "City": "张家口市", "City_pinyin": "Zhangjiakou", "City code": 1307, "County": "宣化县", "County_pinyin": "Xuanhua xian", "County code": 130721, "Township": "深井镇", "Township_pinyin": "shen jing zhen" }, "geometry": { "type": "Polygon", "coordinates": [ [ [ 114.816207331902888, 40.456613769210151 ], [ 114.816066774162323, 40.456584084388055 ], [ 114.815872389299443, 40.456580409758146 ], [ 114.815685251173477, 40.45660353582457 ], [ 114.815332919278831, 40.456596873646845 ], [ 114.814972276749245, 40.456562191292164 ], [ 114.814736180430486, 40.456497202683806 ], [ 114.814658650776209, 40.456445414324492 ], [ 114.814585095225993, 40.456362286390458 ], [ 114.814441406945434, 40.456083083767339 ], [ 114.814356529830093, 40.455973390759425 ], [ 114.81409451594925, 40.455763079802352 ], [ 114.813696243087179, 40.455498814918428 ], [ 114.812691078030866, 40.454858235019572 ], [ 114.812482454201927, 40.454746192083178 ], [ 114.81203788963694, 40.454567059722081 ], [ 114.81181272907429, 40.454402448714063 ], [ 114.811509841905718, 40.454101611100498 ], [ 114.811281584977223, 40.453752082392725 ], [ 114.811284140850489, 40.453673312573358 ], [ 114.81131302257802, 40.453625920999514 ], [ 114.811625776208643, 40.453409589081332 ], [ 114.811701021584895, 40.45331522771562 ], [ 114.811704089172395, 40.453220783612323 ], [ 114.811670494098053, 40.45316608504686 ], [ 114.8115804566728, 40.453107664187428 ], [ 114.811440367479008, 40.45306447964208 ], [ 114.81131706592987, 40.453048631788988 ], [ 114.810787626048182, 40.453011577922041 ], [ 114.810577708994174, 40.453007520180961 ], [ 114.810362570476286, 40.45303054822125 ], [ 114.81007668049449, 40.453119707908229 ], [ 114.80996440823094, 40.453201319585276 ], [ 114.809889332826515, 40.453334994814213 ], [ 114.809886251749163, 40.453429475789733 ], [ 114.809902177843242, 40.453483829015568 ], [ 114.810013768420731, 40.453677934189386 ], [ 114.810034989723022, 40.453736816401033 ], [ 114.810028118003288, 40.45378071141073 ], [ 114.809991654990995, 40.453827463566654 ], [ 114.809899227167648, 40.453877934419211 ], [ 114.809695326578094, 40.453922009293365 ], [ 114.809423389577773, 40.45391769344684 ], [ 114.809300804788336, 40.453880128764979 ], [ 114.809254143464045, 40.45384267110245 ], [ 114.809213637099788, 40.453759425357248 ], [ 114.809213475221782, 40.453659996311842 ], [ 114.809182070895872, 40.453537796432215 ], [ 114.809042756018471, 40.453411983076592 ], [ 114.808866651674748, 40.453339997742773 ], [ 114.808393305206891, 40.453209405389828 ], [ 114.808057950713874, 40.453189531271903 ], [ 114.807861760012315, 40.453239851038347 ], [ 114.807730941929435, 40.453348123117451 ], [ 114.807711943751315, 40.453388297631875 ], [ 114.8077071161905, 40.453536781996945 ], [ 114.807741666344896, 40.453606198867021 ], [ 114.807864342865173, 40.453704570309696 ], [ 114.80811306296755, 40.453835079925057 ], [ 114.808191510829602, 40.453898628718775 ], [ 114.808235495771555, 40.453968505142427 ], [ 114.80825688614641, 40.454033539616205 ], [ 114.808379650800362, 40.455157476336524 ], [ 114.808389428229589, 40.455400877848263 ], [ 114.808422580837487, 40.455469057251264 ], [ 114.808512179393574, 40.455540984129186 ], [ 114.808634593311922, 40.455583835925324 ], [ 114.808811302000095, 40.455587185000638 ], [ 114.808989814728193, 40.455536530686402 ], [ 114.809171726893737, 40.455430784802957 ], [ 114.809355726385775, 40.455270559788573 ], [ 114.80946704536791, 40.45511054071892 ], [ 114.809625876433074, 40.454739397705112 ], [ 114.809712159188848, 40.454616580890558 ], [ 114.809958124667787, 40.454424062120836 ], [ 114.81016378433128, 40.454301480029358 ], [ 114.810262966962455, 40.454266094404773 ], [ 114.810364098424429, 40.454268010860062 ], [ 114.810471225666561, 40.45432075879603 ], [ 114.810550673574767, 40.454410059676547 ], [ 114.81074349901337, 40.454810426160293 ], [ 114.811096327333757, 40.455384606414498 ], [ 114.811182162227055, 40.455509067189723 ], [ 114.811305282113153, 40.455593928117366 ], [ 114.811427696930764, 40.455636777215545 ], [ 114.811586286078295, 40.455653293264902 ], [ 114.811862250242712, 40.45561834381158 ], [ 114.81197672674466, 40.455620230589204 ], [ 114.812099171239879, 40.455654475873416 ], [ 114.812205737305021, 40.455737198213171 ], [ 114.812349406699809, 40.456016396339692 ], [ 114.812490291793551, 40.456143340143058 ], [ 114.812700225035428, 40.456214867721997 ], [ 114.812917735065525, 40.456248601291975 ], [ 114.813151613656146, 40.45630850423413 ], [ 114.813506119212093, 40.456451296789965 ], [ 114.813626229067268, 40.456515469713224 ], [ 114.813775280005189, 40.456633905930062 ], [ 114.81385854913276, 40.456734183935509 ], [ 114.81399045269734, 40.456949952878063 ], [ 114.814080875931722, 40.457170652803427 ], [ 114.814181685436552, 40.457334719721587 ], [ 114.814403183060563, 40.457595636429517 ], [ 114.814596675795997, 40.457737088096167 ], [ 114.81520840814153, 40.457964844102321 ], [ 114.815280814358175, 40.457979805223886 ], [ 114.815526108043514, 40.457984362987986 ], [ 114.815579549356812, 40.457971862411569 ], [ 114.815727637120858, 40.457877414710993 ], [ 114.815868770427528, 40.457607904081556 ], [ 114.815969642884738, 40.457477981723514 ], [ 114.816366341033927, 40.457228608713365 ], [ 114.816423469567553, 40.457147414321753 ], [ 114.816442885031165, 40.457093745479995 ], [ 114.816450329619101, 40.45686422590336 ], [ 114.816401240125174, 40.456741701368458 ], [ 114.816329305153317, 40.456670109937704 ], [ 114.816207331902888, 40.456613769210151 ] ] ] } },
{ "type": "Feature", "properties": { "PV_Area": 0.16728848274200001, "Inst_time": 20141018.0, "Inst_year": 2014, "Major_type": "Grassland", "Lat": 40.470980189899997, "Lon": 114.81345718199999, "Province": "河北", "Province_pinyin": "Hebei", "Province code": 13, "City": "张家口市", "City_pinyin": "Zhangjiakou", "City code": 1307, "County": "宣化县", "County_pinyin": "Xuanhua xian", "County code": 130721, "Township": "深井镇", "Township_pinyin": "shen jing zhen" }, "geometry": { "type": "Polygon", "coordinates": [ [ [ 114.813518019940716, 40.472444804084489 ], [ 114.813793734992942, 40.472358926922993 ], [ 114.813998684192029, 40.472320380181429 ], [ 114.814762089898636, 40.472240238895949 ], [ 114.815688876340687, 40.472195296176039 ], [ 114.816300382057079, 40.472179832333438 ], [ 114.817118587053187, 40.472175089308962 ], [ 114.817765953236176, 40.472082711847747 ], [ 114.817882641170968, 40.472067994442455 ], [ 114.818173939675603, 40.472073769888596 ], [ 114.818413087394106, 40.472120070584822 ], [ 114.818849261284413, 40.472275333140146 ], [ 114.819060145109688, 40.47231985317876 ], [ 114.819378353128513, 40.472325859750697 ], [ 114.819573733541006, 40.472302524142208 ], [ 114.819823892558702, 40.472226177995765 ], [ 114.820024867653615, 40.47209339489433 ], [ 114.820063449468648, 40.472038872595931 ], [ 114.820064758881585, 40.47199842288893 ], [ 114.819992378745383, 40.471940348268504 ], [ 114.81992253919384, 40.47191201242947 ], [ 114.819570640772554, 40.471851322580505 ], [ 114.819136757455453, 40.471842672001742 ], [ 114.818898519850904, 40.471810008625027 ], [ 114.818720644742029, 40.471747512038121 ], [ 114.81841148929891, 40.471586226723048 ], [ 114.818235972212392, 40.471542373082116 ], [ 114.818145869136629, 40.471527080110718 ], [ 114.817796566158677, 40.471520481784864 ], [ 114.817621346747842, 40.471539738967806 ], [ 114.817527621202771, 40.471522891967936 ], [ 114.817471306555603, 40.471496713602505 ], [ 114.817400634231944, 40.471421051840139 ], [ 114.817312701220203, 40.471203320576819 ], [ 114.817262286125697, 40.471121281721821 ], [ 114.817172657891888, 40.471049361139137 ], [ 114.817032529128028, 40.471006182889084 ], [ 114.816801862915668, 40.471028847603293 ], [ 114.816158585050744, 40.471177635039851 ], [ 114.815959230534077, 40.471172475629317 ], [ 114.815765270151132, 40.47109526253638 ], [ 114.815479125661227, 40.470895743443862 ], [ 114.814886280877204, 40.470627812023963 ], [ 114.814728451656833, 40.470584286635585 ], [ 114.814405239810071, 40.470535046055602 ], [ 114.814298378767262, 40.47050001566322 ], [ 114.814222596495711, 40.470440905023793 ], [ 114.81419540099705, 40.470398375184914 ], [ 114.814174606872712, 40.470325988753416 ], [ 114.814176767943536, 40.47025941104306 ], [ 114.81424109644945, 40.470080541284005 ], [ 114.814514948106421, 40.469637000147486 ], [ 114.814534381556541, 40.469583319614571 ], [ 114.814537884415927, 40.469475372190743 ], [ 114.814504280348274, 40.469420673625223 ], [ 114.814396114389183, 40.469375429632407 ], [ 114.814289660739291, 40.469386928364088 ], [ 114.81383376021995, 40.469513061878331 ], [ 114.813614858039273, 40.469508079634238 ], [ 114.813517877847858, 40.469471844150348 ], [ 114.813419474928878, 40.46939287198353 ], [ 114.813362587413508, 40.469268780829623 ], [ 114.813332316233414, 40.469006638345718 ], [ 114.813284968726407, 40.468830111320642 ], [ 114.813251797232738, 40.468761902240033 ], [ 114.813179861361618, 40.468690316205198 ], [ 114.813057424060958, 40.468647470704241 ], [ 114.812862566154536, 40.468657293998945 ], [ 114.812702153181931, 40.468694792131032 ], [ 114.812451527416101, 40.468784627208834 ], [ 114.81228976815828, 40.468862632604441 ], [ 114.812104550984259, 40.469010428988156 ], [ 114.812030329935851, 40.469117103871326 ], [ 114.811953462182601, 40.46930482116062 ], [ 114.81187178395578, 40.469641062385165 ], [ 114.811868047272583, 40.469707408969782 ], [ 114.811786277314923, 40.469932531761003 ], [ 114.811728768367971, 40.470030118095508 ], [ 114.811650501269696, 40.470116052813637 ], [ 114.811556492438285, 40.470167107326176 ], [ 114.811444342482446, 40.47018173030267 ], [ 114.811345670666242, 40.470150445586626 ], [ 114.81126046439897, 40.470100444180218 ], [ 114.811119259146608, 40.469943845232308 ], [ 114.810972414245612, 40.469717421122141 ], [ 114.810797551865562, 40.469591052884823 ], [ 114.810639297265766, 40.469561027219697 ], [ 114.810390549284534, 40.469596848116112 ], [ 114.810154032982268, 40.469682427601981 ], [ 114.809932386070841, 40.469734205169459 ], [ 114.809216541010642, 40.469790784217366 ], [ 114.809035888795279, 40.469856012045398 ], [ 114.808942897996417, 40.469936883580374 ], [ 114.808923023878492, 40.470004005380588 ], [ 114.808938510204143, 40.470071834047928 ], [ 114.809006152711845, 40.470167710771307 ], [ 114.809230723319274, 40.470362496731866 ], [ 114.809343178145241, 40.47048499068984 ], [ 114.809394102256078, 40.470569756289251 ], [ 114.809513348762152, 40.470893477152288 ], [ 114.809617776239406, 40.471005115393837 ], [ 114.809793937240443, 40.47107710792227 ], [ 114.810284360934588, 40.471087208208132 ], [ 114.810439672053235, 40.471139807756003 ], [ 114.810564576194338, 40.471239039849877 ], [ 114.811095508950643, 40.471748104691358 ], [ 114.811385701289169, 40.472077474196112 ], [ 114.811594481600082, 40.472245145597071 ], [ 114.81194483408683, 40.472401502627292 ], [ 114.812172956117138, 40.472459874923345 ], [ 114.812526528176818, 40.472466570375957 ], [ 114.813358035944702, 40.472468798895989 ], [ 114.813518019940716, 40.472444804084489 ] ] ] } },
{ "type": "Feature", "properties": { "PV_Area": 0.070922966355000006, "Inst_time": 20141023.0, "Inst_year": 2014, "Major_type": "Cropland", "Lat": 40.468943953500002, "Lon": 114.817724961, "Province": "河北", "Province_pinyin": "Hebei", "Province code": 13, "City": "张家口市", "City_pinyin": "Zhangjiakou", "City code": 1307, "County": "宣化县", "County_pinyin": "Xuanhua xian", "County code": 130721, "Township": "深井镇", "Township_pinyin": "shen jing zhen" }, "geometry": { "type": "Polygon", "coordinates": [ [ [ 114.817769284325095, 40.466831368073258 ], [ 114.817522263042065, 40.466813190076721 ], [ 114.817361400408345, 40.466864193327922 ], [ 114.817248674886514, 40.466959316419377 ], [ 114.817192578774552, 40.467052829724366 ], [ 114.817172990641097, 40.467108138030198 ], [ 114.817163527974458, 40.467403537443374 ], [ 114.817194515914252, 40.467539243341434 ], [ 114.817243621595935, 40.467661752587844 ], [ 114.817294034891802, 40.467743793241539 ], [ 114.817491876748818, 40.467979404825712 ], [ 114.817500607367151, 40.468041558770949 ], [ 114.817486637298543, 40.468087247928224 ], [ 114.817380020871383, 40.468180155989444 ], [ 114.816996339509501, 40.468303085219247 ], [ 114.816867844375565, 40.468383185135963 ], [ 114.816829692436386, 40.468424212207708 ], [ 114.816754599045566, 40.468557902725081 ], [ 114.816734731222937, 40.468625088377166 ], [ 114.816722810709166, 40.468989794043807 ], [ 114.81669932941054, 40.469123207570021 ], [ 114.816653355168228, 40.469233539995912 ], [ 114.816552465623886, 40.469363462353954 ], [ 114.816472946669251, 40.469419635807583 ], [ 114.816317740771183, 40.469474803819196 ], [ 114.815930978332062, 40.469512553761376 ], [ 114.815752429630948, 40.469563217968187 ], [ 114.815639706807133, 40.469658329368485 ], [ 114.815618088004385, 40.469779470746005 ], [ 114.81568443009246, 40.469915834947869 ], [ 114.815735720227394, 40.469970849175411 ], [ 114.815995800565815, 40.470193531206576 ], [ 114.816153423841456, 40.470292194029582 ], [ 114.816345722277333, 40.47036338256413 ], [ 114.817240934421648, 40.470582979920664 ], [ 114.817435326479199, 40.470586653651196 ], [ 114.817506947587617, 40.470560987899319 ], [ 114.817637360076219, 40.470466199355656 ], [ 114.817811751211366, 40.470199360612071 ], [ 114.817865703339635, 40.470157461197914 ], [ 114.81803607720326, 40.470112767590194 ], [ 114.818317949913535, 40.470103377768737 ], [ 114.818496046255632, 40.470066206090564 ], [ 114.818871753328835, 40.469938184000057 ], [ 114.81905608017405, 40.46981738706279 ], [ 114.819111740114749, 40.469737377078332 ], [ 114.819151473062107, 40.469603005774161 ], [ 114.819299001447803, 40.468874510850071 ], [ 114.819303212073692, 40.468741156679073 ], [ 114.819227914536668, 40.46833437443189 ], [ 114.819179677600118, 40.468184836061369 ], [ 114.819056002832326, 40.468071740018843 ], [ 114.818688938244009, 40.46793822936587 ], [ 114.818586542335083, 40.467859502713907 ], [ 114.818556096686621, 40.467787466118693 ], [ 114.818564133028417, 40.467524632056154 ], [ 114.818515898789769, 40.4673751143701 ], [ 114.818413757389067, 40.46725156640673 ], [ 114.818186174952075, 40.467068938380862 ], [ 114.817961132200594, 40.466916055431682 ], [ 114.817769284325095, 40.466831368073258 ] ] ] } },
{ "type": "Feature", "properties": { "PV_Area": 0.13070416516899999, "Inst_time": 20150714.0, "Inst_year": 2015, "Major_type": "Cropland", "Lat": 40.490569688400001, "Lon": 114.78919372199999, "Province": "河北", "Province_pinyin": "Hebei", "Province code": 13, "City": "张家口市", "City_pinyin": "Zhangjiakou", "City code": 1307, "County": "宣化县", "County_pinyin": "Xuanhua xian", "County code": 130721, "Township": "深井镇", "Township_pinyin": "shen jing zhen" }, "geometry": { "type": "Polygon", "coordinates": [ [ [ 114.787899822418922, 40.491758265731448 ], [ 114.788131817829139, 40.491704160718484 ], [ 114.788519529053133, 40.491723572584874 ], [ 114.788646328065624, 40.491698897885897 ], [ 114.788790061312397, 40.491634093638538 ], [ 114.788949265596216, 40.49150487724836 ], [ 114.789087141558412, 40.491419994737043 ], [ 114.789209294673242, 40.491376394704901 ], [ 114.78934960240224, 40.491348734256746 ], [ 114.789637005043801, 40.49136913717598 ], [ 114.79015691570919, 40.491511604177219 ], [ 114.790369076571665, 40.491515667314275 ], [ 114.790478160738644, 40.491476128620491 ], [ 114.790570772922933, 40.491408767600603 ], [ 114.790668361955454, 40.491298470248239 ], [ 114.790787875560113, 40.491212227962023 ], [ 114.790843590359486, 40.491191469810531 ], [ 114.791098473515831, 40.49115164693103 ], [ 114.79163817016547, 40.491134581395841 ], [ 114.791780980707699, 40.491096781091642 ], [ 114.791857513913214, 40.491028027021855 ], [ 114.791847462190731, 40.490798025408594 ], [ 114.79187590414972, 40.490729167017491 ], [ 114.791949751979587, 40.490644786327891 ], [ 114.792082285968831, 40.490590280217305 ], [ 114.792183162922697, 40.490595529560096 ], [ 114.792276511651721, 40.490651453002215 ], [ 114.792318641292354, 40.490740734097642 ], [ 114.792314936984781, 40.49090164979134 ], [ 114.792348089592679, 40.49096983279162 ], [ 114.79238598342647, 40.491000248762532 ], [ 114.792526135572757, 40.49104345669025 ], [ 114.792667189739063, 40.491059664272143 ], [ 114.793092487228591, 40.491040765918683 ], [ 114.793325059104291, 40.490964143680344 ], [ 114.793473673871063, 40.490856218739566 ], [ 114.793547954274686, 40.49074955284965 ], [ 114.7935678526743, 40.490682372593483 ], [ 114.793573156875709, 40.490520384008562 ], [ 114.793528064868383, 40.490276310703223 ], [ 114.793479430431375, 40.490140266660035 ], [ 114.793443992646189, 40.490097848337086 ], [ 114.793303611172746, 40.489999136950644 ], [ 114.793180681942999, 40.489969760596011 ], [ 114.792722822700171, 40.489946301780435 ], [ 114.79179781421783, 40.489794343334324 ], [ 114.791681387086442, 40.489763551446799 ], [ 114.791625870137864, 40.489700439723549 ], [ 114.79162136993034, 40.48965795575009 ], [ 114.791787727421706, 40.489378237815458 ], [ 114.791826204016161, 40.489284384566758 ], [ 114.791830188012796, 40.489162911339349 ], [ 114.791780235169767, 40.489067382653616 ], [ 114.791621196361234, 40.488953578844644 ], [ 114.791428431177224, 40.488895851362486 ], [ 114.791146777002268, 40.488849931079528 ], [ 114.790846627370001, 40.488830680191768 ], [ 114.790650780209376, 40.488867468758713 ], [ 114.790541249079411, 40.488920516168946 ], [ 114.790411939159753, 40.489027709960908 ], [ 114.790179421243351, 40.489299735994052 ], [ 114.79007600910063, 40.489390177214943 ], [ 114.78983685418757, 40.489563841697986 ], [ 114.789105724249794, 40.490054664691058 ], [ 114.788963441609553, 40.490127472904589 ], [ 114.788630178939684, 40.490231460613472 ], [ 114.788479902225731, 40.490256998661607 ], [ 114.788362116218764, 40.490256129916531 ], [ 114.788200270626021, 40.490221271294672 ], [ 114.788096592283978, 40.490170465894323 ], [ 114.787869788659918, 40.490016804132267 ], [ 114.787365751028688, 40.489736911729153 ], [ 114.787261410785504, 40.489680867777906 ], [ 114.787121263135873, 40.489637653554894 ], [ 114.786785738670915, 40.489617713786515 ], [ 114.786625671037996, 40.489641670826472 ], [ 114.786464731961928, 40.489692629111573 ], [ 114.786297974272202, 40.489813712033254 ], [ 114.786010602207625, 40.490138726121359 ], [ 114.785693948217158, 40.490449352855421 ], [ 114.785275108759379, 40.490780476038196 ], [ 114.785218948795546, 40.490873972256054 ], [ 114.785198596238274, 40.490954654034113 ], [ 114.785165807855833, 40.49141337392814 ], [ 114.785215310138483, 40.491522407732987 ], [ 114.785357099950261, 40.491622378170291 ], [ 114.785883257306523, 40.491767577311919 ], [ 114.78618260654207, 40.49181385012912 ], [ 114.78685336858814, 40.491867230288506 ], [ 114.787419296663302, 40.491878079709636 ], [ 114.787704031915609, 40.491829486641564 ], [ 114.787899822418922, 40.491758265731448 ] ], [ [ 114.789300068643342, 40.49061849464789 ], [ 114.789351841714165, 40.490604530874464 ], [ 114.789433912944787, 40.490631792922954 ], [ 114.78944635056871, 40.490693615917678 ], [ 114.789385605861071, 40.490743470734628 ], [ 114.789295202411722, 40.49074484310006 ], [ 114.789254323728073, 40.490710622996914 ], [ 114.789251928833551, 40.490664344783738 ], [ 114.789300068643342, 40.49061849464789 ] ] ] } },
{ "type": "Feature", "properties": { "PV_Area": 1.0867366169399999, "Inst_time": 20150602.0, "Inst_year": 2015, "Major_type": "Grassland", "Lat": 40.405775609099997, "Lon": 114.96084623199999, "Province": "河北", "Province_pinyin": "Hebei", "Province code": 13, "City": "张家口市", "City_pinyin": "Zhangjiakou", "City code": 1307, "County": "宣化县", "County_pinyin": "Xuanhua xian", "County code": 130721, "Township": "深井镇", "Township_pinyin": "shen jing zhen" }, "geometry": { "type": "Polygon", "coordinates": [ [ [ 114.970161800826531, 40.40747744582751 ], [ 114.970161800826531, 40.407749461968137 ], [ 114.969087199115052, 40.40774949973968 ], [ 114.969087199115052, 40.406937901163246 ], [ 114.969894304678519, 40.406937903861206 ], [ 114.969894305577782, 40.407477483599052 ], [ 114.970161800826531, 40.40747744582751 ], [ 114.970161800826531, 40.407209958672695 ], [ 114.97070140934261, 40.407209918203193 ], [ 114.970973340947012, 40.406937938035469 ], [ 114.970973339148372, 40.406402812639726 ], [ 114.971780441114561, 40.406402801847889 ], [ 114.972048026295397, 40.40613079290182 ], [ 114.972048026295397, 40.404244597110505 ], [ 114.971780441114561, 40.403977082976041 ], [ 114.970701410241986, 40.40397704340586 ], [ 114.970701410241986, 40.404516647425396 ], [ 114.970433823262397, 40.404516629438945 ], [ 114.970433824161773, 40.405591294102976 ], [ 114.969894304678519, 40.40559123564708 ], [ 114.969894304678519, 40.405863260780905 ], [ 114.969087199115052, 40.405863252687027 ], [ 114.969087199115052, 40.406130820780788 ], [ 114.967736043283821, 40.406130827975403 ], [ 114.967736043283821, 40.405863258082945 ], [ 114.966929022256636, 40.405863284163274 ], [ 114.966929022256636, 40.406130781210663 ], [ 114.966389408344526, 40.406130797398419 ], [ 114.966389408344526, 40.40667039422334 ], [ 114.966121909498611, 40.406670345659961 ], [ 114.966121908599234, 40.406402848612629 ], [ 114.965849884364729, 40.406402817136382 ], [ 114.965849884364729, 40.406670387028782 ], [ 114.965042768908688, 40.406670346559281 ], [ 114.965042768009425, 40.406130819881469 ], [ 114.965310357686917, 40.405863277868036 ], [ 114.966389408344526, 40.405863298552447 ], [ 114.966389408344526, 40.405591268921967 ], [ 114.967196521102665, 40.40559130219691 ], [ 114.967196521102665, 40.405051698177374 ], [ 114.967468545337169, 40.405051726955662 ], [ 114.967468545337169, 40.404784152566663 ], [ 114.967196520203288, 40.404784194834804 ], [ 114.967196521102665, 40.404244583620709 ], [ 114.966929023155899, 40.403977029016744 ], [ 114.966389408344526, 40.403705074029972 ], [ 114.966389408344526, 40.403437492446358 ], [ 114.967736043283821, 40.403437541009737 ], [ 114.968008066619063, 40.403165532063724 ], [ 114.968008066619063, 40.401818838668532 ], [ 114.967196521102665, 40.40181886834614 ], [ 114.967196521102665, 40.402090841319307 ], [ 114.966389408344526, 40.402090867399636 ], [ 114.966389408344526, 40.402358455278545 ], [ 114.965849883465467, 40.402358437292094 ], [ 114.965849885264106, 40.402090846715282 ], [ 114.965310358586294, 40.40209089797662 ], [ 114.965042768009425, 40.402358451681266 ], [ 114.965042768908688, 40.402897939688216 ], [ 114.964775268264134, 40.402897955876028 ], [ 114.964775268264134, 40.403437512231449 ], [ 114.964503242230876, 40.403437544607073 ], [ 114.964503241331613, 40.403977098264534 ], [ 114.964235649855368, 40.403977062291631 ], [ 114.964235649855368, 40.40263043364763 ], [ 114.962884565970057, 40.402630396775464 ], [ 114.962884565970057, 40.402358421104282 ], [ 114.96261706352675, 40.402090835923389 ], [ 114.962077442420082, 40.402090888084047 ], [ 114.961537912144991, 40.401279356057501 ], [ 114.96127040880242, 40.401011759185394 ], [ 114.960463281655166, 40.401011800554215 ], [ 114.960191252924005, 40.401279346164927 ], [ 114.960191252024742, 40.401551330829307 ], [ 114.959651718152372, 40.401551347017119 ], [ 114.959651718152372, 40.401818873742059 ], [ 114.959112183380626, 40.401818887231912 ], [ 114.959112183380626, 40.401551285863206 ], [ 114.958037546595506, 40.401551305648297 ], [ 114.957765513367804, 40.40181884586309 ], [ 114.95776551426718, 40.402090904271859 ], [ 114.957498009125857, 40.402358424701617 ], [ 114.95641883885844, 40.402358447184668 ], [ 114.956151331918477, 40.402630422855793 ], [ 114.956151332817853, 40.404516604257935 ], [ 114.955879299590038, 40.404516613251133 ], [ 114.955879298690775, 40.404244634882048 ], [ 114.955611791750812, 40.403977104559772 ], [ 114.95533975852311, 40.40397711085501 ], [ 114.955339757623733, 40.403437532915859 ], [ 114.954800215657542, 40.403437524821982 ], [ 114.954800215657542, 40.403705049748282 ], [ 114.954260671892598, 40.403705039855765 ], [ 114.954260672791861, 40.402897999942809 ], [ 114.954800215657542, 40.402897939688216 ], [ 114.954800214758166, 40.402090892580702 ], [ 114.954532707818316, 40.401818887231912 ], [ 114.953993163153996, 40.40181887014478 ], [ 114.953993164053372, 40.402090861104398 ], [ 114.953453619389052, 40.402090842218627 ], [ 114.953186019818986, 40.402358449882627 ], [ 114.953186019818986, 40.402630439942925 ], [ 114.952646475154779, 40.402630416560555 ], [ 114.952374437430421, 40.402897945084135 ], [ 114.952374438329684, 40.403165549150799 ], [ 114.951839418154691, 40.403165505983395 ], [ 114.951839418154691, 40.403437494244997 ], [ 114.951567381329596, 40.403705091117104 ], [ 114.950760321631606, 40.403705037157806 ], [ 114.950488283907248, 40.40397708927128 ], [ 114.950220774269383, 40.404244592613907 ], [ 114.950220773370006, 40.405323684640393 ], [ 114.949681132478304, 40.405323745794306 ], [ 114.949681131579041, 40.405051690982816 ], [ 114.949141580619539, 40.405051726955662 ], [ 114.949141579720163, 40.404784200230722 ], [ 114.948062566834096, 40.404784166955778 ], [ 114.948062566834096, 40.405051696378735 ], [ 114.947527448632854, 40.405051726955662 ], [ 114.947255408210594, 40.40532369723087 ], [ 114.947255407311218, 40.405863279666676 ], [ 114.947527447733592, 40.405863294955168 ], [ 114.947527448632854, 40.406670395122717 ], [ 114.947255407311218, 40.406670380733544 ], [ 114.947255408210594, 40.407209953276777 ], [ 114.947527449532231, 40.407209893022184 ], [ 114.947527447733592, 40.407749459270178 ], [ 114.947794961868112, 40.407749487149147 ], [ 114.947794961868112, 40.408289047101903 ], [ 114.948602028760661, 40.408289035410689 ], [ 114.948602029660037, 40.408017064236162 ], [ 114.948874068283658, 40.407749485350507 ], [ 114.949413620142536, 40.407749443082366 ], [ 114.949413620142536, 40.407477471008519 ], [ 114.949681131579041, 40.407209905612717 ], [ 114.949948733847009, 40.407209908310676 ], [ 114.949948733847009, 40.406670343861322 ], [ 114.950220773370006, 40.406402830626178 ], [ 114.952646475154779, 40.406402789257356 ], [ 114.952646475154779, 40.40613081628419 ], [ 114.953993163153996, 40.406130829774042 ], [ 114.953993164053372, 40.407209939786924 ], [ 114.954800216556805, 40.407209950578817 ], [ 114.955072249784507, 40.406937902062566 ], [ 114.95533975852311, 40.406402815337685 ], [ 114.956151331918477, 40.40640280004925 ], [ 114.956151332817853, 40.406937892170049 ], [ 114.95641883885844, 40.406937895767328 ], [ 114.956418839757703, 40.407477512377341 ], [ 114.955611790851549, 40.407477444028871 ], [ 114.955339757623733, 40.407749491645802 ], [ 114.955339757623733, 40.40828903181341 ], [ 114.955611790851549, 40.40855659541063 ], [ 114.957225975898155, 40.408556547746514 ], [ 114.957225976797417, 40.408289048001222 ], [ 114.957765515166443, 40.408289028216132 ], [ 114.95776551426718, 40.408016996787012 ], [ 114.958305050837453, 40.408017047149087 ], [ 114.958305050837453, 40.407749472760031 ], [ 114.958572645910976, 40.407749449377661 ], [ 114.958844588307215, 40.408017021968021 ], [ 114.958844588307215, 40.408556548645834 ], [ 114.960191252024742, 40.408556600806548 ], [ 114.960463281655166, 40.408289004833762 ], [ 114.960463281655166, 40.408017050746366 ], [ 114.960730785897113, 40.407749470062072 ], [ 114.960998379171883, 40.407749439485087 ], [ 114.96099838007126, 40.408289035410689 ], [ 114.961270407903044, 40.408289005733081 ], [ 114.961537912144991, 40.408556560337047 ], [ 114.961537912144991, 40.408828583672232 ], [ 114.963156593801841, 40.408828557591903 ], [ 114.963156594701104, 40.408556537853997 ], [ 114.963424095345772, 40.408289027316812 ], [ 114.963696122278293, 40.408017040853792 ], [ 114.964775268264134, 40.408016975203282 ], [ 114.964775267364757, 40.408288995840564 ], [ 114.965849885264106, 40.408289005733081 ], [ 114.965849883465467, 40.408016985995175 ], [ 114.966661432579144, 40.408017016572103 ], [ 114.966661432579144, 40.408289036310009 ], [ 114.966929022256636, 40.408556545947874 ], [ 114.968275655397292, 40.408556552243169 ], [ 114.968275655397292, 40.408828564786461 ], [ 114.968547587900957, 40.409096162557887 ], [ 114.96962228224254, 40.409096103202671 ], [ 114.969894304678519, 40.409363672195752 ], [ 114.969894304678519, 40.410175234799283 ], [ 114.969354695263064, 40.410175206920314 ], [ 114.969354694363687, 40.409903200672204 ], [ 114.969087198215675, 40.40963568833638 ], [ 114.967736043283821, 40.409635646068239 ], [ 114.967736043283821, 40.410714764175054 ], [ 114.967196521102665, 40.410714776765587 ], [ 114.967196521102665, 40.411521876033817 ], [ 114.968815174880433, 40.411521874235177 ], [ 114.968815174880433, 40.411249873382985 ], [ 114.96962228224254, 40.411249860792509 ], [ 114.96962228224254, 40.41098231698038 ], [ 114.969894304678519, 40.410982331369553 ], [ 114.969894304678519, 40.411521874235177 ], [ 114.969622283141916, 40.411521859846005 ], [ 114.969354696162327, 40.41178939196692 ], [ 114.969354695263064, 40.412868535254745 ], [ 114.970161800826531, 40.412868510973055 ], [ 114.970433823262397, 40.412600985147378 ], [ 114.970433823262397, 40.412061453073647 ], [ 114.971240925228585, 40.41206142339604 ], [ 114.971240925228585, 40.411249891369437 ], [ 114.970973339148372, 40.411249884174879 ], [ 114.970973340047635, 40.409635699128273 ], [ 114.971240925228585, 40.409635708121471 ], [ 114.971240924329209, 40.409096150866731 ], [ 114.970973340047635, 40.408828589967527 ], [ 114.970433823262397, 40.408828543202787 ], [ 114.970433823262397, 40.407477463813962 ], [ 114.970161800826531, 40.40747744582751 ] ], [ [ 114.962349472050505, 40.40720994338426 ], [ 114.962884565970057, 40.407209892122864 ], [ 114.962884565970057, 40.407749488947786 ], [ 114.962349472050505, 40.407749468263376 ], [ 114.962349472050505, 40.40720994338426 ] ], [ [ 114.957498007327217, 40.405051682888882 ], [ 114.959112183380626, 40.405051705371932 ], [ 114.959112183380626, 40.404784192136788 ], [ 114.959923748682172, 40.404784149868647 ], [ 114.959923748682172, 40.405591286009098 ], [ 114.957765515166443, 40.405591242841638 ], [ 114.957498008226594, 40.405323727807854 ], [ 114.957498007327217, 40.405051682888882 ] ], [ [ 114.951567381329596, 40.404516588070123 ], [ 114.952374438329684, 40.404516631237584 ], [ 114.952374439229061, 40.405051750338032 ], [ 114.95210692689318, 40.405051732351637 ], [ 114.95210692689318, 40.404784136378851 ], [ 114.951567382228973, 40.40478418494223 ], [ 114.951567381329596, 40.404516588070123 ] ], [ [ 114.95641883885844, 40.405323765579396 ], [ 114.956686435730489, 40.405323750290904 ], [ 114.956686436629752, 40.405051703573292 ], [ 114.957225976797417, 40.405051697278054 ], [ 114.957225975898155, 40.40532374219697 ], [ 114.956958468958192, 40.405591251834835 ], [ 114.95641883885844, 40.40559127971386 ], [ 114.95641883885844, 40.405323765579396 ] ], [ [ 114.95830504993819, 40.402898005338727 ], [ 114.959384214809688, 40.402897957674668 ], [ 114.959384213910425, 40.4034375302179 ], [ 114.959112183380626, 40.403705065936094 ], [ 114.958572646810239, 40.403705081224587 ], [ 114.958572647709616, 40.403165508681354 ], [ 114.958305050837453, 40.403165526667749 ], [ 114.95830504993819, 40.402898005338727 ] ] ] } },
{ "type": "Feature", "properties": { "PV_Area": 1.0867366169399999, "Inst_time": 20150602.0, "Inst_year": 2015, "Major_type": "Grassland", "Lat": 40.405775609099997, "Lon": 114.96084623199999, "Province": "河北", "Province_pinyin": "Hebei", "Province code": 13, "City": "张家口市", "City_pinyin": "Zhangjiakou", "City code": 1307, "County": "宣化县", "County_pinyin": "Xuanhua xian", "County code": 130721, "Township": "崞村镇", "Township_pinyin": "guo cun zhen" }, "geometry": { "type": "Polygon", "coordinates": [ [ [ 114.970161800826531, 40.40747744582751 ], [ 114.970161800826531, 40.407749461968137 ], [ 114.969087199115052, 40.40774949973968 ], [ 114.969087199115052, 40.406937901163246 ], [ 114.969894304678519, 40.406937903861206 ], [ 114.969894305577782, 40.407477483599052 ], [ 114.970161800826531, 40.40747744582751 ], [ 114.970161800826531, 40.407209958672695 ], [ 114.97070140934261, 40.407209918203193 ], [ 114.970973340947012, 40.406937938035469 ], [ 114.970973339148372, 40.406402812639726 ], [ 114.971780441114561, 40.406402801847889 ], [ 114.972048026295397, 40.40613079290182 ], [ 114.972048026295397, 40.404244597110505 ], [ 114.971780441114561, 40.403977082976041 ], [ 114.970701410241986, 40.40397704340586 ], [ 114.970701410241986, 40.404516647425396 ], [ 114.970433823262397, 40.404516629438945 ], [ 114.970433824161773, 40.405591294102976 ], [ 114.969894304678519, 40.40559123564708 ], [ 114.969894304678519, 40.405863260780905 ], [ 114.969087199115052, 40.405863252687027 ], [ 114.969087199115052, 40.406130820780788 ], [ 114.967736043283821, 40.406130827975403 ], [ 114.967736043283821, 40.405863258082945 ], [ 114.966929022256636, 40.405863284163274 ], [ 114.966929022256636, 40.406130781210663 ], [ 114.966389408344526, 40.406130797398419 ], [ 114.966389408344526, 40.40667039422334 ], [ 114.966121909498611, 40.406670345659961 ], [ 114.966121908599234, 40.406402848612629 ], [ 114.965849884364729, 40.406402817136382 ], [ 114.965849884364729, 40.406670387028782 ], [ 114.965042768908688, 40.406670346559281 ], [ 114.965042768009425, 40.406130819881469 ], [ 114.965310357686917, 40.405863277868036 ], [ 114.966389408344526, 40.405863298552447 ], [ 114.966389408344526, 40.405591268921967 ], [ 114.967196521102665, 40.40559130219691 ], [ 114.967196521102665, 40.405051698177374 ], [ 114.967468545337169, 40.405051726955662 ], [ 114.967468545337169, 40.404784152566663 ], [ 114.967196520203288, 40.404784194834804 ], [ 114.967196521102665, 40.404244583620709 ], [ 114.966929023155899, 40.403977029016744 ], [ 114.966389408344526, 40.403705074029972 ], [ 114.966389408344526, 40.403437492446358 ], [ 114.967736043283821, 40.403437541009737 ], [ 114.968008066619063, 40.403165532063724 ], [ 114.968008066619063, 40.401818838668532 ], [ 114.967196521102665, 40.40181886834614 ], [ 114.967196521102665, 40.402090841319307 ], [ 114.966389408344526, 40.402090867399636 ], [ 114.966389408344526, 40.402358455278545 ], [ 114.965849883465467, 40.402358437292094 ], [ 114.965849885264106, 40.402090846715282 ], [ 114.965310358586294, 40.40209089797662 ], [ 114.965042768009425, 40.402358451681266 ], [ 114.965042768908688, 40.402897939688216 ], [ 114.964775268264134, 40.402897955876028 ], [ 114.964775268264134, 40.403437512231449 ], [ 114.964503242230876, 40.403437544607073 ], [ 114.964503241331613, 40.403977098264534 ], [ 114.964235649855368, 40.403977062291631 ], [ 114.964235649855368, 40.40263043364763 ], [ 114.962884565970057, 40.402630396775464 ], [ 114.962884565970057, 40.402358421104282 ], [ 114.96261706352675, 40.402090835923389 ], [ 114.962077442420082, 40.402090888084047 ], [ 114.961537912144991, 40.401279356057501 ], [ 114.96127040880242, 40.401011759185394 ], [ 114.960463281655166, 40.401011800554215 ], [ 114.960191252924005, 40.401279346164927 ], [ 114.960191252024742, 40.401551330829307 ], [ 114.959651718152372, 40.401551347017119 ], [ 114.959651718152372, 40.401818873742059 ], [ 114.959112183380626, 40.401818887231912 ], [ 114.959112183380626, 40.401551285863206 ], [ 114.958037546595506, 40.401551305648297 ], [ 114.957765513367804, 40.40181884586309 ], [ 114.95776551426718, 40.402090904271859 ], [ 114.957498009125857, 40.402358424701617 ], [ 114.95641883885844, 40.402358447184668 ], [ 114.956151331918477, 40.402630422855793 ], [ 114.956151332817853, 40.404516604257935 ], [ 114.955879299590038, 40.404516613251133 ], [ 114.955879298690775, 40.404244634882048 ], [ 114.955611791750812, 40.403977104559772 ], [ 114.95533975852311, 40.40397711085501 ], [ 114.955339757623733, 40.403437532915859 ], [ 114.954800215657542, 40.403437524821982 ], [ 114.954800215657542, 40.403705049748282 ], [ 114.954260671892598, 40.403705039855765 ], [ 114.954260672791861, 40.402897999942809 ], [ 114.954800215657542, 40.402897939688216 ], [ 114.954800214758166, 40.402090892580702 ], [ 114.954532707818316, 40.401818887231912 ], [ 114.953993163153996, 40.40181887014478 ], [ 114.953993164053372, 40.402090861104398 ], [ 114.953453619389052, 40.402090842218627 ], [ 114.953186019818986, 40.402358449882627 ], [ 114.953186019818986, 40.402630439942925 ], [ 114.952646475154779, 40.402630416560555 ], [ 114.952374437430421, 40.402897945084135 ], [ 114.952374438329684, 40.403165549150799 ], [ 114.951839418154691, 40.403165505983395 ], [ 114.951839418154691, 40.403437494244997 ], [ 114.951567381329596, 40.403705091117104 ], [ 114.950760321631606, 40.403705037157806 ], [ 114.950488283907248, 40.40397708927128 ], [ 114.950220774269383, 40.404244592613907 ], [ 114.950220773370006, 40.405323684640393 ], [ 114.949681132478304, 40.405323745794306 ], [ 114.949681131579041, 40.405051690982816 ], [ 114.949141580619539, 40.405051726955662 ], [ 114.949141579720163, 40.404784200230722 ], [ 114.948062566834096, 40.404784166955778 ], [ 114.948062566834096, 40.405051696378735 ], [ 114.947527448632854, 40.405051726955662 ], [ 114.947255408210594, 40.40532369723087 ], [ 114.947255407311218, 40.405863279666676 ], [ 114.947527447733592, 40.405863294955168 ], [ 114.947527448632854, 40.406670395122717 ], [ 114.947255407311218, 40.406670380733544 ], [ 114.947255408210594, 40.407209953276777 ], [ 114.947527449532231, 40.407209893022184 ], [ 114.947527447733592, 40.407749459270178 ], [ 114.947794961868112, 40.407749487149147 ], [ 114.947794961868112, 40.408289047101903 ], [ 114.948602028760661, 40.408289035410689 ], [ 114.948602029660037, 40.408017064236162 ], [ 114.948874068283658, 40.407749485350507 ], [ 114.949413620142536, 40.407749443082366 ], [ 114.949413620142536, 40.407477471008519 ], [ 114.949681131579041, 40.407209905612717 ], [ 114.949948733847009, 40.407209908310676 ], [ 114.949948733847009, 40.406670343861322 ], [ 114.950220773370006, 40.406402830626178 ], [ 114.952646475154779, 40.406402789257356 ], [ 114.952646475154779, 40.40613081628419 ], [ 114.953993163153996, 40.406130829774042 ], [ 114.953993164053372, 40.407209939786924 ], [ 114.954800216556805, 40.407209950578817 ], [ 114.955072249784507, 40.406937902062566 ], [ 114.95533975852311, 40.406402815337685 ], [ 114.956151331918477, 40.40640280004925 ], [ 114.956151332817853, 40.406937892170049 ], [ 114.95641883885844, 40.406937895767328 ], [ 114.956418839757703, 40.407477512377341 ], [ 114.955611790851549, 40.407477444028871 ], [ 114.955339757623733, 40.407749491645802 ], [ 114.955339757623733, 40.40828903181341 ], [ 114.955611790851549, 40.40855659541063 ], [ 114.957225975898155, 40.408556547746514 ], [ 114.957225976797417, 40.408289048001222 ], [ 114.957765515166443, 40.408289028216132 ], [ 114.95776551426718, 40.408016996787012 ], [ 114.958305050837453, 40.408017047149087 ], [ 114.958305050837453, 40.407749472760031 ], [ 114.958572645910976, 40.407749449377661 ], [ 114.958844588307215, 40.408017021968021 ], [ 114.958844588307215, 40.408556548645834 ], [ 114.960191252024742, 40.408556600806548 ], [ 114.960463281655166, 40.408289004833762 ], [ 114.960463281655166, 40.408017050746366 ], [ 114.960730785897113, 40.407749470062072 ], [ 114.960998379171883, 40.407749439485087 ], [ 114.96099838007126, 40.408289035410689 ], [ 114.961270407903044, 40.408289005733081 ], [ 114.961537912144991, 40.408556560337047 ], [ 114.961537912144991, 40.408828583672232 ], [ 114.963156593801841, 40.408828557591903 ], [ 114.963156594701104, 40.408556537853997 ], [ 114.963424095345772, 40.408289027316812 ], [ 114.963696122278293, 40.408017040853792 ], [ 114.964775268264134, 40.408016975203282 ], [ 114.964775267364757, 40.408288995840564 ], [ 114.965849885264106, 40.408289005733081 ], [ 114.965849883465467, 40.408016985995175 ], [ 114.966661432579144, 40.408017016572103 ], [ 114.966661432579144, 40.408289036310009 ], [ 114.966929022256636, 40.408556545947874 ], [ 114.968275655397292, 40.408556552243169 ], [ 114.968275655397292, 40.408828564786461 ], [ 114.968547587900957, 40.409096162557887 ], [ 114.96962228224254, 40.409096103202671 ], [ 114.969894304678519, 40.409363672195752 ], [ 114.969894304678519, 40.410175234799283 ], [ 114.969354695263064, 40.410175206920314 ], [ 114.969354694363687, 40.409903200672204 ], [ 114.969087198215675, 40.40963568833638 ], [ 114.967736043283821, 40.409635646068239 ], [ 114.967736043283821, 40.410714764175054 ], [ 114.967196521102665, 40.410714776765587 ], [ 114.967196521102665, 40.411521876033817 ], [ 114.968815174880433, 40.411521874235177 ], [ 114.968815174880433, 40.411249873382985 ], [ 114.96962228224254, 40.411249860792509 ], [ 114.96962228224254, 40.41098231698038 ], [ 114.969894304678519, 40.410982331369553 ], [ 114.969894304678519, 40.411521874235177 ], [ 114.969622283141916, 40.411521859846005 ], [ 114.969354696162327, 40.41178939196692 ], [ 114.969354695263064, 40.412868535254745 ], [ 114.970161800826531, 40.412868510973055 ], [ 114.970433823262397, 40.412600985147378 ], [ 114.970433823262397, 40.412061453073647 ], [ 114.971240925228585, 40.41206142339604 ], [ 114.971240925228585, 40.411249891369437 ], [ 114.970973339148372, 40.411249884174879 ], [ 114.970973340047635, 40.409635699128273 ], [ 114.971240925228585, 40.409635708121471 ], [ 114.971240924329209, 40.409096150866731 ], [ 114.970973340047635, 40.408828589967527 ], [ 114.970433823262397, 40.408828543202787 ], [ 114.970433823262397, 40.407477463813962 ], [ 114.970161800826531, 40.40747744582751 ] ], [ [ 114.962349472050505, 40.40720994338426 ], [ 114.962884565970057, 40.407209892122864 ], [ 114.962884565970057, 40.407749488947786 ], [ 114.962349472050505, 40.407749468263376 ], [ 114.962349472050505, 40.40720994338426 ] ], [ [ 114.957498007327217, 40.405051682888882 ], [ 114.959112183380626, 40.405051705371932 ], [ 114.959112183380626, 40.404784192136788 ], [ 114.959923748682172, 40.404784149868647 ], [ 114.959923748682172, 40.405591286009098 ], [ 114.957765515166443, 40.405591242841638 ], [ 114.957498008226594, 40.405323727807854 ], [ 114.957498007327217, 40.405051682888882 ] ], [ [ 114.951567381329596, 40.404516588070123 ], [ 114.952374438329684, 40.404516631237584 ], [ 114.952374439229061, 40.405051750338032 ], [ 114.95210692689318, 40.405051732351637 ], [ 114.95210692689318, 40.404784136378851 ], [ 114.951567382228973, 40.40478418494223 ], [ 114.951567381329596, 40.404516588070123 ] ], [ [ 114.95641883885844, 40.405323765579396 ], [ 114.956686435730489, 40.405323750290904 ], [ 114.956686436629752, 40.405051703573292 ], [ 114.957225976797417, 40.405051697278054 ], [ 114.957225975898155, 40.40532374219697 ], [ 114.956958468958192, 40.405591251834835 ], [ 114.95641883885844, 40.40559127971386 ], [ 114.95641883885844, 40.405323765579396 ] ], [ [ 114.95830504993819, 40.402898005338727 ], [ 114.959384214809688, 40.402897957674668 ], [ 114.959384213910425, 40.4034375302179 ], [ 114.959112183380626, 40.403705065936094 ], [ 114.958572646810239, 40.403705081224587 ], [ 114.958572647709616, 40.403165508681354 ], [ 114.958305050837453, 40.403165526667749 ], [ 114.95830504993819, 40.402898005338727 ] ] ] } },
{ "type": "Feature", "properties": { "PV_Area": 0.010497233601500001, "Inst_time": 20150825.0, "Inst_year": 2015, "Major_type": "Cropland", "Lat": 40.406226795899997, "Lon": 115.03673487499999, "Province": "河北", "Province_pinyin": "Hebei", "Province code": 13, "City": "张家口市", "City_pinyin": "Zhangjiakou", "City code": 1307, "County": "宣化县", "County_pinyin": "Xuanhua xian", "County code": 130721, "Township": "崞村镇", "Township_pinyin": "guo cun zhen" }, "geometry": { "type": "Polygon", "coordinates": [ [ [ 115.037087474207624, 40.406760469420192 ], [ 115.037267138967309, 40.406670637040293 ], [ 115.037446801029091, 40.40658080555977 ], [ 115.037536631610351, 40.406401142598725 ], [ 115.037536631610351, 40.406041816676577 ], [ 115.037446801029091, 40.405951985195998 ], [ 115.036997642727101, 40.405951985195998 ], [ 115.036638317704274, 40.405951985195998 ], [ 115.036458654743228, 40.405772322234952 ], [ 115.035919664960602, 40.405772322234952 ], [ 115.035829832580816, 40.405862153715475 ], [ 115.035829832580816, 40.4061316481571 ], [ 115.035919665859979, 40.406221479637622 ], [ 115.036099327921761, 40.406311311118145 ], [ 115.036638316804897, 40.40658080555977 ], [ 115.03672814828542, 40.406670637040293 ], [ 115.036907811246579, 40.406760469420192 ], [ 115.037087474207624, 40.406760469420192 ] ] ] } },
{ "type": "Feature", "properties": { "PV_Area": 0.013159043439499999, "Inst_time": 20150904.0, "Inst_year": 2015, "Major_type": "Grassland", "Lat": 40.409035941200003, "Lon": 115.04297559299999, "Province": "河北", "Province_pinyin": "Hebei", "Province code": 13, "City": "张家口市", "City_pinyin": "Zhangjiakou", "City code": 1307, "County": "宣化县", "County_pinyin": "Xuanhua xian", "County code": 130721, "Township": "崞村镇", "Township_pinyin": "guo cun zhen" }, "geometry": { "type": "Polygon", "coordinates": [ [ [ 115.044094333286921, 40.409814740657794 ], [ 115.044184163868181, 40.409724909177271 ], [ 115.04418416566682, 40.409545246216169 ], [ 115.043914671225139, 40.409185920294021 ], [ 115.043824838845353, 40.409096088813499 ], [ 115.043555345303048, 40.408916425852397 ], [ 115.043285849962103, 40.408916425852397 ], [ 115.043285849962103, 40.409006257332976 ], [ 115.042926524039899, 40.409006257332976 ], [ 115.04283669166, 40.408916425852397 ], [ 115.04283669166, 40.408736761992031 ], [ 115.042746861078854, 40.408557099030929 ], [ 115.042387535156649, 40.408287604589304 ], [ 115.04193837685466, 40.408287604589304 ], [ 115.041848545374137, 40.408377436069884 ], [ 115.041758713893614, 40.408467267550407 ], [ 115.041758714792877, 40.408557099030929 ], [ 115.04184854447476, 40.408736761992031 ], [ 115.041938377754036, 40.408826594371874 ], [ 115.042297702776864, 40.409006257332976 ], [ 115.043016354621159, 40.409365583255124 ], [ 115.043196017582204, 40.409455414735646 ], [ 115.043375681442626, 40.409545246216169 ], [ 115.043645174984931, 40.409724909177271 ], [ 115.043824839744616, 40.409814740657794 ], [ 115.044094333286921, 40.409814740657794 ] ] ] } },
{ "type": "Feature", "properties": { "PV_Area": 0.00228185182418, "Inst_time": 20150805.0, "Inst_year": 2015, "Major_type": "Cropland", "Lat": 40.410773442999997, "Lon": 115.040815483, "Province": "河北", "Province_pinyin": "Hebei", "Province code": 13, "City": "张家口市", "City_pinyin": "Zhangjiakou", "City code": 1307, "County": "宣化县", "County_pinyin": "Xuanhua xian", "County code": 130721, "Township": "崞村镇", "Township_pinyin": "guo cun zhen" }, "geometry": { "type": "Polygon", "coordinates": [ [ [ 115.041040061149943, 40.410982550804135 ], [ 115.041129891731202, 40.410892719323613 ], [ 115.041129892630465, 40.410713056362511 ], [ 115.041040062049319, 40.410623224881988 ], [ 115.040950230568797, 40.410533393401465 ], [ 115.040680737026491, 40.410533393401465 ], [ 115.040590903747216, 40.410623224881988 ], [ 115.040501072266693, 40.410713056362511 ], [ 115.04050107316607, 40.410892719323613 ], [ 115.040590903747216, 40.410982550804135 ], [ 115.041040061149943, 40.410982550804135 ] ] ] } },
{ "type": "Feature", "properties": { "PV_Area": 0.010496527948499999, "Inst_time": 20131209.0, "Inst_year": 2013, "Major_type": "Grassland", "Lat": 40.410840968499997, "Lon": 115.04509181100001, "Province": "河北", "Province_pinyin": "Hebei", "Province code": 13, "City": "张家口市", "City_pinyin": "Zhangjiakou", "City code": 1307, "County": "宣化县", "County_pinyin": "Xuanhua xian", "County code": 130721, "Township": "崞村镇", "Township_pinyin": "guo cun zhen" }, "geometry": { "type": "Polygon", "coordinates": [ [ [ 115.045801133215832, 40.41170120264843 ], [ 115.045801133215832, 40.411611371167908 ], [ 115.045801133215832, 40.410982551703455 ], [ 115.045711300835933, 40.410802887843033 ], [ 115.045531637874888, 40.410713056362511 ], [ 115.044992648991638, 40.410713056362511 ], [ 115.044992648991638, 40.410084235099418 ], [ 115.044902817511115, 40.409994403618896 ], [ 115.044633323069434, 40.409994403618896 ], [ 115.044543490689648, 40.410084235099418 ], [ 115.044453661007765, 40.410353730440363 ], [ 115.044453659209012, 40.410713056362511 ], [ 115.044543490689648, 40.410982550804135 ], [ 115.044723153650693, 40.411162213765181 ], [ 115.044812986929855, 40.41125204524576 ], [ 115.044992648991638, 40.41125204524576 ], [ 115.044992648991638, 40.411162213765181 ], [ 115.04517231105342, 40.411162213765181 ], [ 115.045351974913729, 40.41125204524576 ], [ 115.045441806394365, 40.411341876726283 ], [ 115.045441807293628, 40.411521539687385 ], [ 115.045531637874888, 40.411611371167908 ], [ 115.045621470254673, 40.41170120264843 ], [ 115.045801133215832, 40.41170120264843 ] ] ] } },
{ "type": "Feature", "properties": { "PV_Area": 0.260996493735, "Inst_time": 20150707.0, "Inst_year": 2015, "Major_type": "Grassland", "Lat": 40.419617821199999, "Lon": 115.025995935, "Province": "河北", "Province_pinyin": "Hebei", "Province code": 13, "City": "张家口市", "City_pinyin": "Zhangjiakou", "City code": 1307, "County": "宣化县", "County_pinyin": "Xuanhua xian", "County code": 130721, "Township": "崞村镇", "Township_pinyin": "guo cun zhen" }, "geometry": { "type": "Polygon", "coordinates": [ [ [ 115.025677679181626, 40.424185717197133 ], [ 115.025677680080889, 40.423918160794528 ], [ 115.025949656651392, 40.423918135613519 ], [ 115.025949656651392, 40.422839067868722 ], [ 115.026217198664881, 40.422839042687713 ], [ 115.026217199564144, 40.422031974895788 ], [ 115.025949656651392, 40.421764433781618 ], [ 115.02487052685342, 40.421764393312174 ], [ 115.02460298483993, 40.421492389762022 ], [ 115.02460298483993, 40.42122489361401 ], [ 115.025677680080889, 40.421224866634361 ], [ 115.025677680080889, 40.420413321117906 ], [ 115.025410048135313, 40.42014578899699 ], [ 115.025138069766172, 40.420145806983442 ], [ 115.025138069766172, 40.419066666393576 ], [ 115.025677680080889, 40.419066682581388 ], [ 115.025677680080889, 40.418799104595053 ], [ 115.026217198664881, 40.418799140567955 ], [ 115.02648917523527, 40.418527087555105 ], [ 115.026756716349496, 40.417987598648836 ], [ 115.027024256564232, 40.41771999728013 ], [ 115.027296324865574, 40.417720028756378 ], [ 115.027563864181047, 40.417452498434102 ], [ 115.02783583895291, 40.417180439126014 ], [ 115.02783583895291, 40.416640888166512 ], [ 115.028642894154359, 40.41664089356243 ], [ 115.028642895053622, 40.416912933085428 ], [ 115.028375354838772, 40.416912955568478 ], [ 115.028375354838772, 40.417720010769926 ], [ 115.028642894154359, 40.417720059333305 ], [ 115.028642893254982, 40.418527101944278 ], [ 115.028375353939509, 40.418527128024607 ], [ 115.028375354838772, 40.419066660098338 ], [ 115.028103379167646, 40.419066686178667 ], [ 115.027835839852173, 40.419338667245768 ], [ 115.02783583895291, 40.420413333708439 ], [ 115.028642894154359, 40.420413323815922 ], [ 115.028642894154359, 40.420145754822784 ], [ 115.029182499073158, 40.420145749426865 ], [ 115.029182499972421, 40.419873798037429 ], [ 115.029989549777952, 40.419873779151658 ], [ 115.029989549777952, 40.419066687077986 ], [ 115.029722011361741, 40.419066644809845 ], [ 115.029722012261118, 40.418527116333394 ], [ 115.029989549777952, 40.418527158601535 ], [ 115.029989549777952, 40.417720049440788 ], [ 115.030261613582638, 40.41771999907877 ], [ 115.030261613582638, 40.416912951971199 ], [ 115.029989550677328, 40.416912927689509 ], [ 115.029989549777952, 40.416373381226606 ], [ 115.029722011361741, 40.416101367783938 ], [ 115.029450038388632, 40.415833805985415 ], [ 115.028914959757685, 40.415833781703725 ], [ 115.028914957959046, 40.416101368683258 ], [ 115.028375354838772, 40.416101363287339 ], [ 115.028375354838772, 40.415833848253556 ], [ 115.027835839852173, 40.415833816777251 ], [ 115.027835839852173, 40.415561844703404 ], [ 115.027296323966198, 40.415561808730558 ], [ 115.027296323966198, 40.415833781703725 ], [ 115.026756716349496, 40.415833838360982 ], [ 115.02648917523527, 40.416101372280536 ], [ 115.02648917523527, 40.416373344354383 ], [ 115.025677680080889, 40.41637339021986 ], [ 115.025410048135313, 40.416640942125809 ], [ 115.025410048135313, 40.417720052138748 ], [ 115.025138069766172, 40.417987577964425 ], [ 115.02460298483993, 40.417987533897644 ], [ 115.02460298483993, 40.418259573420642 ], [ 115.023523852343942, 40.418259568924043 ], [ 115.023251872176274, 40.418527091152384 ], [ 115.022984328364146, 40.418799138769316 ], [ 115.022984327464769, 40.419606190373429 ], [ 115.023251872176274, 40.419873756668608 ], [ 115.023523851444679, 40.419873744977394 ], [ 115.023523851444679, 40.420685306681605 ], [ 115.022712349095741, 40.420685346251787 ], [ 115.022444804384236, 40.420952858587611 ], [ 115.022444806182875, 40.422031981191026 ], [ 115.022712349995004, 40.422299535794991 ], [ 115.022984328364146, 40.422299522305138 ], [ 115.022984328364146, 40.422839108338223 ], [ 115.022712349095741, 40.422839050781647 ], [ 115.022444805283612, 40.423111084009349 ], [ 115.022444805283612, 40.423650590902128 ], [ 115.023791395256694, 40.423650652055983 ], [ 115.023791395256694, 40.423378636814675 ], [ 115.024063463558036, 40.42311103634529 ], [ 115.02460298483993, 40.423111069620234 ], [ 115.02460298483993, 40.423918203062669 ], [ 115.024870527752682, 40.424185736982224 ], [ 115.025677679181626, 40.424185717197133 ] ] ] } },
{ "type": "Feature", "properties": { "PV_Area": 0.0025398548195300001, "Inst_time": 20150716.0, "Inst_year": 2015, "Major_type": "Woodland", "Lat": 40.630660413800001, "Lon": 115.143706326, "Province": "河北", "Province_pinyin": "Hebei", "Province code": 13, "City": "张家口市", "City_pinyin": "Zhangjiakou", "City code": 1307, "County": "宣化县", "County_pinyin": "Xuanhua xian", "County code": 130721, "Township": "贾家营镇", "Township_pinyin": "jia jia ying zhen" }, "geometry": { "type": "Polygon", "coordinates": [ [ [ 115.143897162124404, 40.630890132074001 ], [ 115.143897162124404, 40.630800300593478 ], [ 115.143986991806287, 40.630710469112898 ], [ 115.144076825085449, 40.630710469112898 ], [ 115.144076825085449, 40.630530806151853 ], [ 115.143986993604926, 40.630440974671274 ], [ 115.143537837101576, 40.630440974671274 ], [ 115.143448003822414, 40.630530806151853 ], [ 115.143358173241154, 40.630620637632376 ], [ 115.143358173241154, 40.630800300593478 ], [ 115.143448002923037, 40.630890132074001 ], [ 115.143897162124404, 40.630890132074001 ] ] ] } },
{ "type": "Feature", "properties": { "PV_Area": 0.0025398548195300001, "Inst_time": 20150716.0, "Inst_year": 2015, "Major_type": "Woodland", "Lat": 40.630660413800001, "Lon": 115.143706326, "Province": "河北", "Province_pinyin": "Hebei", "Province code": 13, "City": "张家口市", "City_pinyin": "Zhangjiakou", "City code": 1307, "County": "宣化县", "County_pinyin": "Xuanhua xian", "County code": 130721, "Township": "贾家营镇", "Township_pinyin": "jia jia ying zhen" }, "geometry": { "type": "Polygon", "coordinates": [ [ [ 115.143897162124404, 40.630890132074001 ], [ 115.143897162124404, 40.630800300593478 ], [ 115.143986991806287, 40.630710469112898 ], [ 115.144076825085449, 40.630710469112898 ], [ 115.144076825085449, 40.630530806151853 ], [ 115.143986993604926, 40.630440974671274 ], [ 115.143537837101576, 40.630440974671274 ], [ 115.143448003822414, 40.630530806151853 ], [ 115.143358173241154, 40.630620637632376 ], [ 115.143358173241154, 40.630800300593478 ], [ 115.143448002923037, 40.630890132074001 ], [ 115.143897162124404, 40.630890132074001 ] ] ] } },
{ "type": "Feature", "properties": { "PV_Area": 0.00122620782473, "Inst_time": 20121218.0, "Inst_year": 2012, "Major_type": "Cropland", "Lat": 40.4447113628, "Lon": 114.80965968700001, "Province": "河北", "Province_pinyin": "Hebei", "Province code": 13, "City": "张家口市", "City_pinyin": "Zhangjiakou", "City code": 1307, "County": "宣化县", "County_pinyin": "Xuanhua xian", "County code": 130721, "Township": "深井镇", "Township_pinyin": "shen jing zhen" }, "geometry": { "type": "Polygon", "coordinates": [ [ [ 114.809314739783531, 40.444810723136413 ], [ 114.809880092292474, 40.44482766186718 ], [ 114.809969124275767, 40.44473280317635 ], [ 114.809982479208088, 40.444604066124782 ], [ 114.809412674155624, 40.444600679277983 ], [ 114.809336998004142, 40.444742967314141 ], [ 114.809314739783531, 40.444810723136413 ] ] ] } },
{ "type": "Feature", "properties": { "PV_Area": 0.00647246136609, "Inst_time": 20130730.0, "Inst_year": 2013, "Major_type": "Grassland", "Lat": 40.4387455436, "Lon": 114.80654016699999, "Province": "河北", "Province_pinyin": "Hebei", "Province code": 13, "City": "张家口市", "City_pinyin": "Zhangjiakou", "City code": 1307, "County": "宣化县", "County_pinyin": "Xuanhua xian", "County code": 130721, "Township": "深井镇", "Township_pinyin": "shen jing zhen" }, "geometry": { "type": "Polygon", "coordinates": [ [ [ 114.805751236430524, 40.43907153762143 ], [ 114.806552524279596, 40.439078314013045 ], [ 114.806966522686935, 40.439003775503863 ], [ 114.807086715279752, 40.438736115679262 ], [ 114.807068909602549, 40.438305824254428 ], [ 114.806944264466324, 40.438299048762133 ], [ 114.806467943940561, 40.43838036276361 ], [ 114.806294330718856, 40.438461678563669 ], [ 114.806294331618119, 40.438729339287647 ], [ 114.806036138956756, 40.438753056208611 ], [ 114.805777946295279, 40.438878416305897 ], [ 114.805751236430524, 40.43907153762143 ] ] ] } },
{ "type": "Feature", "properties": { "PV_Area": 0.057059267107499999, "Inst_time": 20140713.0, "Inst_year": 2014, "Major_type": "Grassland", "Lat": 40.413451672500003, "Lon": 114.934212911, "Province": "河北", "Province_pinyin": "Hebei", "Province code": 13, "City": "张家口市", "City_pinyin": "Zhangjiakou", "City code": 1307, "County": "宣化县", "County_pinyin": "Xuanhua xian", "County code": 130721, "Township": "深井镇", "Township_pinyin": "shen jing zhen" }, "geometry": { "type": "Polygon", "coordinates": [ [ [ 114.932038558133058, 40.41351940159916 ], [ 114.932150884355906, 40.41351940159916 ], [ 114.932153165935915, 40.413642731027267 ], [ 114.932426935754506, 40.413651416679613 ], [ 114.932415528753722, 40.413705264486396 ], [ 114.932545569822196, 40.413825119833461 ], [ 114.933312125853945, 40.413833804586488 ], [ 114.93330528201318, 40.413670523675762 ], [ 114.933184366365481, 40.413670523675762 ], [ 114.933177522524716, 40.413300534492123 ], [ 114.933658901736976, 40.413305745164052 ], [ 114.933649776316201, 40.413380438356626 ], [ 114.933909857553999, 40.413378701765737 ], [ 114.933912139134009, 40.413455131549142 ], [ 114.934035335462454, 40.413451657468045 ], [ 114.934030773201698, 40.413630572193199 ], [ 114.934213924633013, 40.413628146721635 ], [ 114.93423037413254, 40.413677497018909 ], [ 114.934320205613062, 40.414396148863204 ], [ 114.934379876530102, 40.414515487999438 ], [ 114.934468805091342, 40.414512980689551 ], [ 114.934468805091342, 40.414634578922744 ], [ 114.934468805091342, 40.414858645010497 ], [ 114.934592001419787, 40.414919440080155 ], [ 114.935265019864801, 40.414900333083949 ], [ 114.935367683771688, 40.414806534693867 ], [ 114.935372349454383, 40.414665643304829 ], [ 114.935599877932077, 40.414665643304829 ], [ 114.935598107166925, 40.414749213705306 ], [ 114.935851344563957, 40.414724896037171 ], [ 114.935969978631647, 40.41462067540391 ], [ 114.935974541791779, 40.414016192493364 ], [ 114.935741836816419, 40.413950185852457 ], [ 114.935595825586915, 40.413870282887274 ], [ 114.935611092477984, 40.413398885250388 ], [ 114.935958571630863, 40.413382175846777 ], [ 114.936211809027782, 40.413185889816987 ], [ 114.936195838866979, 40.413137251782814 ], [ 114.935842219143183, 40.412949650505993 ], [ 114.935563517442461, 40.412937348679748 ], [ 114.935218520418402, 40.412419855392045 ], [ 114.935207984860654, 40.412398783377228 ], [ 114.935207984860654, 40.412332993472944 ], [ 114.935174559758138, 40.412331933172254 ], [ 114.935043722789601, 40.412327782801015 ], [ 114.934993531626219, 40.412164498293009 ], [ 114.935130220483302, 40.412174343171444 ], [ 114.935119009534674, 40.412023794862307 ], [ 114.935014064047891, 40.41202032078121 ], [ 114.934998093886975, 40.411876143269467 ], [ 114.934544091836415, 40.411884828921757 ], [ 114.934498463833052, 40.41181534550185 ], [ 114.934354734183671, 40.411818819582891 ], [ 114.934370286159833, 40.412100280403649 ], [ 114.934382980989881, 40.412330023911522 ], [ 114.934410037093585, 40.412330023911522 ], [ 114.934410037992961, 40.41268934983367 ], [ 114.93423037413254, 40.412958844275295 ], [ 114.934178862764384, 40.413061867011606 ], [ 114.934074119624938, 40.413066032671338 ], [ 114.934055868783389, 40.413027817779607 ], [ 114.933795786646328, 40.412840216502843 ], [ 114.933542549249296, 40.412843690583884 ], [ 114.933540267669287, 40.412390317159463 ], [ 114.932912878126899, 40.412409425054989 ], [ 114.932924285127683, 40.412586605887213 ], [ 114.932810214220126, 40.412631768941026 ], [ 114.932789680899077, 40.412755100167772 ], [ 114.932915159706909, 40.412739467252663 ], [ 114.932926566707692, 40.41290969812411 ], [ 114.932997290292747, 40.412907961533278 ], [ 114.933015542033672, 40.412972232482616 ], [ 114.932953943869506, 40.412972232482616 ], [ 114.9327919624792, 40.41305561042816 ], [ 114.932785118638321, 40.41316504443131 ], [ 114.932449749756188, 40.413171993492767 ], [ 114.932433780494648, 40.413086878057015 ], [ 114.932333397268508, 40.413081666485766 ], [ 114.932292332425277, 40.412812422955028 ], [ 114.93204593886901, 40.412835004931594 ], [ 114.93191133553978, 40.412928806019636 ], [ 114.931906772379648, 40.413095562810042 ], [ 114.932034531868226, 40.413093826219153 ], [ 114.932020497947633, 40.413467808392681 ], [ 114.931658098142748, 40.413481186707429 ], [ 114.931439595261168, 40.413677497018909 ], [ 114.93141321274959, 40.413677497018909 ], [ 114.931418549326622, 40.413785168350898 ], [ 114.931149733873212, 40.413793695722518 ], [ 114.931086271414301, 40.413857159980012 ], [ 114.931086271414301, 40.413930328821664 ], [ 114.930809410625898, 40.413925867285002 ], [ 114.930670244136536, 40.414005770250128 ], [ 114.930670244136536, 40.414118677435056 ], [ 114.931086271414301, 40.414118677435056 ], [ 114.931086271414301, 40.414126654421636 ], [ 114.931258635477661, 40.414126654421636 ], [ 114.931299915258933, 40.414136047840373 ], [ 114.932052783609151, 40.413703527895564 ], [ 114.932038558133058, 40.41351940159916 ] ] ] } }
]
}
