{
"type": "FeatureCollection",
"name": "ChinaPV_2010_2022",
"crs": { "type": "name", "properties": { "name": "urn:ogc:def:crs:OGC:1.3:CRS84" } },
"features": [
{ "type": "Feature", "properties": { "PV_Area": 0.00197723730218, "Inst_time": 20181024.0, "Inst_year": 2018, "Major_type": "Woodland", "Lat": 40.423886043700001, "Lon": 114.780896017, "Province": "河北", "Province_pinyin": "Hebei", "Province code": 13, "City": "张家口市", "City_pinyin": "Zhangjiakou", "City code": 1307, "County": "宣化县", "County_pinyin": "Xuanhua xian", "County code": 130721, "Township": "深井镇", "Township_pinyin": "shen jing zhen" }, "geometry": { "type": "Polygon", "coordinates": [ [ [ 114.781067618875568, 40.424097954157332 ], [ 114.781157450356091, 40.424008121777433 ], [ 114.781157451255467, 40.423738628235185 ], [ 114.780977787395045, 40.423648795855286 ], [ 114.780798124434, 40.423648795855286 ], [ 114.780708292054101, 40.423738628235185 ], [ 114.780618459674201, 40.423828458816388 ], [ 114.780618459674201, 40.424008122676753 ], [ 114.780708291154724, 40.424097954157332 ], [ 114.781067618875568, 40.424097954157332 ] ] ] } },
{ "type": "Feature", "properties": { "PV_Area": 0.00076047729003900005, "Inst_time": 20221120.0, "Inst_year": 2022, "Major_type": "Grassland", "Lat": 40.423603880599998, "Lon": 114.810801854, "Province": "河北", "Province_pinyin": "Hebei", "Province code": 13, "City": "张家口市", "City_pinyin": "Zhangjiakou", "City code": 1307, "County": "宣化县", "County_pinyin": "Xuanhua xian", "County code": 130721, "Township": "深井镇", "Township_pinyin": "shen jing zhen" }, "geometry": { "type": "Polygon", "coordinates": [ [ [ 114.810891685702813, 40.423738628235185 ], [ 114.810981517183336, 40.423648795855286 ], [ 114.810981517183336, 40.423558965274083 ], [ 114.810891685702813, 40.42346913289424 ], [ 114.810712021842392, 40.42346913289424 ], [ 114.810622191261132, 40.423558965274083 ], [ 114.810622191261132, 40.423648795855286 ], [ 114.810712021842392, 40.423738628235185 ], [ 114.810891685702813, 40.423738628235185 ] ] ] } },
{ "type": "Feature", "properties": { "PV_Area": 0.0446775162315, "Inst_time": 20171010.0, "Inst_year": 2017, "Major_type": "Grassland", "Lat": 40.424230445900001, "Lon": 114.80784026800001, "Province": "河北", "Province_pinyin": "Hebei", "Province code": 13, "City": "张家口市", "City_pinyin": "Zhangjiakou", "City code": 1307, "County": "宣化县", "County_pinyin": "Xuanhua xian", "County code": 130721, "Township": "深井镇", "Township_pinyin": "shen jing zhen" }, "geometry": { "type": "Polygon", "coordinates": [ [ [ 114.808017077426257, 40.42535559488482 ], [ 114.808196740387302, 40.425086101342572 ], [ 114.808376402449085, 40.424996268962673 ], [ 114.808466234828984, 40.424816606001627 ], [ 114.808466233929607, 40.42445728007948 ], [ 114.808735729270552, 40.42445728007948 ], [ 114.808825560751075, 40.424547110660683 ], [ 114.808915392231597, 40.424636943040525 ], [ 114.808915392231597, 40.424996268962673 ], [ 114.80900522371212, 40.425175931923775 ], [ 114.809274719053064, 40.425175931923775 ], [ 114.80954421259537, 40.424996268962673 ], [ 114.809634044975269, 40.424547110660683 ], [ 114.809993370897359, 40.424097954157332 ], [ 114.809993370897359, 40.42391829119623 ], [ 114.809723875556529, 40.42391829119623 ], [ 114.809634044975269, 40.424008121777433 ], [ 114.809454381114847, 40.424008121777433 ], [ 114.809274718153802, 40.42391829119623 ], [ 114.80909505429338, 40.423828458816388 ], [ 114.808825559851812, 40.423738628235185 ], [ 114.807747582085312, 40.423738628235185 ], [ 114.807208593202063, 40.423648795855286 ], [ 114.807208593202063, 40.423379302312981 ], [ 114.807478086744368, 40.423379302312981 ], [ 114.807478086744368, 40.423109806972093 ], [ 114.807388257062485, 40.423019975491513 ], [ 114.806489942257144, 40.423019976390833 ], [ 114.806400109877245, 40.423109806972093 ], [ 114.806040783055778, 40.423648795855286 ], [ 114.806040783055778, 40.424008121777433 ], [ 114.806310278396722, 40.424277617118378 ], [ 114.806939098760495, 40.424277617118378 ], [ 114.807478087643744, 40.424367447699581 ], [ 114.807567919124267, 40.42445728007948 ], [ 114.807567919124267, 40.424636943040525 ], [ 114.807478086744368, 40.424726775420424 ], [ 114.806759435799336, 40.424726775420424 ], [ 114.806759435799336, 40.424996268962673 ], [ 114.807028930241017, 40.425265764303617 ], [ 114.807208593202063, 40.42535559488482 ], [ 114.808017077426257, 40.42535559488482 ] ] ] } },
{ "type": "Feature", "properties": { "PV_Area": 0.0086693755375499993, "Inst_time": 20141024.0, "Inst_year": 2014, "Major_type": "Grassland", "Lat": 40.423898327400003, "Lon": 114.897182879, "Province": "河北", "Province_pinyin": "Hebei", "Province code": 13, "City": "张家口市", "City_pinyin": "Zhangjiakou", "City code": 1307, "County": "宣化县", "County_pinyin": "Xuanhua xian", "County code": 130721, "Township": "深井镇", "Township_pinyin": "shen jing zhen" }, "geometry": { "type": "Polygon", "coordinates": [ [ [ 114.897758774148201, 40.424277617118378 ], [ 114.897668941768302, 40.424187784738535 ], [ 114.897579111187042, 40.423828458816388 ], [ 114.89748927790788, 40.423648795855286 ], [ 114.897309614946835, 40.423558965274083 ], [ 114.896860459342747, 40.423379302312981 ], [ 114.896590964001803, 40.423109806972093 ], [ 114.896501133420657, 40.423019976390833 ], [ 114.896411300141494, 40.423019976390833 ], [ 114.896321468660858, 40.423109806972093 ], [ 114.896321468660858, 40.423379302312981 ], [ 114.896501133420657, 40.423558965274083 ], [ 114.896770626962962, 40.423648795855286 ], [ 114.896950289924007, 40.423738628235185 ], [ 114.89704012140453, 40.423828458816388 ], [ 114.897129952885052, 40.42391829119623 ], [ 114.897129952885052, 40.424277617118378 ], [ 114.897040122303906, 40.424277617118378 ], [ 114.897040122303906, 40.42445728007948 ], [ 114.897129952885052, 40.424547110660683 ], [ 114.89802826679113, 40.424547110660683 ], [ 114.898028267690506, 40.424277618017697 ], [ 114.897758774148201, 40.424277617118378 ] ] ] } },
{ "type": "Feature", "properties": { "PV_Area": 0.017833194530600002, "Inst_time": 20161109.0, "Inst_year": 2016, "Major_type": "Grassland", "Lat": 40.423504503300002, "Lon": 114.787079308, "Province": "河北", "Province_pinyin": "Hebei", "Province code": 13, "City": "张家口市", "City_pinyin": "Zhangjiakou", "City code": 1307, "County": "宣化县", "County_pinyin": "Xuanhua xian", "County code": 130721, "Township": "深井镇", "Township_pinyin": "shen jing zhen" }, "geometry": { "type": "Polygon", "coordinates": [ [ [ 114.78780498261392, 40.424547110660683 ], [ 114.78789481499382, 40.42445728007948 ], [ 114.787894814094443, 40.424187784738535 ], [ 114.78780498261392, 40.424187784738535 ], [ 114.787715152032661, 40.424008121777433 ], [ 114.787715152032661, 40.423379302312981 ], [ 114.787535489071615, 40.422840311631148 ], [ 114.787355825211193, 40.422750481049889 ], [ 114.787176162250148, 40.422750481049889 ], [ 114.787086330769625, 40.422840311631148 ], [ 114.786906668707843, 40.422930144010991 ], [ 114.786816836327944, 40.422930144010991 ], [ 114.786637172467636, 40.422840311631148 ], [ 114.786547342785752, 40.422750481049889 ], [ 114.786367678025954, 40.422660648670046 ], [ 114.786098182685009, 40.422660648670046 ], [ 114.785918520623341, 40.422840311631148 ], [ 114.785918520623341, 40.423019976390833 ], [ 114.786098184483649, 40.423199639351935 ], [ 114.786188015964171, 40.423289469933138 ], [ 114.786457510405853, 40.423289469933138 ], [ 114.786637173366898, 40.423379302312981 ], [ 114.786727005746798, 40.42346913289424 ], [ 114.786816836327944, 40.423558965274083 ], [ 114.78690666780858, 40.423738628235185 ], [ 114.78690666780858, 40.424187784738535 ], [ 114.787086330769625, 40.424277617118378 ], [ 114.787176162250148, 40.42445728007948 ], [ 114.787445656691716, 40.424547110660683 ], [ 114.78780498261392, 40.424547110660683 ] ] ] } },
{ "type": "Feature", "properties": { "PV_Area": 0.00091258629533, "Inst_time": 20171208.0, "Inst_year": 2017, "Major_type": "Grassland", "Lat": 40.422840312399998, "Lon": 114.81093660099999, "Province": "河北", "Province_pinyin": "Hebei", "Province code": 13, "City": "张家口市", "City_pinyin": "Zhangjiakou", "City code": 1307, "County": "宣化县", "County_pinyin": "Xuanhua xian", "County code": 130721, "Township": "深井镇", "Township_pinyin": "shen jing zhen" }, "geometry": { "type": "Polygon", "coordinates": [ [ [ 114.811071348663859, 40.422660648670046 ], [ 114.810801853322914, 40.422660648670046 ], [ 114.810801854222291, 40.423019976390833 ], [ 114.811071348663859, 40.423019976390833 ], [ 114.811071348663859, 40.422660648670046 ] ] ] } },
{ "type": "Feature", "properties": { "PV_Area": 0.014487240787800001, "Inst_time": 20160813.0, "Inst_year": 2016, "Major_type": "Grassland", "Lat": 40.422814062199997, "Lon": 114.792772989, "Province": "河北", "Province_pinyin": "Hebei", "Province code": 13, "City": "张家口市", "City_pinyin": "Zhangjiakou", "City code": 1307, "County": "宣化县", "County_pinyin": "Xuanhua xian", "County code": 130721, "Township": "深井镇", "Township_pinyin": "shen jing zhen" }, "geometry": { "type": "Polygon", "coordinates": [ [ [ 114.793554200965673, 40.423289469933138 ], [ 114.793644031546933, 40.423109806972093 ], [ 114.793644032446196, 40.422840311631148 ], [ 114.793644032446196, 40.422391155127741 ], [ 114.793554200965673, 40.422301322747899 ], [ 114.792835550020641, 40.422301321848579 ], [ 114.792655886160333, 40.422391155127741 ], [ 114.792476223199174, 40.422570818088843 ], [ 114.791847401936138, 40.422570818088843 ], [ 114.791667738075716, 40.422660648670046 ], [ 114.791577906595194, 40.422750481049889 ], [ 114.791577906595194, 40.423019976390833 ], [ 114.791667738974979, 40.423109806972093 ], [ 114.792566053780433, 40.423109806972093 ], [ 114.792566053780433, 40.423199639351935 ], [ 114.792745716741479, 40.423289469933138 ], [ 114.793554200965673, 40.423289469933138 ] ] ] } },
{ "type": "Feature", "properties": { "PV_Area": 0.10578218531899999, "Inst_time": 20170819.0, "Inst_year": 2017, "Major_type": "Grassland", "Lat": 40.423611683899999, "Lon": 114.819772187, "Province": "河北", "Province_pinyin": "Hebei", "Province code": 13, "City": "张家口市", "City_pinyin": "Zhangjiakou", "City code": 1307, "County": "宣化县", "County_pinyin": "Xuanhua xian", "County code": 130721, "Township": "深井镇", "Township_pinyin": "shen jing zhen" }, "geometry": { "type": "Polygon", "coordinates": [ [ [ 114.815832419830372, 40.424726775420424 ], [ 114.816101915171316, 40.424547110660683 ], [ 114.816281578132362, 40.42445728007948 ], [ 114.816730735535089, 40.424277617118378 ], [ 114.817000229976657, 40.424187784738535 ], [ 114.81744938827876, 40.424097954157332 ], [ 114.818257870704201, 40.424097954157332 ], [ 114.819066354029133, 40.42445728007948 ], [ 114.819246017889441, 40.424547110660683 ], [ 114.819515513230385, 40.424636943040525 ], [ 114.82023416507468, 40.424636943040525 ], [ 114.820952816918975, 40.42445728007948 ], [ 114.821132479880134, 40.424367447699581 ], [ 114.82122231225992, 40.424187784738535 ], [ 114.82131214284118, 40.424008121777433 ], [ 114.822210459445159, 40.424008121777433 ], [ 114.822210459445159, 40.424097954157332 ], [ 114.822390122406318, 40.424187784738535 ], [ 114.822929111289568, 40.424187784738535 ], [ 114.823468100172704, 40.424097954157332 ], [ 114.823737592815746, 40.424008121777433 ], [ 114.823917257575431, 40.42391829119623 ], [ 114.824276584396898, 40.423648795855286 ], [ 114.824366414978158, 40.423558965274083 ], [ 114.824366414978158, 40.423379302312981 ], [ 114.824276585296275, 40.423289469933138 ], [ 114.824186752016999, 40.423289469933138 ], [ 114.824096920536476, 40.423199639351935 ], [ 114.824096921435853, 40.423019976390833 ], [ 114.824186751117736, 40.422930144010991 ], [ 114.824635910319103, 40.422930144010991 ], [ 114.824815573280148, 40.422750481049889 ], [ 114.824905402962031, 40.422570818088843 ], [ 114.824905404760671, 40.422391155127741 ], [ 114.824815573280148, 40.422301322747899 ], [ 114.824725740900249, 40.422211492166696 ], [ 114.824456247357944, 40.422211492166696 ], [ 114.824276584396898, 40.422301322747899 ], [ 114.823917257575431, 40.422570818088843 ], [ 114.823827426094908, 40.422660648670046 ], [ 114.823737593715009, 40.422930144010991 ], [ 114.823647762234486, 40.423019976390833 ], [ 114.823557930753964, 40.423109806972093 ], [ 114.823108774250613, 40.42346913289424 ], [ 114.822839278909669, 40.42346913289424 ], [ 114.822749448328409, 40.423379302312981 ], [ 114.822659615948623, 40.423199639351935 ], [ 114.82256978626674, 40.423019976390833 ], [ 114.822569785367364, 40.422840311631148 ], [ 114.822479952987464, 40.422660648670046 ], [ 114.822300290026419, 40.422570818088843 ], [ 114.821761301143169, 40.422570818088843 ], [ 114.821581638182124, 40.422660648670046 ], [ 114.821581638182124, 40.422750481049889 ], [ 114.821491805802225, 40.422840311631148 ], [ 114.821312143740556, 40.422930144010991 ], [ 114.820683323376784, 40.423109806972093 ], [ 114.820503658616985, 40.423199639351935 ], [ 114.820234165974057, 40.423199639351935 ], [ 114.820144332694895, 40.423109806972093 ], [ 114.820054502113635, 40.422930144010991 ], [ 114.81978500677269, 40.422930144010991 ], [ 114.819695176191544, 40.423109806972093 ], [ 114.819605343811645, 40.423289469933138 ], [ 114.819515513230385, 40.423379302312981 ], [ 114.818527366944522, 40.42346913289424 ], [ 114.818078207743156, 40.42346913379356 ], [ 114.817988377161896, 40.423379302312981 ], [ 114.817898543882734, 40.423289469933138 ], [ 114.817808714200851, 40.423199639351935 ], [ 114.81744938827876, 40.423199639351935 ], [ 114.817179892937816, 40.42346913289424 ], [ 114.817090060557916, 40.423558965274083 ], [ 114.817000229976657, 40.423648795855286 ], [ 114.816910397596871, 40.423738628235185 ], [ 114.816910397596871, 40.42391829119623 ], [ 114.816820567015611, 40.424008121777433 ], [ 114.816640904054566, 40.424008121777433 ], [ 114.816551071674667, 40.42391829119623 ], [ 114.816371408713621, 40.423738628235185 ], [ 114.816281579031738, 40.423558965274083 ], [ 114.816191744853199, 40.423289469933138 ], [ 114.816191745752576, 40.423019976390833 ], [ 114.816281578132362, 40.423019976390833 ], [ 114.816281579031738, 40.422660648670046 ], [ 114.816101915171316, 40.422480985709001 ], [ 114.815832419830372, 40.422480985709001 ], [ 114.815473093908167, 40.422660648670046 ], [ 114.815293430047859, 40.422750481049889 ], [ 114.815203598567336, 40.422840311631148 ], [ 114.81511376888534, 40.422930144010991 ], [ 114.815023935606177, 40.423379302312981 ], [ 114.814934105025031, 40.42346913289424 ], [ 114.814844272645132, 40.423558965274083 ], [ 114.814844272645132, 40.423828458816388 ], [ 114.814934105025031, 40.42391829119623 ], [ 114.815203598567336, 40.424008121777433 ], [ 114.815383261528382, 40.424187784738535 ], [ 114.815383262427645, 40.424547110660683 ], [ 114.815562925388804, 40.424726775420424 ], [ 114.815832419830372, 40.424726775420424 ] ] ] } },
{ "type": "Feature", "properties": { "PV_Area": 0.015627984193499998, "Inst_time": 20161008.0, "Inst_year": 2016, "Major_type": "Cropland", "Lat": 40.422744579899998, "Lon": 114.796312969, "Province": "河北", "Province_pinyin": "Hebei", "Province code": 13, "City": "张家口市", "City_pinyin": "Zhangjiakou", "City code": 1307, "County": "宣化县", "County_pinyin": "Xuanhua xian", "County code": 130721, "Township": "深井镇", "Township_pinyin": "shen jing zhen" }, "geometry": { "type": "Polygon", "coordinates": [ [ [ 114.796608473102651, 40.423828458816388 ], [ 114.796877969342859, 40.423289469933138 ], [ 114.797057631404641, 40.422750481949208 ], [ 114.797057631404641, 40.422570818088843 ], [ 114.796967798125479, 40.422480985709001 ], [ 114.796877968443596, 40.422391155127741 ], [ 114.796518640722752, 40.422391155127741 ], [ 114.796428810141492, 40.422211492166696 ], [ 114.796428810141492, 40.422031829205594 ], [ 114.796338977761707, 40.421941996825751 ], [ 114.795710158297197, 40.421941996825751 ], [ 114.795620325917412, 40.422031829205594 ], [ 114.795530495336152, 40.422121659786796 ], [ 114.795530494436775, 40.422660648670046 ], [ 114.795620325917412, 40.422750481049889 ], [ 114.795710159196574, 40.422840311631148 ], [ 114.796069484219402, 40.422840311631148 ], [ 114.796159314800548, 40.422930144010991 ], [ 114.796159315699924, 40.423289469933138 ], [ 114.796249147180447, 40.423558965274083 ], [ 114.796338977761707, 40.423738628235185 ], [ 114.796518640722752, 40.423828458816388 ], [ 114.796608473102651, 40.423828458816388 ] ] ] } },
{ "type": "Feature", "properties": { "PV_Area": 0.028479885916200001, "Inst_time": 20150913.0, "Inst_year": 2015, "Major_type": "Grassland", "Lat": 40.423418800900002, "Lon": 114.798672919, "Province": "河北", "Province_pinyin": "Hebei", "Province code": 13, "City": "张家口市", "City_pinyin": "Zhangjiakou", "City code": 1307, "County": "宣化县", "County_pinyin": "Xuanhua xian", "County code": 130721, "Township": "深井镇", "Township_pinyin": "shen jing zhen" }, "geometry": { "type": "Polygon", "coordinates": [ [ [ 114.797776283248936, 40.424996268962673 ], [ 114.79777628234956, 40.42490643838147 ], [ 114.79813560917114, 40.424816606001627 ], [ 114.798225439752287, 40.424726775420424 ], [ 114.798315272132186, 40.424547110660683 ], [ 114.798405102713332, 40.42445728007948 ], [ 114.798584766573754, 40.424367447699581 ], [ 114.798854260116059, 40.424277617118378 ], [ 114.799033923976481, 40.424097954157332 ], [ 114.79912375635638, 40.423828458816388 ], [ 114.79912375635638, 40.423199639351935 ], [ 114.799213587836903, 40.423109806972093 ], [ 114.799483081379208, 40.423109806972093 ], [ 114.799662745239516, 40.423019976390833 ], [ 114.799752576720152, 40.422930144010991 ], [ 114.799752574921513, 40.422211492166696 ], [ 114.799662744340253, 40.422031829205594 ], [ 114.79957291285973, 40.421941996825751 ], [ 114.799393249898571, 40.421852166244548 ], [ 114.799123757255643, 40.421852166244548 ], [ 114.799033923976481, 40.421941996825751 ], [ 114.798944093395221, 40.422031829205594 ], [ 114.798854261015435, 40.422301322747899 ], [ 114.798764430434176, 40.422570818088843 ], [ 114.798764430434176, 40.422930144010991 ], [ 114.798674598054276, 40.423019976390833 ], [ 114.798584766573754, 40.423109806972093 ], [ 114.798045775891865, 40.423109807871413 ], [ 114.797866113830196, 40.423199639351935 ], [ 114.79777628234956, 40.423379302312981 ], [ 114.797776283248936, 40.42346913289424 ], [ 114.797866113830196, 40.423558965274083 ], [ 114.797955946209981, 40.423558965274083 ], [ 114.798045776791241, 40.423738628235185 ], [ 114.798045776791241, 40.42391829119623 ], [ 114.797955946209981, 40.424008121777433 ], [ 114.797686450869037, 40.424187784738535 ], [ 114.797596621187154, 40.424277617118378 ], [ 114.797506787907992, 40.42445728007948 ], [ 114.797506787907992, 40.42490643838147 ], [ 114.797596620287891, 40.424996268962673 ], [ 114.797776283248936, 40.424996268962673 ] ] ] } },
{ "type": "Feature", "properties": { "PV_Area": 0.013194487068099999, "Inst_time": 20171118.0, "Inst_year": 2017, "Major_type": "Grassland", "Lat": 40.422399611199999, "Lon": 114.78398856699999, "Province": "河北", "Province_pinyin": "Hebei", "Province code": 13, "City": "张家口市", "City_pinyin": "Zhangjiakou", "City code": 1307, "County": "宣化县", "County_pinyin": "Xuanhua xian", "County code": 130721, "Township": "深井镇", "Township_pinyin": "shen jing zhen" }, "geometry": { "type": "Polygon", "coordinates": [ [ [ 114.783313406788352, 40.422930144010991 ], [ 114.783313407687729, 40.422840311631148 ], [ 114.784121889213907, 40.422840311631148 ], [ 114.784301553973592, 40.422750481049889 ], [ 114.784660879895796, 40.422480985709001 ], [ 114.785199868778932, 40.422031829205594 ], [ 114.785199868778932, 40.421852166244548 ], [ 114.785110037298409, 40.421762333864649 ], [ 114.784750710476942, 40.421762333864649 ], [ 114.78457104841516, 40.421852166244548 ], [ 114.78412189011317, 40.422121659786796 ], [ 114.783852395671602, 40.422301322747899 ], [ 114.783493070648774, 40.422301322747899 ], [ 114.782864249385625, 40.422301322747899 ], [ 114.782774418804479, 40.422391155127741 ], [ 114.782774417905102, 40.422660648670046 ], [ 114.782864249385625, 40.422750481049889 ], [ 114.782954080866148, 40.422840311631148 ], [ 114.78313374472657, 40.422930144010991 ], [ 114.783313406788352, 40.422930144010991 ] ] ] } },
{ "type": "Feature", "properties": { "PV_Area": 0.0131184716726, "Inst_time": 20180314.0, "Inst_year": 2018, "Major_type": "Cropland", "Lat": 40.4221930048, "Lon": 114.818546635, "Province": "河北", "Province_pinyin": "Hebei", "Province code": 13, "City": "张家口市", "City_pinyin": "Zhangjiakou", "City code": 1307, "County": "宣化县", "County_pinyin": "Xuanhua xian", "County code": 130721, "Township": "深井镇", "Township_pinyin": "shen jing zhen" }, "geometry": { "type": "Polygon", "coordinates": [ [ [ 114.818886691067974, 40.422750481049889 ], [ 114.818976523447873, 40.422570818088843 ], [ 114.819246017889441, 40.422391155127741 ], [ 114.81933585026934, 40.422301322747899 ], [ 114.81933585026934, 40.421941996825751 ], [ 114.819156187308295, 40.421762333864649 ], [ 114.819066354928395, 40.421672503283446 ], [ 114.818257870704201, 40.421672503283446 ], [ 114.818078207743156, 40.421762333864649 ], [ 114.817898544782111, 40.421852166244548 ], [ 114.817808714200851, 40.422031829205594 ], [ 114.817808714200851, 40.422570818088843 ], [ 114.817898544782111, 40.422660648670046 ], [ 114.818617196626406, 40.422750481049889 ], [ 114.818886691067974, 40.422750481049889 ] ] ] } },
{ "type": "Feature", "properties": { "PV_Area": 0.0420547572912, "Inst_time": 20181024.0, "Inst_year": 2018, "Major_type": "Grassland", "Lat": 40.422849165700001, "Lon": 114.779632453, "Province": "河北", "Province_pinyin": "Hebei", "Province code": 13, "City": "张家口市", "City_pinyin": "Zhangjiakou", "City code": 1307, "County": "宣化县", "County_pinyin": "Xuanhua xian", "County code": 130721, "Township": "深井镇", "Township_pinyin": "shen jing zhen" }, "geometry": { "type": "Polygon", "coordinates": [ [ [ 114.778642167102362, 40.42445728007948 ], [ 114.778642167102362, 40.424367447699581 ], [ 114.778911662443306, 40.424367447699581 ], [ 114.779091324505089, 40.424277617118378 ], [ 114.779270988365511, 40.424187784738535 ], [ 114.779450651326556, 40.424008121777433 ], [ 114.779630313388338, 40.423648795855286 ], [ 114.779720145768124, 40.423558965274083 ], [ 114.780259134651374, 40.423558965274083 ], [ 114.780348965232633, 40.42346913289424 ], [ 114.780348966131896, 40.423019976390833 ], [ 114.780528629992318, 40.422930144010991 ], [ 114.781157450356091, 40.422930144010991 ], [ 114.781426943898396, 40.422840311631148 ], [ 114.781516777177558, 40.422750481049889 ], [ 114.781606607758818, 40.422570818088843 ], [ 114.78169643923934, 40.422391155127741 ], [ 114.781786270719863, 40.422301322747899 ], [ 114.781876102200386, 40.422211492166696 ], [ 114.782145595742691, 40.422211492166696 ], [ 114.78223542812259, 40.422121659786796 ], [ 114.782235429021853, 40.421941996825751 ], [ 114.782145596642067, 40.421852166244548 ], [ 114.781696440138717, 40.421852166244548 ], [ 114.781516776278295, 40.421941996825751 ], [ 114.781337113317136, 40.422031829205594 ], [ 114.781247281836613, 40.422121659786796 ], [ 114.780887954115883, 40.422391155127741 ], [ 114.780528629093055, 40.422570818088843 ], [ 114.780438797612533, 40.422660648670046 ], [ 114.780348967031273, 40.422750481049889 ], [ 114.780348966131896, 40.422930144010991 ], [ 114.779630314287601, 40.422930144010991 ], [ 114.779450651326556, 40.422750481049889 ], [ 114.779450650427293, 40.422480985709001 ], [ 114.779360819846033, 40.422391155127741 ], [ 114.779001493024566, 40.422391155127741 ], [ 114.778911662443306, 40.422301322747899 ], [ 114.778911662443306, 40.422031829205594 ], [ 114.779001493024566, 40.421941996825751 ], [ 114.779270988365511, 40.421941996825751 ], [ 114.779270988365511, 40.422031829205594 ], [ 114.779360818946657, 40.422121659786796 ], [ 114.780259134651374, 40.422121659786796 ], [ 114.780348966131896, 40.422031829205594 ], [ 114.780438797612533, 40.421941996825751 ], [ 114.780438796713156, 40.421672503283446 ], [ 114.780348966131896, 40.421582670903604 ], [ 114.779360819846033, 40.421582670903604 ], [ 114.778821830063521, 40.421672503283446 ], [ 114.778552335621839, 40.421762333864649 ], [ 114.778193009699748, 40.422031829205594 ], [ 114.778193009699748, 40.422301322747899 ], [ 114.778642167102362, 40.422660648670046 ], [ 114.778731998582884, 40.422660648670046 ], [ 114.778911662443306, 40.422660648670046 ], [ 114.779001493024566, 40.422750481049889 ], [ 114.779270988365511, 40.423289469933138 ], [ 114.779270988365511, 40.42346913289424 ], [ 114.779091325404352, 40.423648795855286 ], [ 114.778911663342683, 40.423648795855286 ], [ 114.778642167102362, 40.423558965274083 ], [ 114.778193009699748, 40.42346913289424 ], [ 114.777923515258067, 40.42346913289424 ], [ 114.777833682878168, 40.423558965274083 ], [ 114.777833683777544, 40.423828458816388 ], [ 114.778103178219112, 40.424187784738535 ], [ 114.778372672660794, 40.42445728007948 ], [ 114.778642167102362, 40.42445728007948 ] ] ] } },
{ "type": "Feature", "properties": { "PV_Area": 0.00045630140743200002, "Inst_time": 20181024.0, "Inst_year": 2018, "Major_type": "Grassland", "Lat": 40.421717418599997, "Lon": 114.782684586, "Province": "河北", "Province_pinyin": "Hebei", "Province code": 13, "City": "张家口市", "City_pinyin": "Zhangjiakou", "City code": 1307, "County": "宣化县", "County_pinyin": "Xuanhua xian", "County code": 130721, "Township": "深井镇", "Township_pinyin": "shen jing zhen" }, "geometry": { "type": "Polygon", "coordinates": [ [ [ 114.782774417905102, 40.421582670903604 ], [ 114.78259475404468, 40.421582670903604 ], [ 114.78259475404468, 40.421852166244548 ], [ 114.782774417905102, 40.421852166244548 ], [ 114.782774417905102, 40.421582670903604 ] ] ] } },
{ "type": "Feature", "properties": { "PV_Area": 0.0172630683423, "Inst_time": 20170808.0, "Inst_year": 2017, "Major_type": "Cropland", "Lat": 40.422574709300001, "Lon": 114.810115916, "Province": "河北", "Province_pinyin": "Hebei", "Province code": 13, "City": "张家口市", "City_pinyin": "Zhangjiakou", "City code": 1307, "County": "宣化县", "County_pinyin": "Xuanhua xian", "County code": 130721, "Township": "深井镇", "Township_pinyin": "shen jing zhen" }, "geometry": { "type": "Polygon", "coordinates": [ [ [ 114.809364549634324, 40.42346913289424 ], [ 114.809364549634324, 40.423379302312981 ], [ 114.809993370897359, 40.423379302312981 ], [ 114.810173033858518, 40.423289469933138 ], [ 114.810262864439665, 40.423199639351935 ], [ 114.810532359780609, 40.422930144010991 ], [ 114.810532359780609, 40.422211492166696 ], [ 114.810622191261132, 40.422121659786796 ], [ 114.810712021842392, 40.422031829205594 ], [ 114.811161181043758, 40.422031829205594 ], [ 114.811340844004803, 40.421941996825751 ], [ 114.811430674586063, 40.421852166244548 ], [ 114.811430674586063, 40.421672503283446 ], [ 114.811340844004803, 40.421582670903604 ], [ 114.810981517183336, 40.421582670903604 ], [ 114.810712022741768, 40.421672503283446 ], [ 114.810532359780609, 40.421762333864649 ], [ 114.809993370897359, 40.422121659786796 ], [ 114.809813707037051, 40.422211492166696 ], [ 114.809723874657152, 40.422301322747899 ], [ 114.809454381114847, 40.422570818088843 ], [ 114.809095055192756, 40.423019976390833 ], [ 114.809095055192756, 40.423379302312981 ], [ 114.809184886673279, 40.42346913289424 ], [ 114.809364549634324, 40.42346913289424 ] ] ] } },
{ "type": "Feature", "properties": { "PV_Area": 0.0035743256870600002, "Inst_time": 20171114.0, "Inst_year": 2017, "Major_type": "Grassland", "Lat": 40.421804064500002, "Lon": 114.783703632, "Province": "河北", "Province_pinyin": "Hebei", "Province code": 13, "City": "张家口市", "City_pinyin": "Zhangjiakou", "City code": 1307, "County": "宣化县", "County_pinyin": "Xuanhua xian", "County code": 130721, "Township": "深井镇", "Township_pinyin": "shen jing zhen" }, "geometry": { "type": "Polygon", "coordinates": [ [ [ 114.783852395671602, 40.422121659786796 ], [ 114.783942226252748, 40.421941996825751 ], [ 114.78412189011317, 40.421762333864649 ], [ 114.78412189011317, 40.421672503283446 ], [ 114.784032059532024, 40.421582670903604 ], [ 114.783942228051501, 40.421492840322401 ], [ 114.783672732710556, 40.421492840322401 ], [ 114.783493069749397, 40.421582670903604 ], [ 114.783313406788352, 40.421762333864649 ], [ 114.783313406788352, 40.421941996825751 ], [ 114.783403238268875, 40.422031829205594 ], [ 114.783493068850134, 40.422121660686116 ], [ 114.783852395671602, 40.422121659786796 ] ] ] } },
{ "type": "Feature", "properties": { "PV_Area": 0.0031560795873199999, "Inst_time": 20160821.0, "Inst_year": 2016, "Major_type": "Grassland", "Lat": 40.421321834700002, "Lon": 114.787291248, "Province": "河北", "Province_pinyin": "Hebei", "Province code": 13, "City": "张家口市", "City_pinyin": "Zhangjiakou", "City code": 1307, "County": "宣化县", "County_pinyin": "Xuanhua xian", "County code": 130721, "Township": "深井镇", "Township_pinyin": "shen jing zhen" }, "geometry": { "type": "Polygon", "coordinates": [ [ [ 114.787445656691716, 40.421582670903604 ], [ 114.787445656691716, 40.421492840322401 ], [ 114.787625318753499, 40.421403007942502 ], [ 114.787715152032661, 40.421313175562659 ], [ 114.787715152032661, 40.421223344981456 ], [ 114.787625319652875, 40.421133512601557 ], [ 114.787535489071615, 40.421043682020354 ], [ 114.787265994630047, 40.421043682020354 ], [ 114.787086330769625, 40.421133512601557 ], [ 114.786906668707843, 40.421313175562659 ], [ 114.78690666780858, 40.421582670903604 ], [ 114.787445656691716, 40.421582670903604 ] ] ] } },
{ "type": "Feature", "properties": { "PV_Area": 0.0236515999, "Inst_time": 20140819.0, "Inst_year": 2014, "Major_type": "Grassland", "Lat": 40.421373834599997, "Lon": 114.890976012, "Province": "河北", "Province_pinyin": "Hebei", "Province code": 13, "City": "张家口市", "City_pinyin": "Zhangjiakou", "City code": 1307, "County": "宣化县", "County_pinyin": "Xuanhua xian", "County code": 130721, "Township": "深井镇", "Township_pinyin": "shen jing zhen" }, "geometry": { "type": "Polygon", "coordinates": [ [ [ 114.891829892835403, 40.421582670903604 ], [ 114.891829891936027, 40.421403007942502 ], [ 114.891919725215189, 40.421403007942502 ], [ 114.891919724315926, 40.421043682020354 ], [ 114.891740062254144, 40.420684356098207 ], [ 114.891650229874244, 40.420594523718364 ], [ 114.891560398393722, 40.420504693137104 ], [ 114.891380735432676, 40.420414860757262 ], [ 114.891111240990995, 40.420414860757262 ], [ 114.891021408611209, 40.420504693137104 ], [ 114.890931578029949, 40.420594523718364 ], [ 114.890931578029949, 40.420953849640512 ], [ 114.891021408611209, 40.421043682020354 ], [ 114.891111240990995, 40.421043682020354 ], [ 114.891201071572254, 40.421223344981456 ], [ 114.891201071572254, 40.421403007942502 ], [ 114.891111240990995, 40.421492840322401 ], [ 114.89084174565005, 40.421492840322401 ], [ 114.890662082689005, 40.421403007942502 ], [ 114.890482419727959, 40.421403007942502 ], [ 114.890212927085031, 40.421403007942502 ], [ 114.890123093805755, 40.421313175562659 ], [ 114.890033263224609, 40.421133512601557 ], [ 114.88994343084471, 40.420864019059309 ], [ 114.88994343084471, 40.420594523718364 ], [ 114.889763767883665, 40.420414860757262 ], [ 114.889584104922619, 40.420414860757262 ], [ 114.889494273441983, 40.420504693137104 ], [ 114.88949427254272, 40.420953849640512 ], [ 114.889584104023243, 40.421403007942502 ], [ 114.889853599364187, 40.421672503283446 ], [ 114.890302756766914, 40.421852166244548 ], [ 114.890931577130686, 40.421852166244548 ], [ 114.891111240990995, 40.421941996825751 ], [ 114.891290903952154, 40.422031829205594 ], [ 114.891740062254144, 40.422391155127741 ], [ 114.891829893734666, 40.422480985709001 ], [ 114.892099389075611, 40.422480985709001 ], [ 114.892099389075611, 40.421941996825751 ], [ 114.891919725215189, 40.421582670903604 ], [ 114.891829892835403, 40.421582670903604 ] ] ] } },
{ "type": "Feature", "properties": { "PV_Area": 0.0101148478399, "Inst_time": 20181024.0, "Inst_year": 2018, "Major_type": "Woodland", "Lat": 40.4201004508, "Lon": 114.778976052, "Province": "河北", "Province_pinyin": "Hebei", "Province code": 13, "City": "张家口市", "City_pinyin": "Zhangjiakou", "City code": 1307, "County": "宣化县", "County_pinyin": "Xuanhua xian", "County code": 130721, "Township": "深井镇", "Township_pinyin": "shen jing zhen" }, "geometry": { "type": "Polygon", "coordinates": [ [ [ 114.779001493923829, 40.420953849640512 ], [ 114.779001493024566, 40.420864019059309 ], [ 114.779091325404352, 40.420594523718364 ], [ 114.779181155985611, 40.420414860757262 ], [ 114.779270988365511, 40.420235197796217 ], [ 114.779450651326556, 40.419965704253912 ], [ 114.779540482807079, 40.419875871874012 ], [ 114.779630315186978, 40.41978604039349 ], [ 114.779720145768124, 40.41978604039349 ], [ 114.779720145768124, 40.419696208912967 ], [ 114.779630314287601, 40.419606377432444 ], [ 114.779540482807079, 40.419516545951865 ], [ 114.778642167102362, 40.419516545951865 ], [ 114.778552335621839, 40.419606377432444 ], [ 114.778552335621839, 40.420055534835114 ], [ 114.778552334722576, 40.420414860757262 ], [ 114.778552335621839, 40.420774186679409 ], [ 114.778642167102362, 40.420864019059309 ], [ 114.778731997683622, 40.420953849640512 ], [ 114.779001493923829, 40.420953849640512 ] ] ] } },
{ "type": "Feature", "properties": { "PV_Area": 0.069928759906499993, "Inst_time": 20160924.0, "Inst_year": 2016, "Major_type": "Cropland", "Lat": 40.420670385100003, "Lon": 114.803391852, "Province": "河北", "Province_pinyin": "Hebei", "Province code": 13, "City": "张家口市", "City_pinyin": "Zhangjiakou", "City code": 1307, "County": "宣化县", "County_pinyin": "Xuanhua xian", "County code": 130721, "Township": "深井镇", "Township_pinyin": "shen jing zhen" }, "geometry": { "type": "Polygon", "coordinates": [ [ [ 114.803076343298699, 40.422391155127741 ], [ 114.803076342399322, 40.422211492166696 ], [ 114.803166173879845, 40.422121659786796 ], [ 114.803705162763094, 40.422031829205594 ], [ 114.804064489584562, 40.422031829205594 ], [ 114.804333984026243, 40.422121659786796 ], [ 114.804423816406029, 40.422121659786796 ], [ 114.804603479367188, 40.421941996825751 ], [ 114.804603479367188, 40.421672503283446 ], [ 114.804513646987289, 40.421492840322401 ], [ 114.804423816406029, 40.421403007942502 ], [ 114.804244152545721, 40.421313175562659 ], [ 114.804064488685299, 40.421313175562659 ], [ 114.804064489584562, 40.421043682020354 ], [ 114.804423816406029, 40.420953849640512 ], [ 114.805142468250324, 40.420774186679409 ], [ 114.80523229973096, 40.420684356098207 ], [ 114.805411962692006, 40.420504693137104 ], [ 114.805411962692006, 40.420325030176059 ], [ 114.805322130312106, 40.420235197796217 ], [ 114.80523229973096, 40.420145367214957 ], [ 114.804783142328233, 40.41978604039349 ], [ 114.804513646987289, 40.419516545951865 ], [ 114.804064489584562, 40.419426713572022 ], [ 114.803256005360367, 40.419426713572022 ], [ 114.802986510918799, 40.41933688299082 ], [ 114.802986510918799, 40.419247050610977 ], [ 114.80244752203555, 40.419247050610977 ], [ 114.802267859074504, 40.419426713572022 ], [ 114.802267859074504, 40.419606377432444 ], [ 114.8019085331523, 40.419965704253912 ], [ 114.801818700772515, 40.420055534835114 ], [ 114.801728870191255, 40.420145367214957 ], [ 114.801639038710732, 40.420325030176059 ], [ 114.801639038710732, 40.420594523718364 ], [ 114.801728870191255, 40.420594523718364 ], [ 114.801818701671777, 40.420684356098207 ], [ 114.8019085331523, 40.420864019059309 ], [ 114.801998364632937, 40.421043682020354 ], [ 114.801998364632937, 40.421403007942502 ], [ 114.802088196113459, 40.421492840322401 ], [ 114.802267859074504, 40.421492840322401 ], [ 114.802357690555027, 40.421582670903604 ], [ 114.802627184996595, 40.422121659786796 ], [ 114.802717017376494, 40.422301322747899 ], [ 114.802806848857017, 40.422391155127741 ], [ 114.803076343298699, 40.422391155127741 ] ] ] } },
{ "type": "Feature", "properties": { "PV_Area": 0.087761513685100004, "Inst_time": 20160821.0, "Inst_year": 2016, "Major_type": "Grassland", "Lat": 40.421572564000002, "Lon": 114.790502213, "Province": "河北", "Province_pinyin": "Hebei", "Province code": 13, "City": "张家口市", "City_pinyin": "Zhangjiakou", "City code": 1307, "County": "宣化县", "County_pinyin": "Xuanhua xian", "County code": 130721, "Township": "深井镇", "Township_pinyin": "shen jing zhen" }, "geometry": { "type": "Polygon", "coordinates": [ [ [ 114.789781276984399, 40.424187784738535 ], [ 114.789781276984399, 40.424097954157332 ], [ 114.790050771425967, 40.424097954157332 ], [ 114.790230435286389, 40.424008121777433 ], [ 114.790320265867649, 40.423828458816388 ], [ 114.790320266766912, 40.423738628235185 ], [ 114.789871107565659, 40.423019976390833 ], [ 114.789781276085137, 40.422930144010991 ], [ 114.789781276984399, 40.422480985709001 ], [ 114.790050770526705, 40.422480985709001 ], [ 114.790050770526705, 40.422750481049889 ], [ 114.790230434387126, 40.422930144010991 ], [ 114.790410097348172, 40.422930144010991 ], [ 114.790589761208594, 40.422840311631148 ], [ 114.79067959178974, 40.422660648670046 ], [ 114.79067959178974, 40.422480985709001 ], [ 114.790589761208594, 40.422301322747899 ], [ 114.790499927929432, 40.422301322747899 ], [ 114.790499928828694, 40.422121659786796 ], [ 114.790589761208594, 40.422031829205594 ], [ 114.790949087130684, 40.421941996825751 ], [ 114.792027064897184, 40.421582670903604 ], [ 114.792206727858229, 40.421492840322401 ], [ 114.792296560238128, 40.421313175562659 ], [ 114.792296559338752, 40.420953849640512 ], [ 114.792206727858229, 40.420953849640512 ], [ 114.792206727858229, 40.420684356098207 ], [ 114.792296560238128, 40.420594523718364 ], [ 114.792386390819388, 40.420504693137104 ], [ 114.792655886160333, 40.420414860757262 ], [ 114.792745716741479, 40.420325030176059 ], [ 114.792745716741479, 40.419696208912967 ], [ 114.792655885260956, 40.419606377432444 ], [ 114.792296560238128, 40.419247050610977 ], [ 114.791577907494457, 40.419247050610977 ], [ 114.791488076013934, 40.419157220029717 ], [ 114.791308413952152, 40.418887724688773 ], [ 114.791128749192467, 40.418887724688773 ], [ 114.790949088030061, 40.418977557068672 ], [ 114.790859254750899, 40.419067387649875 ], [ 114.790769424169639, 40.419157220029717 ], [ 114.79067959178974, 40.41933688299082 ], [ 114.79067959178974, 40.419696208912967 ], [ 114.790859255650162, 40.419875871874012 ], [ 114.791218580672989, 40.419875871874012 ], [ 114.791308413052889, 40.419965704253912 ], [ 114.791308413052889, 40.420145367214957 ], [ 114.790769423270376, 40.420145367214957 ], [ 114.79067959178974, 40.420235197796217 ], [ 114.790230434387126, 40.420774186679409 ], [ 114.790140602007227, 40.420864019059309 ], [ 114.790050772325344, 40.421043682020354 ], [ 114.790050771425967, 40.421492840322401 ], [ 114.790050770526705, 40.421762333864649 ], [ 114.790050772325344, 40.422301322747899 ], [ 114.789781276984399, 40.422301322747899 ], [ 114.7896914446045, 40.422211492166696 ], [ 114.7896914446045, 40.422121659786796 ], [ 114.789601614023354, 40.422031829205594 ], [ 114.789511781643455, 40.421941996825751 ], [ 114.789062625140105, 40.421852166244548 ], [ 114.78879312979916, 40.421852166244548 ], [ 114.788613466838115, 40.421941996825751 ], [ 114.788433803876956, 40.422031829205594 ], [ 114.788343972396433, 40.422121659786796 ], [ 114.788254141815287, 40.422211492166696 ], [ 114.788164309435388, 40.422391155127741 ], [ 114.788164309435388, 40.423019976390833 ], [ 114.78825414091591, 40.423199639351935 ], [ 114.788433804776332, 40.423379302312981 ], [ 114.788523635357592, 40.42346913289424 ], [ 114.788972792760205, 40.424008121777433 ], [ 114.789152455721364, 40.424187784738535 ], [ 114.789781276984399, 40.424187784738535 ] ] ] } },
{ "type": "Feature", "properties": { "PV_Area": 0.058243938936299998, "Inst_time": 20121031.0, "Inst_year": 2012, "Major_type": "Cropland", "Lat": 40.488919412900003, "Lon": 114.808717452, "Province": "河北", "Province_pinyin": "Hebei", "Province code": 13, "City": "张家口市", "City_pinyin": "Zhangjiakou", "City code": 1307, "County": "宣化县", "County_pinyin": "Xuanhua xian", "County code": 130721, "Township": "深井镇", "Township_pinyin": "shen jing zhen" }, "geometry": { "type": "Polygon", "coordinates": [ [ [ 114.807447714840237, 40.490976324098142 ], [ 114.807760079064451, 40.490915053287154 ], [ 114.808101761187345, 40.490934768225031 ], [ 114.808263926938707, 40.490910741937228 ], [ 114.808353269188046, 40.490885411632519 ], [ 114.808569017446302, 40.490781417628398 ], [ 114.808790561835053, 40.49060729089382 ], [ 114.808900636155499, 40.490487773691882 ], [ 114.809309502131896, 40.489887507702349 ], [ 114.809422662026236, 40.489673453766954 ], [ 114.80944298310726, 40.489592766592978 ], [ 114.809428370023284, 40.489497988841151 ], [ 114.809394760559826, 40.489443289376368 ], [ 114.809287867141393, 40.489357519234204 ], [ 114.809172577652362, 40.489304881914848 ], [ 114.809105583555947, 40.489252708645665 ], [ 114.809053479534555, 40.489157895820313 ], [ 114.809056164010826, 40.489019095355047 ], [ 114.809137540964798, 40.48880746779048 ], [ 114.809255235240926, 40.488637120007127 ], [ 114.809642905096098, 40.488144527148279 ], [ 114.809758741372889, 40.488019194929961 ], [ 114.810076895432417, 40.48778750978579 ], [ 114.810427049168993, 40.487572670742225 ], [ 114.810592571190227, 40.487439118720431 ], [ 114.810649134949699, 40.48733210569219 ], [ 114.810651328396148, 40.487264643948208 ], [ 114.810618158701118, 40.487196467243223 ], [ 114.81052851697757, 40.487124540365301 ], [ 114.81031849290423, 40.487053004692484 ], [ 114.809913467932233, 40.486991278824519 ], [ 114.80918840392178, 40.486909891078653 ], [ 114.808925318049091, 40.486904980780309 ], [ 114.808818329302539, 40.486929975637906 ], [ 114.808708841340035, 40.486983040135271 ], [ 114.808579567393167, 40.487090252812948 ], [ 114.808467745689995, 40.487263777001772 ], [ 114.808427538799947, 40.487411646230555 ], [ 114.808416004994683, 40.487762844979386 ], [ 114.808391802439814, 40.487861704753925 ], [ 114.808254996670826, 40.488201391281223 ], [ 114.808092595297126, 40.488459222415258 ], [ 114.808053701417293, 40.488566584380408 ], [ 114.808049308229101, 40.488701562726988 ], [ 114.808110824555001, 40.488986482340351 ], [ 114.808159926639405, 40.489108996982679 ], [ 114.808306064673161, 40.489330811168031 ], [ 114.808317228857049, 40.489392472284806 ], [ 114.808302995287022, 40.489445404581829 ], [ 114.808265805622455, 40.489493506620079 ], [ 114.808120743177824, 40.489583540448109 ], [ 114.807541047381505, 40.489743253748202 ], [ 114.807356638698025, 40.489864031799698 ], [ 114.807246137199513, 40.489997036134355 ], [ 114.807094962062934, 40.490291434602057 ], [ 114.807036185071979, 40.49046597502479 ], [ 114.807011022940401, 40.490695143865821 ], [ 114.807059247286475, 40.490844685833622 ], [ 114.807165689245267, 40.490943952101759 ], [ 114.807235544085188, 40.49097229603467 ], [ 114.807447714840237, 40.490976324098142 ] ] ] } },
{ "type": "Feature", "properties": { "PV_Area": 0.018992657989199999, "Inst_time": 20150801.0, "Inst_year": 2015, "Major_type": "Cropland", "Lat": 40.462771832500003, "Lon": 114.80947886600001, "Province": "河北", "Province_pinyin": "Hebei", "Province code": 13, "City": "张家口市", "City_pinyin": "Zhangjiakou", "City code": 1307, "County": "宣化县", "County_pinyin": "Xuanhua xian", "County code": 130721, "Township": "深井镇", "Township_pinyin": "shen jing zhen" }, "geometry": { "type": "Polygon", "coordinates": [ [ [ 114.808774929819265, 40.462148109847419 ], [ 114.80840674737351, 40.462114021944615 ], [ 114.808191144805505, 40.462150548808836 ], [ 114.808024948292768, 40.462258153590994 ], [ 114.807987400698039, 40.462324991205435 ], [ 114.807984328613884, 40.462419458691102 ], [ 114.808050648218909, 40.462555827389565 ], [ 114.80810192666263, 40.462610845214385 ], [ 114.808244137357065, 40.46269728625083 ], [ 114.808507124304356, 40.462769829164358 ], [ 114.808847972755757, 40.462819421379265 ], [ 114.809084868571858, 40.462901715641692 ], [ 114.8091702708914, 40.462970267364028 ], [ 114.809228037044363, 40.463061780576766 ], [ 114.809283528811875, 40.463268309884654 ], [ 114.809317125684856, 40.463323010248757 ], [ 114.809372254126288, 40.463367258692074 ], [ 114.809512362205851, 40.463410445935381 ], [ 114.809671407309679, 40.463413461362222 ], [ 114.81006168070212, 40.46338032314344 ], [ 114.810399760140854, 40.46331917194226 ], [ 114.810650367920175, 40.463229342260377 ], [ 114.810830233228785, 40.46313816809203 ], [ 114.81088817385023, 40.463096056437905 ], [ 114.810943832891667, 40.463016051849365 ], [ 114.810946901378429, 40.462921608645388 ], [ 114.810896499773662, 40.462839567092374 ], [ 114.810789648623427, 40.462753802346128 ], [ 114.810649994701521, 40.462697122574184 ], [ 114.810256967585019, 40.4626195137796 ], [ 114.809549227215143, 40.462442527200949 ], [ 114.809386544353629, 40.462384430996735 ], [ 114.809177595869414, 40.462277347821384 ], [ 114.808968095201521, 40.462192313324636 ], [ 114.808774929819265, 40.462148109847419 ] ] ] } },
{ "type": "Feature", "properties": { "PV_Area": 0.017088622515099999, "Inst_time": 20170624.0, "Inst_year": 2017, "Major_type": "Cropland", "Lat": 40.461710853200003, "Lon": 114.806290676, "Province": "河北", "Province_pinyin": "Hebei", "Province code": 13, "City": "张家口市", "City_pinyin": "Zhangjiakou", "City code": 1307, "County": "宣化县", "County_pinyin": "Xuanhua xian", "County code": 130721, "Township": "深井镇", "Township_pinyin": "shen jing zhen" }, "geometry": { "type": "Polygon", "coordinates": [ [ [ 114.805794366117198, 40.460780875037415 ], [ 114.805635328207927, 40.460777854214655 ], [ 114.805474470970125, 40.460828841278044 ], [ 114.805344062078916, 40.460923616331854 ], [ 114.80527027989956, 40.461016784297215 ], [ 114.805212401331346, 40.461164320776845 ], [ 114.805210206086258, 40.46123178162145 ], [ 114.805225685217238, 40.461299611188167 ], [ 114.805292878063938, 40.461408999325897 ], [ 114.805434202926222, 40.461522449701363 ], [ 114.805660513721818, 40.461634841574721 ], [ 114.805895591108651, 40.461728949331587 ], [ 114.806006276068842, 40.461802239581743 ], [ 114.80608127503092, 40.46190759515946 ], [ 114.806104187058622, 40.461979567902802 ], [ 114.806114683945566, 40.462248851903041 ], [ 114.806147404878857, 40.462330540921755 ], [ 114.806321213253455, 40.462484036309263 ], [ 114.806374924363354, 40.462513178840197 ], [ 114.806515027946261, 40.462556368781463 ], [ 114.806671935361578, 40.462559428275028 ], [ 114.806852151405678, 40.462522234113862 ], [ 114.80704884392901, 40.462458411926207 ], [ 114.807246390808359, 40.462367580399587 ], [ 114.807322452769085, 40.462312300872043 ], [ 114.807396233149689, 40.462219131108043 ], [ 114.807400623639978, 40.462084151862143 ], [ 114.807367470132704, 40.462015973358518 ], [ 114.807299389655213, 40.461933611646884 ], [ 114.807054177808141, 40.461750628388813 ], [ 114.806663063549649, 40.461558980162863 ], [ 114.80640636196415, 40.461411189175067 ], [ 114.806265786237077, 40.461278814365869 ], [ 114.806160660885894, 40.461047236241029 ], [ 114.806093029170029, 40.460951353222413 ], [ 114.805899560716171, 40.460809899757123 ], [ 114.805794366117198, 40.460780875037415 ] ] ] } },
{ "type": "Feature", "properties": { "PV_Area": 0.00539766818352, "Inst_time": 20121116.0, "Inst_year": 2012, "Major_type": "Cropland", "Lat": 40.463076624099998, "Lon": 114.80491787699999, "Province": "河北", "Province_pinyin": "Hebei", "Province code": 13, "City": "张家口市", "City_pinyin": "Zhangjiakou", "City code": 1307, "County": "宣化县", "County_pinyin": "Xuanhua xian", "County code": 130721, "Township": "深井镇", "Township_pinyin": "shen jing zhen" }, "geometry": { "type": "Polygon", "coordinates": [ [ [ 114.805024756887065, 40.462684966438076 ], [ 114.80486615424968, 40.462668441395522 ], [ 114.80472387160944, 40.462692759962977 ], [ 114.804632512180774, 40.462732653888906 ], [ 114.804520971965303, 40.46284018492662 ], [ 114.804482969313653, 40.462920539351444 ], [ 114.804460452088279, 40.463068687370082 ], [ 114.804508213283498, 40.463231712873323 ], [ 114.804559042965479, 40.46330025110575 ], [ 114.804718050297879, 40.463414038726967 ], [ 114.80489307635446, 40.463471407379586 ], [ 114.805016319447645, 40.463487260628654 ], [ 114.80515863266487, 40.463462940262559 ], [ 114.805270479549108, 40.46339484269788 ], [ 114.80534558822842, 40.463261160274385 ], [ 114.80535174228919, 40.463072165947779 ], [ 114.805303981093857, 40.462909138645898 ], [ 114.805218147099822, 40.462784674273337 ], [ 114.805164420701544, 40.462741660599193 ], [ 114.805024756887065, 40.462684966438076 ] ] ] } },
{ "type": "Feature", "properties": { "PV_Area": 0.00999806048485, "Inst_time": 20130709.0, "Inst_year": 2013, "Major_type": "Grassland", "Lat": 40.462345485900002, "Lon": 114.957827978, "Province": "河北", "Province_pinyin": "Hebei", "Province code": 13, "City": "张家口市", "City_pinyin": "Zhangjiakou", "City code": 1307, "County": "宣化县", "County_pinyin": "Xuanhua xian", "County code": 130721, "Township": "崞村镇", "Township_pinyin": "guo cun zhen" }, "geometry": { "type": "MultiPolygon", "coordinates": [ [ [ [ 114.957660950092873, 40.462266226804957 ], [ 114.957392497066166, 40.462280367744825 ], [ 114.957385652326025, 40.462171880727738 ], [ 114.95726017441757, 40.462170145036225 ], [ 114.957253330576805, 40.462254330572932 ], [ 114.95712785266835, 40.462247387806769 ], [ 114.9571267114286, 40.46231855475753 ], [ 114.957247627076413, 40.462317686911774 ], [ 114.957237360415888, 40.462720386236867 ], [ 114.957117586007826, 40.462716914853786 ], [ 114.957114164087443, 40.462888755511699 ], [ 114.957783759712811, 40.462895698277919 ], [ 114.957789945249829, 40.462770207778931 ], [ 114.957956006864265, 40.462754233121416 ], [ 114.957965133184416, 40.462670916329785 ], [ 114.958263998584698, 40.462627522242428 ], [ 114.958275405585596, 40.462417493672433 ], [ 114.958537768403403, 40.462403607240731 ], [ 114.958526361402505, 40.462341119647022 ], [ 114.958649558630327, 40.462327233215319 ], [ 114.958654120891083, 40.462164070115819 ], [ 114.958743096216949, 40.462169277190469 ], [ 114.958743096216949, 40.462105053905191 ], [ 114.958640432310176, 40.46209984593122 ], [ 114.958670091051886, 40.461849892858311 ], [ 114.958122550515327, 40.461827327968876 ], [ 114.957990228766107, 40.461945361289452 ], [ 114.957684518625683, 40.462153655067198 ], [ 114.957660950092873, 40.462266226804957 ] ] ], [ [ [ 114.956743432963094, 40.46219791789963 ], [ 114.957016062441426, 40.462180560084846 ], [ 114.957019485261071, 40.46197920907332 ], [ 114.956617955054639, 40.462007849782481 ], [ 114.956580312131791, 40.462090299627675 ], [ 114.956590577892939, 40.462164937961575 ], [ 114.956738870702338, 40.462156259503843 ], [ 114.956743432963094, 40.46219791789963 ] ] ] ] } },
{ "type": "Feature", "properties": { "PV_Area": 0.019179592792099999, "Inst_time": 20191214.0, "Inst_year": 2019, "Major_type": "Grassland", "Lat": 40.462591386, "Lon": 114.955250173, "Province": "河北", "Province_pinyin": "Hebei", "Province code": 13, "City": "张家口市", "City_pinyin": "Zhangjiakou", "City code": 1307, "County": "宣化县", "County_pinyin": "Xuanhua xian", "County code": 130721, "Township": "崞村镇", "Township_pinyin": "guo cun zhen" }, "geometry": { "type": "MultiPolygon", "coordinates": [ [ [ [ 114.954673420242216, 40.462135231555749 ], [ 114.954622131006658, 40.462186521690683 ], [ 114.954622131006658, 40.462247439967427 ], [ 114.954586352378328, 40.462249123498282 ], [ 114.954578367297927, 40.462314215528693 ], [ 114.954460874469873, 40.462311611092048 ], [ 114.954447185888966, 40.462352402541399 ], [ 114.954382164905041, 40.462354138232968 ], [ 114.954363914063492, 40.462409683060457 ], [ 114.954255546656213, 40.462409683060457 ], [ 114.954235013335278, 40.46251556474158 ], [ 114.95411067666646, 40.4625259797902 ], [ 114.954107254746077, 40.462585863846584 ], [ 114.954402698225977, 40.462589335229666 ], [ 114.954410683306492, 40.46282626791799 ], [ 114.954777991611081, 40.462825400072234 ], [ 114.954771146870939, 40.46300939057096 ], [ 114.954919439680452, 40.463012861954041 ], [ 114.954920580020826, 40.463154326211225 ], [ 114.955235500118306, 40.463159216724534 ], [ 114.955249319100858, 40.463173035707086 ], [ 114.955884479685096, 40.463160402031008 ], [ 114.955900206129627, 40.463264500356445 ], [ 114.955907293686664, 40.463311412591679 ], [ 114.956185626665388, 40.463297526159977 ], [ 114.956181063505369, 40.463106592894974 ], [ 114.956343043996299, 40.463110065177432 ], [ 114.956363577317347, 40.462893094740593 ], [ 114.95644114564243, 40.462910452555377 ], [ 114.956475366644895, 40.462676124303755 ], [ 114.956377265898141, 40.462611900119157 ], [ 114.956220894478747, 40.462621116371452 ], [ 114.956203324423996, 40.462607059967922 ], [ 114.956201596826304, 40.46247824557463 ], [ 114.956135435502006, 40.462367155919537 ], [ 114.955998550592653, 40.4623202904491 ], [ 114.955857207743975, 40.462330165904461 ], [ 114.955844111816418, 40.462319689701985 ], [ 114.955876494604581, 40.462192710824979 ], [ 114.955733905295574, 40.462195314362305 ], [ 114.955738468455593, 40.462111996671354 ], [ 114.9558069113599, 40.46211286451711 ], [ 114.955811473620656, 40.461984416147914 ], [ 114.955670025551285, 40.461993963350778 ], [ 114.955655196630119, 40.462080752424811 ], [ 114.955438461815675, 40.462090299627675 ], [ 114.955440900777035, 40.46213006315196 ], [ 114.955446446896076, 40.462220482789121 ], [ 114.955195491079166, 40.462211804331332 ], [ 114.955186365658278, 40.462073809658648 ], [ 114.955259187361662, 40.462069492013484 ], [ 114.955274199744622, 40.462068601684678 ], [ 114.955239978742043, 40.461984416147914 ], [ 114.954921616039769, 40.46200685872958 ], [ 114.95486140822743, 40.46200685872958 ], [ 114.954732362708455, 40.461856835624531 ], [ 114.954593196219093, 40.461908909968258 ], [ 114.954598899719485, 40.461949700518289 ], [ 114.954691297865111, 40.462019131777538 ], [ 114.954582930457946, 40.462024339751508 ], [ 114.954555553296245, 40.462089431781919 ], [ 114.954451748149722, 40.462092903165001 ], [ 114.954460874469873, 40.462141505226327 ], [ 114.954642247042102, 40.462127618794625 ], [ 114.954673420242216, 40.462135231555749 ] ] ], [ [ [ 114.953471879223912, 40.462269084850448 ], [ 114.954017138180461, 40.462274291925098 ], [ 114.954069610923852, 40.462184031467928 ], [ 114.954071892503862, 40.462036489592379 ], [ 114.953372637237521, 40.462053848306482 ], [ 114.953370356556775, 40.46220312497428 ], [ 114.953473020463548, 40.462201389282768 ], [ 114.953471879223912, 40.462269084850448 ] ] ] ] } },
{ "type": "Feature", "properties": { "PV_Area": 0.0087181796476400002, "Inst_time": 20130709.0, "Inst_year": 2013, "Major_type": "Grassland", "Lat": 40.462079020099999, "Lon": 114.95971412599999, "Province": "河北", "Province_pinyin": "Hebei", "Province code": 13, "City": "张家口市", "City_pinyin": "Zhangjiakou", "City code": 1307, "County": "宣化县", "County_pinyin": "Xuanhua xian", "County code": 130721, "Township": "崞村镇", "Township_pinyin": "guo cun zhen" }, "geometry": { "type": "Polygon", "coordinates": [ [ [ 114.960116094782052, 40.461751603253958 ], [ 114.960101854916729, 40.461737364287956 ], [ 114.960012023436207, 40.461647532807433 ], [ 114.959832358676522, 40.46155770132691 ], [ 114.959652696614739, 40.46155770132691 ], [ 114.959562865134217, 40.461647532807433 ], [ 114.959529927464246, 40.461680470477404 ], [ 114.959531326809383, 40.462024339751508 ], [ 114.959006395229039, 40.462024339751508 ], [ 114.958934043871068, 40.46209669021016 ], [ 114.958844214189185, 40.462186521690683 ], [ 114.958844213289922, 40.462276353171205 ], [ 114.958934044770444, 40.462456016132307 ], [ 114.959113706832113, 40.46254584761283 ], [ 114.959473033653694, 40.46254584761283 ], [ 114.959473033653694, 40.462456016132307 ], [ 114.959652696614739, 40.462366184651728 ], [ 114.959832359575785, 40.462276353171205 ], [ 114.960281517877775, 40.462276353171205 ], [ 114.960357975540205, 40.462199895508832 ], [ 114.960608156141575, 40.462168409344656 ], [ 114.960507773814811, 40.461822987840662 ], [ 114.960359481005298, 40.461828195814633 ], [ 114.960354918744542, 40.461741405841281 ], [ 114.960116094782052, 40.461751603253958 ] ] ] } },
{ "type": "Feature", "properties": { "PV_Area": 0.0033388949652099998, "Inst_time": 20181109.0, "Inst_year": 2018, "Major_type": "Grassland", "Lat": 40.4612493638, "Lon": 114.959051147, "Province": "河北", "Province_pinyin": "Hebei", "Province code": 13, "City": "张家口市", "City_pinyin": "Zhangjiakou", "City code": 1307, "County": "宣化县", "County_pinyin": "Xuanhua xian", "County code": 130721, "Township": "崞村镇", "Township_pinyin": "guo cun zhen" }, "geometry": { "type": "Polygon", "coordinates": [ [ [ 114.958934044770444, 40.461609093984578 ], [ 114.958805835620865, 40.461612957472084 ], [ 114.958764769878258, 40.461684124422845 ], [ 114.958691764713194, 40.461687595805927 ], [ 114.958666669131503, 40.461729255101091 ], [ 114.959012903622693, 40.461726391659681 ], [ 114.959023876250967, 40.461737364287956 ], [ 114.959203539212012, 40.461737364287956 ], [ 114.959383202173058, 40.461647532807433 ], [ 114.959383203072434, 40.46155770132691 ], [ 114.95934196915664, 40.461516467411116 ], [ 114.95934196915664, 40.461439377525323 ], [ 114.959592924973549, 40.461444584599974 ], [ 114.959606613554456, 40.461394245947758 ], [ 114.959335124416498, 40.461380359516056 ], [ 114.959303184994042, 40.461170327348782 ], [ 114.959193676347127, 40.461165120274131 ], [ 114.959184550926352, 40.461045349463348 ], [ 114.959004318694383, 40.460934257110353 ], [ 114.958979223112692, 40.460706865329598 ], [ 114.958869715365154, 40.460715544686707 ], [ 114.958846901363472, 40.460611395099875 ], [ 114.958694046293317, 40.460607923716736 ], [ 114.958666669131503, 40.460975916405459 ], [ 114.958817242621762, 40.460974180713947 ], [ 114.958821805781781, 40.461057500203538 ], [ 114.95904538443699, 40.461029727340076 ], [ 114.959054509857765, 40.461090480141593 ], [ 114.959044329532276, 40.461378038365808 ], [ 114.959036259016216, 40.461606013806545 ], [ 114.958934044770444, 40.461609093984578 ] ] ] } },
{ "type": "Feature", "properties": { "PV_Area": 0.011213142423699999, "Inst_time": 20191214.0, "Inst_year": 2019, "Major_type": "Grassland", "Lat": 40.461084320499999, "Lon": 114.95125097, "Province": "河北", "Province_pinyin": "Hebei", "Province code": 13, "City": "张家口市", "City_pinyin": "Zhangjiakou", "City code": 1307, "County": "宣化县", "County_pinyin": "Xuanhua xian", "County code": 130721, "Township": "崞村镇", "Township_pinyin": "guo cun zhen" }, "geometry": { "type": "Polygon", "coordinates": [ [ [ 114.950994284758508, 40.461396308093185 ], [ 114.951282858317313, 40.461403793150566 ], [ 114.951278295157294, 40.461466281643652 ], [ 114.951549784295139, 40.461487111740894 ], [ 114.95154220031236, 40.461647532807433 ], [ 114.951538377294355, 40.461728387255334 ], [ 114.951686669204491, 40.461726651563765 ], [ 114.951714046366192, 40.461820384303337 ], [ 114.951955876762327, 40.461801290796984 ], [ 114.951953595182317, 40.461881137104854 ], [ 114.952124701993512, 40.461877665721772 ], [ 114.952136108994296, 40.461655483713628 ], [ 114.951978690764008, 40.461657219405197 ], [ 114.951942188181533, 40.461013236471729 ], [ 114.951811092208231, 40.461013236471729 ], [ 114.951782489270499, 40.460909087784216 ], [ 114.951927185691147, 40.460919211452506 ], [ 114.951980972344018, 40.460922974215919 ], [ 114.951978690764008, 40.46086048482357 ], [ 114.951927185691147, 40.460859863392045 ], [ 114.951834962013891, 40.460858749132001 ], [ 114.951825379737556, 40.460737243529024 ], [ 114.951814428692956, 40.460598376513929 ], [ 114.951561191296037, 40.460603583588579 ], [ 114.951273732896539, 40.46052373638139 ], [ 114.951130003247158, 40.460464717472803 ], [ 114.950988555177787, 40.460464717472803 ], [ 114.950965741176105, 40.460525472072902 ], [ 114.951145973407961, 40.460631357351303 ], [ 114.951314798639146, 40.460629620760415 ], [ 114.951344456481593, 40.460981992225186 ], [ 114.951395006474399, 40.460984227939832 ], [ 114.951540658874364, 40.460990671582294 ], [ 114.951542940454374, 40.461093083678918 ], [ 114.951254191527823, 40.461078104570902 ], [ 114.951208532947476, 40.46110854392424 ], [ 114.951041605285923, 40.46110854392424 ], [ 114.951047872661206, 40.460857013440489 ], [ 114.950833419426772, 40.46084833408338 ], [ 114.950812886105837, 40.460780637616381 ], [ 114.950628091613225, 40.460497698310178 ], [ 114.95047751812308, 40.460492491235527 ], [ 114.950395386637865, 40.4606139986372 ], [ 114.950427326959584, 40.460771958259329 ], [ 114.949996138910706, 40.460690375360571 ], [ 114.949991575750687, 40.460825769193946 ], [ 114.95006686249576, 40.461028858595 ], [ 114.950260783308522, 40.461046217309161 ], [ 114.950260783308522, 40.460921238524406 ], [ 114.950596151291393, 40.460921238524406 ], [ 114.950602996031535, 40.461223269538323 ], [ 114.950759376444125, 40.461223981801368 ], [ 114.950983992917031, 40.461225005229835 ], [ 114.950994284758508, 40.461396308093185 ] ] ] } },
{ "type": "Feature", "properties": { "PV_Area": 0.015602517920500001, "Inst_time": 20221222.0, "Inst_year": 2022, "Major_type": "Grassland", "Lat": 40.458325852900003, "Lon": 114.948804119, "Province": "河北", "Province_pinyin": "Hebei", "Province code": 13, "City": "张家口市", "City_pinyin": "Zhangjiakou", "City code": 1307, "County": "宣化县", "County_pinyin": "Xuanhua xian", "County code": 130721, "Township": "崞村镇", "Township_pinyin": "guo cun zhen" }, "geometry": { "type": "MultiPolygon", "coordinates": [ [ [ [ 114.949455896372569, 40.457960337599559 ], [ 114.94937787388983, 40.457939043452143 ], [ 114.948987751583559, 40.457954666474734 ], [ 114.949001440164352, 40.458258446670015 ], [ 114.94915885839464, 40.458265390335555 ], [ 114.949186234657077, 40.458619509183052 ], [ 114.948964937581877, 40.458635132205643 ], [ 114.94895124900097, 40.45870630275374 ], [ 114.949097259331097, 40.458852116132334 ], [ 114.950201465825103, 40.458798304298341 ], [ 114.950201465825103, 40.458747963847486 ], [ 114.94992085126637, 40.458735813107353 ], [ 114.949877504843016, 40.457918212455581 ], [ 114.950016671332378, 40.457913005380931 ], [ 114.950014389752369, 40.457741151233222 ], [ 114.949888911843914, 40.457735944158571 ], [ 114.949884348683781, 40.457420009625821 ], [ 114.949621985865974, 40.457407858885631 ], [ 114.949607667759665, 40.457505069303579 ], [ 114.949471412375829, 40.457505069303579 ], [ 114.949460005375045, 40.457631790075084 ], [ 114.949587764863509, 40.457640469432192 ], [ 114.949599171864406, 40.457871343387865 ], [ 114.949473693955838, 40.457869607696296 ], [ 114.949455896372569, 40.457960337599559 ] ] ], [ [ [ 114.948168722808418, 40.458968419157259 ], [ 114.948567970535464, 40.458982306488281 ], [ 114.94855656353468, 40.458829549444204 ], [ 114.948682041443135, 40.458829549444204 ], [ 114.948682041443135, 40.458744492464405 ], [ 114.948800675510824, 40.458742756772835 ], [ 114.948780142189889, 40.458567433040628 ], [ 114.948257698134285, 40.458563961657546 ], [ 114.948248571814247, 40.458456337090354 ], [ 114.948123093905679, 40.458447657733245 ], [ 114.948198380650751, 40.458350448214674 ], [ 114.948424240886084, 40.458367806928777 ], [ 114.948631850279753, 40.458362599854127 ], [ 114.948629568699744, 40.458312259403328 ], [ 114.948485839949626, 40.458300107763819 ], [ 114.94846986978871, 40.458187275222599 ], [ 114.948348954141011, 40.458185539531087 ], [ 114.948344391880255, 40.45811436808367 ], [ 114.948196099070742, 40.458112632392101 ], [ 114.948189255229977, 40.458216785576269 ], [ 114.947954268674607, 40.4582150498847 ], [ 114.947942861673823, 40.458334825192082 ], [ 114.947819665345378, 40.458327882425863 ], [ 114.947837917086304, 40.458407732331011 ], [ 114.947972520415533, 40.45840426094793 ], [ 114.948006741417998, 40.458904192274701 ], [ 114.948155034227511, 40.4589007199923 ], [ 114.948168722808418, 40.458968419157259 ] ] ], [ [ [ 114.946585417782899, 40.45840946802258 ], [ 114.946891127923323, 40.458388637925339 ], [ 114.946893409503332, 40.458345241140023 ], [ 114.947000636570237, 40.458353920497075 ], [ 114.946991510250086, 40.458294900689168 ], [ 114.947262999387931, 40.458296636380737 ], [ 114.947251592387147, 40.458135199080232 ], [ 114.94741357287819, 40.458135199080232 ], [ 114.947402165877293, 40.457985912519916 ], [ 114.946856906920743, 40.457966818114244 ], [ 114.946840936759941, 40.458034517279202 ], [ 114.946574010782001, 40.458032781587633 ], [ 114.946585417782899, 40.45840946802258 ] ] ] ] } },
{ "type": "Feature", "properties": { "PV_Area": 0.0042046359721000003, "Inst_time": 20191128.0, "Inst_year": 2019, "Major_type": "Grassland", "Lat": 40.457497354499999, "Lon": 114.95173933, "Province": "河北", "Province_pinyin": "Hebei", "Province code": 13, "City": "张家口市", "City_pinyin": "Zhangjiakou", "City code": 1307, "County": "宣化县", "County_pinyin": "Xuanhua xian", "County code": 130721, "Township": "崞村镇", "Township_pinyin": "guo cun zhen" }, "geometry": { "type": "Polygon", "coordinates": [ [ [ 114.951390283235014, 40.457415015690458 ], [ 114.951269169736406, 40.4574095945772 ], [ 114.951307953899004, 40.457827946602492 ], [ 114.951553051532187, 40.457784777345637 ], [ 114.951837354210625, 40.457784777345637 ], [ 114.95201701717167, 40.457694944965795 ], [ 114.95201701717167, 40.457587650449739 ], [ 114.952120138833379, 40.457583184416478 ], [ 114.952142952835061, 40.457508540686661 ], [ 114.952252461481976, 40.45750333361201 ], [ 114.952222802740266, 40.457189133871509 ], [ 114.951903404018935, 40.457206493484932 ], [ 114.951912937732004, 40.457335619043647 ], [ 114.951795113953381, 40.457335619043647 ], [ 114.951793896271397, 40.457215172841984 ], [ 114.951540658874364, 40.457222116507523 ], [ 114.951522407133439, 40.457277665831668 ], [ 114.951399210804993, 40.457279401523238 ], [ 114.95140536756378, 40.457335619043647 ], [ 114.9514128993859, 40.45740438660323 ], [ 114.951390283235014, 40.457415015690458 ] ] ] } },
{ "type": "Feature", "properties": { "PV_Area": 0.0061540583193400002, "Inst_time": 20221222.0, "Inst_year": 2022, "Major_type": "Grassland", "Lat": 40.4577663345, "Lon": 114.954136893, "Province": "河北", "Province_pinyin": "Hebei", "Province code": 13, "City": "张家口市", "City_pinyin": "Zhangjiakou", "City code": 1307, "County": "宣化县", "County_pinyin": "Xuanhua xian", "County code": 130721, "Township": "崞村镇", "Township_pinyin": "guo cun zhen" }, "geometry": { "type": "MultiPolygon", "coordinates": [ [ [ [ 114.954028359021663, 40.456941244742723 ], [ 114.954015997840088, 40.45729328885426 ], [ 114.954146038908675, 40.457288080880289 ], [ 114.954138687850218, 40.457335619043647 ], [ 114.954262805084454, 40.457335619043647 ], [ 114.954278109747065, 40.457320314381036 ], [ 114.954558975216628, 40.457329742873412 ], [ 114.954588633958338, 40.457229060173063 ], [ 114.954433497308059, 40.457211701458903 ], [ 114.954417527147257, 40.45687666982252 ], [ 114.954043375001788, 40.456862782491498 ], [ 114.954038283040404, 40.456931320723925 ], [ 114.954028359021663, 40.456941244742723 ] ] ], [ [ [ 114.953721694700562, 40.457367932584077 ], [ 114.953733101701346, 40.457487710589419 ], [ 114.954159726590206, 40.457461671618887 ], [ 114.95415288274944, 40.457362725509427 ], [ 114.953721694700562, 40.457367932584077 ] ] ], [ [ [ 114.954759739870155, 40.457371404866478 ], [ 114.95476886529093, 40.457468615284427 ], [ 114.954924001941208, 40.457473823258397 ], [ 114.954933127361983, 40.45741480255117 ], [ 114.955051761429672, 40.457406122294742 ], [ 114.955227430501623, 40.457321063516304 ], [ 114.95523655682166, 40.457267249883728 ], [ 114.954926283521218, 40.457275930140099 ], [ 114.954898906359517, 40.457362725509427 ], [ 114.954759739870155, 40.457371404866478 ] ] ], [ [ [ 114.95374222712212, 40.457631790075084 ], [ 114.953703442959636, 40.457659564737185 ], [ 114.953712569279674, 40.457895645767508 ], [ 114.953826640187344, 40.457906061715448 ], [ 114.953840328768251, 40.457630054383571 ], [ 114.95374222712212, 40.457631790075084 ] ] ], [ [ [ 114.95418254149115, 40.457746359207192 ], [ 114.954061625843451, 40.45781405927147 ], [ 114.954050218842553, 40.457833153677143 ], [ 114.954054782002686, 40.457888703001288 ], [ 114.95403653026176, 40.457942514835224 ], [ 114.953876831350726, 40.45820984191073 ], [ 114.953792418285502, 40.458305315737789 ], [ 114.953778729704709, 40.458451129116384 ], [ 114.953726257860581, 40.458444186350164 ], [ 114.953678347377945, 40.458468487830487 ], [ 114.953552869469377, 40.458683736964929 ], [ 114.953534618627828, 40.458739284490434 ], [ 114.953936147934996, 40.458727133750301 ], [ 114.953952118095799, 40.458683736964929 ], [ 114.953776449023962, 40.458680264682528 ], [ 114.953762760443055, 40.458584791754788 ], [ 114.95406390742346, 40.458583056063219 ], [ 114.954301174659577, 40.458206370527648 ], [ 114.954171134490366, 40.45820289824519 ], [ 114.954335396561419, 40.457907797406961 ], [ 114.954344521982193, 40.457819267245441 ], [ 114.954278360657895, 40.457758510846645 ], [ 114.95418254149115, 40.457746359207192 ] ] ] ] } },
{ "type": "Feature", "properties": { "PV_Area": 0.0032206593604700001, "Inst_time": 20190719.0, "Inst_year": 2019, "Major_type": "Grassland", "Lat": 40.4569792733, "Lon": 114.95585696000001, "Province": "河北", "Province_pinyin": "Hebei", "Province code": 13, "City": "张家口市", "City_pinyin": "Zhangjiakou", "City code": 1307, "County": "宣化县", "County_pinyin": "Xuanhua xian", "County code": 130721, "Township": "崞村镇", "Township_pinyin": "guo cun zhen" }, "geometry": { "type": "Polygon", "coordinates": [ [ [ 114.955694033852637, 40.45680507839171 ], [ 114.955650633469986, 40.456797685065169 ], [ 114.955647211549604, 40.456911388150104 ], [ 114.955516030140757, 40.456905312330377 ], [ 114.955518311720766, 40.456961729500279 ], [ 114.955378003991768, 40.456958258117197 ], [ 114.955374582071386, 40.457237739530115 ], [ 114.955535422222056, 40.457227324481494 ], [ 114.955528578381291, 40.45728634518872 ], [ 114.955673448371044, 40.457275930140099 ], [ 114.955684855371828, 40.457199549819393 ], [ 114.955817177121048, 40.457199549819393 ], [ 114.955814895541039, 40.457043317794955 ], [ 114.955930107688346, 40.457038109820985 ], [ 114.955927826108336, 40.457120565961418 ], [ 114.956341903656039, 40.457123169498743 ], [ 114.956333918575524, 40.456910520304348 ], [ 114.956194752086162, 40.456919199661399 ], [ 114.95623353624876, 40.456652735935052 ], [ 114.956110339920315, 40.456648395806894 ], [ 114.956094369759398, 40.456731719793083 ], [ 114.955782956118583, 40.456722172590219 ], [ 114.955790161486789, 40.456760208516869 ], [ 114.955694033852637, 40.45680507839171 ] ] ] } },
{ "type": "Feature", "properties": { "PV_Area": 0.0058377054857600003, "Inst_time": 20221222.0, "Inst_year": 2022, "Major_type": "Grassland", "Lat": 40.457083777699999, "Lon": 114.950802806, "Province": "河北", "Province_pinyin": "Hebei", "Province code": 13, "City": "张家口市", "City_pinyin": "Zhangjiakou", "City code": 1307, "County": "宣化县", "County_pinyin": "Xuanhua xian", "County code": 130721, "Township": "崞村镇", "Township_pinyin": "guo cun zhen" }, "geometry": { "type": "Polygon", "coordinates": [ [ [ 114.950847301361932, 40.457189923476221 ], [ 114.950730755519999, 40.457223852199093 ], [ 114.950710222199064, 40.457267249883728 ], [ 114.950794635264288, 40.457267249883728 ], [ 114.950817449265969, 40.457524164608571 ], [ 114.950641780194019, 40.457527635991653 ], [ 114.950634935453991, 40.457420009625821 ], [ 114.950534553127227, 40.457426953291304 ], [ 114.950486643543854, 40.457447784287865 ], [ 114.950445577801247, 40.457560617728404 ], [ 114.950429607640331, 40.457749831489593 ], [ 114.950817449265969, 40.457798436248879 ], [ 114.950824293106734, 40.457593600364419 ], [ 114.950972585916134, 40.457586656698879 ], [ 114.950949019181962, 40.457335619043647 ], [ 114.95102886998643, 40.457335619043647 ], [ 114.951047827695106, 40.457316662234234 ], [ 114.951203008412222, 40.457333214256494 ], [ 114.951269169736406, 40.457222116507523 ], [ 114.951280576737304, 40.457097130528211 ], [ 114.951385522224086, 40.4570988671191 ], [ 114.951406054645759, 40.456959993808709 ], [ 114.951278295157294, 40.456956521526308 ], [ 114.951282858317313, 40.456808968858866 ], [ 114.951208532947476, 40.456804332853721 ], [ 114.951208532947476, 40.456796630160397 ], [ 114.951118703265593, 40.456706798679875 ], [ 114.951028870885693, 40.456616967199352 ], [ 114.950759377343502, 40.456616967199352 ], [ 114.950714369872344, 40.456661973771133 ], [ 114.950678282776607, 40.45665620731819 ], [ 114.950534553127227, 40.456782929888334 ], [ 114.950352039315248, 40.456782929888334 ], [ 114.950308692891895, 40.456697869311256 ], [ 114.950409075218658, 40.456697869311256 ], [ 114.950402231377893, 40.456588506354535 ], [ 114.950144430820842, 40.456552052335383 ], [ 114.950178651823421, 40.456956521526308 ], [ 114.950561930288927, 40.456953050143227 ], [ 114.950591589030637, 40.456786402170792 ], [ 114.950669544064226, 40.456790109176268 ], [ 114.950669544064226, 40.456897070043794 ], [ 114.950849388688425, 40.456880141205602 ], [ 114.950847301361932, 40.457189923476221 ] ] ] } },
{ "type": "Feature", "properties": { "PV_Area": 0.0045103706933100002, "Inst_time": 20191106.0, "Inst_year": 2019, "Major_type": "Grassland", "Lat": 40.456923914500003, "Lon": 114.961237152, "Province": "河北", "Province_pinyin": "Hebei", "Province code": 13, "City": "张家口市", "City_pinyin": "Zhangjiakou", "City code": 1307, "County": "宣化县", "County_pinyin": "Xuanhua xian", "County code": 130721, "Township": "崞村镇", "Township_pinyin": "guo cun zhen" }, "geometry": { "type": "Polygon", "coordinates": [ [ [ 114.960910338241547, 40.456812826950454 ], [ 114.960766714712122, 40.456817648215917 ], [ 114.960782684873038, 40.457010335158884 ], [ 114.960883067199802, 40.456994712136293 ], [ 114.960876222459774, 40.457236003838545 ], [ 114.961142724856927, 40.457208678837503 ], [ 114.961179833582491, 40.457245787563124 ], [ 114.961359495644274, 40.457245787563124 ], [ 114.961366604785098, 40.4572386784223 ], [ 114.961603995228302, 40.457246418887166 ], [ 114.961613120649076, 40.45696520178268 ], [ 114.961715784555849, 40.456826327573026 ], [ 114.961706659135075, 40.456704812976795 ], [ 114.96143905596773, 40.456696526623432 ], [ 114.961314255248794, 40.456692662236605 ], [ 114.961325107367884, 40.456616967199352 ], [ 114.961324072248203, 40.456616967199352 ], [ 114.961330224510334, 40.456555523718521 ], [ 114.960899036461456, 40.456595450020075 ], [ 114.960922622980775, 40.456694513940704 ], [ 114.960910339140923, 40.456706798679875 ], [ 114.960910338241547, 40.456812826950454 ] ] ] } },
{ "type": "Feature", "properties": { "PV_Area": 0.00249511727186, "Inst_time": 20221222.0, "Inst_year": 2022, "Major_type": "Grassland", "Lat": 40.456504350899998, "Lon": 114.952040161, "Province": "河北", "Province_pinyin": "Hebei", "Province code": 13, "City": "张家口市", "City_pinyin": "Zhangjiakou", "City code": 1307, "County": "宣化县", "County_pinyin": "Xuanhua xian", "County code": 130721, "Township": "崞村镇", "Township_pinyin": "guo cun zhen" }, "geometry": { "type": "Polygon", "coordinates": [ [ [ 114.951807299767097, 40.45688646164092 ], [ 114.95180758485219, 40.456920067507156 ], [ 114.952063103829232, 40.456881876897171 ], [ 114.95210188799183, 40.456812440242004 ], [ 114.951962721502468, 40.456838479212479 ], [ 114.95196294273569, 40.456823667378387 ], [ 114.951965002183215, 40.456685718571123 ], [ 114.952082398783773, 40.456665867835568 ], [ 114.952106848652193, 40.456616967199352 ], [ 114.952106848652193, 40.456588378650792 ], [ 114.952377939390431, 40.456569411049543 ], [ 114.952332310487805, 40.456220489384123 ], [ 114.951917092599842, 40.456220489384123 ], [ 114.951921886885657, 40.456262940082695 ], [ 114.951791614691274, 40.456393211377645 ], [ 114.951791614691274, 40.45688646164092 ], [ 114.951807299767097, 40.45688646164092 ] ] ] } },
{ "type": "Feature", "properties": { "PV_Area": 0.0116616787977, "Inst_time": 20190520.0, "Inst_year": 2019, "Major_type": "Grassland", "Lat": 40.456723545800003, "Lon": 114.958328408, "Province": "河北", "Province_pinyin": "Hebei", "Province code": 13, "City": "张家口市", "City_pinyin": "Zhangjiakou", "City code": 1307, "County": "宣化县", "County_pinyin": "Xuanhua xian", "County code": 130721, "Township": "崞村镇", "Township_pinyin": "guo cun zhen" }, "geometry": { "type": "Polygon", "coordinates": [ [ [ 114.958076477347618, 40.456257641277148 ], [ 114.958035729065728, 40.456257641277148 ], [ 114.957978291165318, 40.456315080076934 ], [ 114.9579765401852, 40.456753419534721 ], [ 114.957856066104682, 40.456759042995486 ], [ 114.957856066104682, 40.456765902124744 ], [ 114.957499723233695, 40.4567673068658 ], [ 114.95740618564696, 40.456836743520967 ], [ 114.957415311067848, 40.457220380815954 ], [ 114.957579573138901, 40.457216908533553 ], [ 114.957575009978768, 40.457329742873412 ], [ 114.958026731348582, 40.457305440493712 ], [ 114.958003916447637, 40.4570988671191 ], [ 114.958275405585596, 40.45707629953165 ], [ 114.958282250325624, 40.457189133871509 ], [ 114.958567427145113, 40.457149208469275 ], [ 114.958585678886038, 40.457055468535088 ], [ 114.958749940957091, 40.457038109820985 ], [ 114.95874081463694, 40.456966937474249 ], [ 114.958873137285536, 40.456954785834739 ], [ 114.9588681217665, 40.45689054366369 ], [ 114.959010022194775, 40.456874933231632 ], [ 114.95899881484354, 40.456731860087302 ], [ 114.959023876250967, 40.456706798679875 ], [ 114.959023876250967, 40.456587944278283 ], [ 114.959117249261681, 40.456600657994045 ], [ 114.959135500103343, 40.456243056072253 ], [ 114.959267822751826, 40.456241320380684 ], [ 114.959304325334415, 40.456085085658231 ], [ 114.959160595685034, 40.456076406301179 ], [ 114.959153751844269, 40.456171882826197 ], [ 114.958537768403403, 40.456215281410152 ], [ 114.958523738080089, 40.456257641277148 ], [ 114.958201159356122, 40.456257641277148 ], [ 114.95819555568039, 40.456199657488241 ], [ 114.958070077771936, 40.456210073436182 ], [ 114.958076477347618, 40.456257641277148 ] ] ] } },
{ "type": "Feature", "properties": { "PV_Area": 0.00068409619711599999, "Inst_time": 20221222.0, "Inst_year": 2022, "Major_type": "Grassland", "Lat": 40.456212725699999, "Lon": 114.94954665, "Province": "河北", "Province_pinyin": "Hebei", "Province code": 13, "City": "张家口市", "City_pinyin": "Zhangjiakou", "City code": 1307, "County": "宣化县", "County_pinyin": "Xuanhua xian", "County code": 130721, "Township": "崞村镇", "Township_pinyin": "guo cun zhen" }, "geometry": { "type": "Polygon", "coordinates": [ [ [ 114.949681395979724, 40.456077978316102 ], [ 114.949411904236058, 40.456077978316102 ], [ 114.949411903336681, 40.456347472757727 ], [ 114.949681396878987, 40.456347472757727 ], [ 114.949681395979724, 40.456077978316102 ] ] ] } },
{ "type": "Feature", "properties": { "PV_Area": 0.0039885665465399997, "Inst_time": 20191106.0, "Inst_year": 2019, "Major_type": "Grassland", "Lat": 40.455850504499999, "Lon": 114.961294256, "Province": "河北", "Province_pinyin": "Hebei", "Province code": 13, "City": "张家口市", "City_pinyin": "Zhangjiakou", "City code": 1307, "County": "宣化县", "County_pinyin": "Xuanhua xian", "County code": 130721, "Township": "崞村镇", "Township_pinyin": "guo cun zhen" }, "geometry": { "type": "Polygon", "coordinates": [ [ [ 114.961090001202706, 40.455956098595152 ], [ 114.960812342715485, 40.455982665467673 ], [ 114.960709678808712, 40.45609723729774 ], [ 114.960673176226123, 40.456164939160658 ], [ 114.960664050805349, 40.456229168741174 ], [ 114.960860252298858, 40.456210073436182 ], [ 114.960857971618111, 40.456151051829636 ], [ 114.961132672235067, 40.4561206484492 ], [ 114.961179832683229, 40.456167808897305 ], [ 114.961449327124797, 40.456167808897305 ], [ 114.961539158605319, 40.45598814593626 ], [ 114.961539158605319, 40.455959740849437 ], [ 114.9616701565526, 40.455770880521754 ], [ 114.961768257299241, 40.455708385733487 ], [ 114.961795634461055, 40.45558860503013 ], [ 114.961905142208593, 40.455562566059655 ], [ 114.961896016787819, 40.455529583423584 ], [ 114.961061017851762, 40.455536527089123 ], [ 114.961081550273434, 40.455847261741781 ], [ 114.961115342299308, 40.455872974258398 ], [ 114.961090001202706, 40.455898315355 ], [ 114.961090001202706, 40.455956098595152 ] ] ] } },
{ "type": "Feature", "properties": { "PV_Area": 0.0115536640064, "Inst_time": 20181101.0, "Inst_year": 2018, "Major_type": "Grassland", "Lat": 40.456551464699999, "Lon": 114.96414713, "Province": "河北", "Province_pinyin": "Hebei", "Province code": 13, "City": "张家口市", "City_pinyin": "Zhangjiakou", "City code": 1307, "County": "宣化县", "County_pinyin": "Xuanhua xian", "County code": 130721, "Township": "崞村镇", "Township_pinyin": "guo cun zhen" }, "geometry": { "type": "Polygon", "coordinates": [ [ [ 114.96468326222282, 40.457335619043647 ], [ 114.964773093703343, 40.457245787563124 ], [ 114.96477309460272, 40.4569762931215 ], [ 114.964503600161038, 40.45688646164092 ], [ 114.964413767781252, 40.456796630160397 ], [ 114.96423410571947, 40.456616967199352 ], [ 114.96423410392083, 40.456347472757727 ], [ 114.96432393630073, 40.456257641277148 ], [ 114.964503600161038, 40.456167808897305 ], [ 114.964862926083242, 40.45589831625432 ], [ 114.964862926083242, 40.455628820014113 ], [ 114.964593430742298, 40.455628820014113 ], [ 114.964503600161038, 40.455718652393955 ], [ 114.96432393630073, 40.455898315355 ], [ 114.964144273339571, 40.45598814593626 ], [ 114.963874778898003, 40.456077978316102 ], [ 114.963695115936957, 40.456167808897305 ], [ 114.963425620596013, 40.45643730423825 ], [ 114.963425619696636, 40.456796630160397 ], [ 114.963605283557058, 40.4569762931215 ], [ 114.963874778898003, 40.4569762931215 ], [ 114.964054442758425, 40.457066124602022 ], [ 114.964054441859048, 40.457155956082545 ], [ 114.964144273339571, 40.457245787563124 ], [ 114.96432393630073, 40.457335619043647 ], [ 114.96468326222282, 40.457335619043647 ] ] ] } },
{ "type": "Feature", "properties": { "PV_Area": 0.010243940431199999, "Inst_time": 20190719.0, "Inst_year": 2019, "Major_type": "Grassland", "Lat": 40.456169287599998, "Lon": 114.957164488, "Province": "河北", "Province_pinyin": "Hebei", "Province code": 13, "City": "张家口市", "City_pinyin": "Zhangjiakou", "City code": 1307, "County": "宣化县", "County_pinyin": "Xuanhua xian", "County code": 130721, "Township": "崞村镇", "Township_pinyin": "guo cun zhen" }, "geometry": { "type": "Polygon", "coordinates": [ [ [ 114.957454083539233, 40.456272443218722 ], [ 114.957459101756172, 40.456030357415102 ], [ 114.957595543299703, 40.456046895048246 ], [ 114.957666266884758, 40.455892396017305 ], [ 114.957661703724739, 40.455847261741781 ], [ 114.957556759137219, 40.455810806823308 ], [ 114.95760923188061, 40.455387235132832 ], [ 114.957132414929106, 40.455461880661289 ], [ 114.957125571088341, 40.455510487219271 ], [ 114.956997811599763, 40.45549486419668 ], [ 114.956996688346521, 40.455609351490409 ], [ 114.956957751299228, 40.455628820014113 ], [ 114.956867919818706, 40.455718652393955 ], [ 114.956867919818706, 40.455905431690383 ], [ 114.95693849411623, 40.455906284247646 ], [ 114.956924806434699, 40.455984401159242 ], [ 114.956867919818706, 40.45598501089961 ], [ 114.956762825044393, 40.455986137750131 ], [ 114.956751418043609, 40.456170147134628 ], [ 114.956639628715948, 40.456164939160658 ], [ 114.956630503295173, 40.456440952787773 ], [ 114.956502743806595, 40.456447896453312 ], [ 114.956500462226586, 40.456583298380565 ], [ 114.956639628715948, 40.456579826997483 ], [ 114.956651035716732, 40.456677038314695 ], [ 114.956505025386718, 40.456668358957643 ], [ 114.956507306067351, 40.456732588538159 ], [ 114.957428999648641, 40.45675515522629 ], [ 114.957428999648641, 40.456706798679875 ], [ 114.957496740182478, 40.456706798679875 ], [ 114.957496740182478, 40.456683519728699 ], [ 114.957695925626581, 40.456682246288665 ], [ 114.957693644046458, 40.456420121791268 ], [ 114.957679955465665, 40.456380194590338 ], [ 114.957606950300601, 40.456378458898826 ], [ 114.957590980139685, 40.456274303016698 ], [ 114.957454083539233, 40.456272443218722 ] ] ] } },
{ "type": "Feature", "properties": { "PV_Area": 0.0026224256177999998, "Inst_time": 20130706.0, "Inst_year": 2013, "Major_type": "Grassland", "Lat": 40.4553233066, "Lon": 114.96025331, "Province": "河北", "Province_pinyin": "Hebei", "Province code": 13, "City": "张家口市", "City_pinyin": "Zhangjiakou", "City code": 1307, "County": "宣化县", "County_pinyin": "Xuanhua xian", "County code": 130721, "Township": "崞村镇", "Township_pinyin": "guo cun zhen" }, "geometry": { "type": "Polygon", "coordinates": [ [ [ 114.960461179939557, 40.455538989432853 ], [ 114.960461180838934, 40.45544915705301 ], [ 114.960551012319456, 40.455359325572488 ], [ 114.960640843799979, 40.455359325572488 ], [ 114.960640843799979, 40.455179662611386 ], [ 114.960551012319456, 40.455089831130863 ], [ 114.960191687296629, 40.455089831130863 ], [ 114.959832359575785, 40.455359325572488 ], [ 114.959832359575785, 40.45544915705301 ], [ 114.959922192854947, 40.455538989432853 ], [ 114.960461179939557, 40.455538989432853 ] ] ] } },
{ "type": "Feature", "properties": { "PV_Area": 0.0100269621362, "Inst_time": 20130612.0, "Inst_year": 2013, "Major_type": "Grassland", "Lat": 40.455794530399999, "Lon": 114.966425695, "Province": "河北", "Province_pinyin": "Hebei", "Province code": 13, "City": "张家口市", "City_pinyin": "Zhangjiakou", "City code": 1307, "County": "宣化县", "County_pinyin": "Xuanhua xian", "County code": 130721, "Township": "崞村镇", "Township_pinyin": "guo cun zhen" }, "geometry": { "type": "Polygon", "coordinates": [ [ [ 114.966210399190686, 40.455458184447707 ], [ 114.966296872602697, 40.455461880661289 ], [ 114.966257732308577, 40.455855817891745 ], [ 114.96627612973964, 40.455874216222128 ], [ 114.966267213860874, 40.456001760772722 ], [ 114.966121203530747, 40.456008704438204 ], [ 114.966086981628905, 40.456152787521205 ], [ 114.965977473881367, 40.45631770160071 ], [ 114.965883936294631, 40.456600657994045 ], [ 114.96568545232185, 40.456614545325067 ], [ 114.965619290997552, 40.456775986222851 ], [ 114.965617010316805, 40.456958258117197 ], [ 114.965817774970446, 40.456935690529747 ], [ 114.96608013778814, 40.456597185711587 ], [ 114.966595738002979, 40.456119804885134 ], [ 114.96731210377061, 40.455710122324319 ], [ 114.9673098221906, 40.455630267922572 ], [ 114.967576748168426, 40.455614644899981 ], [ 114.967574466588417, 40.455576453390677 ], [ 114.966912855144187, 40.455581661364647 ], [ 114.966878634141722, 40.45549486419668 ], [ 114.966669306143672, 40.455498948018089 ], [ 114.966591405968643, 40.455459997480943 ], [ 114.966616271323915, 40.454882068852442 ], [ 114.966448783384749, 40.454879058821575 ], [ 114.966156922803862, 40.454873813076063 ], [ 114.966036790465523, 40.454871653803821 ], [ 114.966044637949722, 40.454986097930146 ], [ 114.966030736229527, 40.45499999965034 ], [ 114.966030736229527, 40.455089831130863 ], [ 114.96612056591141, 40.455179662611386 ], [ 114.966210399190686, 40.455179662611386 ], [ 114.966210399190686, 40.455458184447707 ] ] ] } },
{ "type": "Feature", "properties": { "PV_Area": 0.015700561247, "Inst_time": 20191128.0, "Inst_year": 2019, "Major_type": "Grassland", "Lat": 40.454456575499997, "Lon": 114.968970939, "Province": "河北", "Province_pinyin": "Hebei", "Province code": 13, "City": "张家口市", "City_pinyin": "Zhangjiakou", "City code": 1307, "County": "宣化县", "County_pinyin": "Xuanhua xian", "County code": 130721, "Township": "崞村镇", "Township_pinyin": "guo cun zhen" }, "geometry": { "type": "Polygon", "coordinates": [ [ [ 114.968041022275429, 40.454944160744503 ], [ 114.968042157219884, 40.455046986529283 ], [ 114.967893865309748, 40.455067817525787 ], [ 114.967889302149615, 40.455158087875532 ], [ 114.968028469538353, 40.455133784596512 ], [ 114.968042157219884, 40.455243150251249 ], [ 114.969073358548712, 40.455180655462925 ], [ 114.96902316738533, 40.454875125186902 ], [ 114.969317470524857, 40.454871653803821 ], [ 114.969315188944847, 40.454793535093643 ], [ 114.969582114922673, 40.454797006476724 ], [ 114.969584396502796, 40.454736247379969 ], [ 114.969718999832025, 40.45472930371443 ], [ 114.969728126152177, 40.454663336643705 ], [ 114.969867292641538, 40.454654656387333 ], [ 114.969878699642322, 40.45459216159901 ], [ 114.970672632835772, 40.454578273368668 ], [ 114.970798110744227, 40.454380372156493 ], [ 114.970802673904359, 40.454347388621159 ], [ 114.970382892856264, 40.454324820134389 ], [ 114.970376049015499, 40.454380372156493 ], [ 114.970259696527819, 40.454371691900121 ], [ 114.9702551333678, 40.454444603535705 ], [ 114.969760065574633, 40.454472379097069 ], [ 114.969716718252016, 40.454541818450195 ], [ 114.969591240343561, 40.454555705781274 ], [ 114.969570707921889, 40.454618201468861 ], [ 114.969312907364838, 40.454659864361304 ], [ 114.969267279361475, 40.454687639922724 ], [ 114.968870028129345, 40.454692107754624 ], [ 114.968905343606821, 40.454550842247613 ], [ 114.968905343606821, 40.454461009867771 ], [ 114.968879725518946, 40.454435391779953 ], [ 114.969059669967805, 40.454441131253247 ], [ 114.969032292806105, 40.454286628625084 ], [ 114.969130394452236, 40.454267533320035 ], [ 114.969130394452236, 40.454040118156968 ], [ 114.969401882690818, 40.454048798413396 ], [ 114.969666527088634, 40.45379707907199 ], [ 114.969700748990476, 40.453731111101945 ], [ 114.969470325595125, 40.453732846793514 ], [ 114.969431541432527, 40.45365993515793 ], [ 114.969299218783931, 40.4536477826191 ], [ 114.969296938103298, 40.453279749460933 ], [ 114.969178304035609, 40.453286694025735 ], [ 114.969020885805321, 40.453378701865631 ], [ 114.968870312315175, 40.453493279091617 ], [ 114.968845216733371, 40.453698126667291 ], [ 114.968838372892606, 40.45419635737602 ], [ 114.968731145825814, 40.45419635737602 ], [ 114.9687273497874, 40.454283016048407 ], [ 114.968726582665681, 40.454300516855426 ], [ 114.968494603443219, 40.454307054027367 ], [ 114.968467461004593, 40.454307819350447 ], [ 114.968450531267081, 40.454178997762597 ], [ 114.968274862195244, 40.45419114940205 ], [ 114.968299957776935, 40.454314404186448 ], [ 114.968119725544966, 40.45432829241679 ], [ 114.96816855243685, 40.454568981573289 ], [ 114.968160682469602, 40.454576851540537 ], [ 114.968179043028499, 40.454699792461497 ], [ 114.968059856777018, 40.454714681637313 ], [ 114.968007028801367, 40.454820336689238 ], [ 114.968007028801367, 40.454910168169761 ], [ 114.968041022275429, 40.454944160744503 ] ] ] } },
{ "type": "Feature", "properties": { "PV_Area": 0.0023184053422599998, "Inst_time": 20191222.0, "Inst_year": 2019, "Major_type": "Grassland", "Lat": 40.454410449500003, "Lon": 114.960628572, "Province": "河北", "Province_pinyin": "Hebei", "Province code": 13, "City": "张家口市", "City_pinyin": "Zhangjiakou", "City code": 1307, "County": "宣化县", "County_pinyin": "Xuanhua xian", "County code": 130721, "Township": "崞村镇", "Township_pinyin": "guo cun zhen" }, "geometry": { "type": "Polygon", "coordinates": [ [ [ 114.960820506761024, 40.454640673728136 ], [ 114.960820506761024, 40.454550842247613 ], [ 114.960910338241547, 40.454461009867771 ], [ 114.961000170621446, 40.454461009867771 ], [ 114.961000168822807, 40.454371179286568 ], [ 114.960910338241547, 40.454281346906669 ], [ 114.960820507660401, 40.454191515426146 ], [ 114.960461180838934, 40.454191516325466 ], [ 114.960371348459034, 40.454281346906669 ], [ 114.960281517877775, 40.454371179286568 ], [ 114.960281517877775, 40.454461009867771 ], [ 114.960371349358297, 40.454550842247613 ], [ 114.960461180838934, 40.454640673728136 ], [ 114.960820506761024, 40.454640673728136 ] ] ] } },
{ "type": "Feature", "properties": { "PV_Area": 0.011439953202099999, "Inst_time": 20191222.0, "Inst_year": 2019, "Major_type": "Grassland", "Lat": 40.454659674200002, "Lon": 114.962459161, "Province": "河北", "Province_pinyin": "Hebei", "Province code": 13, "City": "张家口市", "City_pinyin": "Zhangjiakou", "City code": 1307, "County": "宣化县", "County_pinyin": "Xuanhua xian", "County code": 130721, "Township": "崞村镇", "Township_pinyin": "guo cun zhen" }, "geometry": { "type": "Polygon", "coordinates": [ [ [ 114.962886630813387, 40.455269494091908 ], [ 114.962886631712763, 40.455179662611386 ], [ 114.963066294673808, 40.455089831130863 ], [ 114.963245957634854, 40.455089831130863 ], [ 114.963335790014753, 40.45499999965034 ], [ 114.963425621495276, 40.454910168169761 ], [ 114.963425620596013, 40.454820336689238 ], [ 114.963335790014753, 40.454730505208715 ], [ 114.963245957634854, 40.454640673728136 ], [ 114.963066294673808, 40.454640673728136 ], [ 114.963066295573185, 40.454730505208715 ], [ 114.962886631712763, 40.454820336689238 ], [ 114.962617138170458, 40.454820336689238 ], [ 114.962617138170458, 40.454550842247613 ], [ 114.962796799332864, 40.454461009867771 ], [ 114.962976464092549, 40.454461009867771 ], [ 114.963066294673808, 40.454371179286568 ], [ 114.963066295573185, 40.454101683945623 ], [ 114.962078147488569, 40.454101683945623 ], [ 114.961988316907309, 40.454191516325466 ], [ 114.961898485426786, 40.454461009867771 ], [ 114.961808653946264, 40.454550842247613 ], [ 114.961718821566478, 40.454640673728136 ], [ 114.961539158605319, 40.454730505208715 ], [ 114.961449328923436, 40.454820336689238 ], [ 114.961449328923436, 40.45499999965034 ], [ 114.961539158605319, 40.455089832030183 ], [ 114.961808653946264, 40.455089831130863 ], [ 114.961898485426786, 40.45499999965034 ], [ 114.961988316907309, 40.454820336689238 ], [ 114.962167979868468, 40.454730505208715 ], [ 114.962347642829513, 40.454730505208715 ], [ 114.962437474310036, 40.454820336689238 ], [ 114.962437474310036, 40.455179662611386 ], [ 114.962617137271081, 40.455269494091908 ], [ 114.962886630813387, 40.455269494091908 ] ] ] } },
{ "type": "Feature", "properties": { "PV_Area": 0.00288856803563, "Inst_time": 20140725.0, "Inst_year": 2014, "Major_type": "Grassland", "Lat": 40.452886988700001, "Lon": 114.96802830599999, "Province": "河北", "Province_pinyin": "Hebei", "Province code": 13, "City": "张家口市", "City_pinyin": "Zhangjiakou", "City code": 1307, "County": "宣化县", "County_pinyin": "Xuanhua xian", "County code": 130721, "Township": "崞村镇", "Township_pinyin": "guo cun zhen" }, "geometry": { "type": "Polygon", "coordinates": [ [ [ 114.968096861181266, 40.453203369140226 ], [ 114.968276524142311, 40.453113537659704 ], [ 114.968366354723571, 40.452933873799282 ], [ 114.968366355622834, 40.452844043218079 ], [ 114.968276524142311, 40.452754210838236 ], [ 114.968096861181266, 40.452574547877134 ], [ 114.967917198220221, 40.452574547877134 ], [ 114.967737536158438, 40.452664380256977 ], [ 114.967737535259062, 40.453023706179124 ], [ 114.967827365840321, 40.453113537659704 ], [ 114.968007028801367, 40.453203369140226 ], [ 114.968096861181266, 40.453203369140226 ] ] ] } },
{ "type": "Feature", "properties": { "PV_Area": 0.00045620761055899998, "Inst_time": 20141021.0, "Inst_year": 2014, "Major_type": "Grassland", "Lat": 40.435192147400002, "Lon": 114.886529833, "Province": "河北", "Province_pinyin": "Hebei", "Province code": 13, "City": "张家口市", "City_pinyin": "Zhangjiakou", "City code": 1307, "County": "宣化县", "County_pinyin": "Xuanhua xian", "County code": 130721, "Township": "崞村镇", "Township_pinyin": "guo cun zhen" }, "geometry": { "type": "Polygon", "coordinates": [ [ [ 114.886619665165426, 40.435057400178948 ], [ 114.886440002204381, 40.435057400178948 ], [ 114.886440001305118, 40.435326894620516 ], [ 114.886619664266163, 40.435326894620516 ], [ 114.886619665165426, 40.435057400178948 ] ] ] } },
{ "type": "Feature", "properties": { "PV_Area": 0.0057786313647500004, "Inst_time": 20141021.0, "Inst_year": 2014, "Major_type": "Grassland", "Lat": 40.435215984400003, "Lon": 114.88804179900001, "Province": "河北", "Province_pinyin": "Hebei", "Province code": 13, "City": "张家口市", "City_pinyin": "Zhangjiakou", "City code": 1307, "County": "宣化县", "County_pinyin": "Xuanhua xian", "County code": 130721, "Township": "崞村镇", "Township_pinyin": "guo cun zhen" }, "geometry": { "type": "Polygon", "coordinates": [ [ [ 114.888416294776221, 40.43568622144204 ], [ 114.888416294776221, 40.435596389062141 ], [ 114.888506126256743, 40.435506557581618 ], [ 114.888595956838003, 40.435506557581618 ], [ 114.888595957737266, 40.435326894620516 ], [ 114.888506126256743, 40.435147231659471 ], [ 114.888416294776221, 40.435057400178948 ], [ 114.888326462396435, 40.434967568698369 ], [ 114.888146800334653, 40.434877737217846 ], [ 114.88751797997088, 40.434877737217846 ], [ 114.887428147590981, 40.434967568698369 ], [ 114.887428146691718, 40.435237063139994 ], [ 114.887607810552026, 40.435326894620516 ], [ 114.887787474412448, 40.435326894620516 ], [ 114.88796713827287, 40.435416726101096 ], [ 114.88805696885413, 40.435506557581618 ], [ 114.888146800334653, 40.435596389062141 ], [ 114.888146800334653, 40.43568622144204 ], [ 114.888416294776221, 40.43568622144204 ] ] ] } },
{ "type": "Feature", "properties": { "PV_Area": 0.0048662198913600003, "Inst_time": 20161026.0, "Inst_year": 2016, "Major_type": "Grassland", "Lat": 40.435113076900002, "Lon": 114.889387598, "Province": "河北", "Province_pinyin": "Hebei", "Province code": 13, "City": "张家口市", "City_pinyin": "Zhangjiakou", "City code": 1307, "County": "宣化县", "County_pinyin": "Xuanhua xian", "County code": 130721, "Township": "崞村镇", "Township_pinyin": "guo cun zhen" }, "geometry": { "type": "Polygon", "coordinates": [ [ [ 114.889763767883665, 40.435416726101096 ], [ 114.889763766984288, 40.435326894620516 ], [ 114.889853599364187, 40.435237063139994 ], [ 114.889943429945447, 40.435237063139994 ], [ 114.889943429945447, 40.435057400178948 ], [ 114.889853599364187, 40.434967568698369 ], [ 114.889584104922619, 40.434877737217846 ], [ 114.889224779000415, 40.434787905737323 ], [ 114.88904511603937, 40.434787905737323 ], [ 114.88895528365947, 40.434877737217846 ], [ 114.888865453078211, 40.434967568698369 ], [ 114.888865453078211, 40.435057400178948 ], [ 114.88895528365947, 40.435237063139994 ], [ 114.88904511603937, 40.435326894620516 ], [ 114.889224779000415, 40.435416726101096 ], [ 114.889763767883665, 40.435416726101096 ] ] ] } },
{ "type": "Feature", "properties": { "PV_Area": 0.00076035194342199996, "Inst_time": 20161026.0, "Inst_year": 2016, "Major_type": "Grassland", "Lat": 40.434967568799998, "Lon": 114.890437504, "Province": "河北", "Province_pinyin": "Hebei", "Province code": 13, "City": "张家口市", "City_pinyin": "Zhangjiakou", "City code": 1307, "County": "宣化县", "County_pinyin": "Xuanhua xian", "County code": 130721, "Township": "崞村镇", "Township_pinyin": "guo cun zhen" }, "geometry": { "type": "Polygon", "coordinates": [ [ [ 114.890482419727959, 40.435147231659471 ], [ 114.890572252107859, 40.435057400178948 ], [ 114.890572252107859, 40.434877737217846 ], [ 114.890482420627222, 40.434787905737323 ], [ 114.8903925891467, 40.434787905737323 ], [ 114.890302756766914, 40.434877737217846 ], [ 114.890302755867538, 40.435057400178948 ], [ 114.890392588247437, 40.435147231659471 ], [ 114.890482419727959, 40.435147231659471 ] ] ] } },
{ "type": "Feature", "properties": { "PV_Area": 0.013496271655400001, "Inst_time": 20140428.0, "Inst_year": 2014, "Major_type": "Grassland", "Lat": 40.434628402000001, "Lon": 114.912619861, "Province": "河北", "Province_pinyin": "Hebei", "Province code": 13, "City": "张家口市", "City_pinyin": "Zhangjiakou", "City code": 1307, "County": "宣化县", "County_pinyin": "Xuanhua xian", "County code": 130721, "Township": "崞村镇", "Township_pinyin": "guo cun zhen" }, "geometry": { "type": "Polygon", "coordinates": [ [ [ 114.912580975631613, 40.43568622144204 ], [ 114.912760638592658, 40.435596389062141 ], [ 114.912760638592658, 40.435237063139994 ], [ 114.912670808011399, 40.435057400178948 ], [ 114.912760638592658, 40.434698074256801 ], [ 114.913119965414126, 40.434248916854074 ], [ 114.913479290436953, 40.433889590931926 ], [ 114.91347929133633, 40.433620095590982 ], [ 114.913389459855694, 40.433530264110459 ], [ 114.913030133034226, 40.433530264110459 ], [ 114.912940301553704, 40.433620095590982 ], [ 114.912850470972558, 40.433709927071504 ], [ 114.912760638592658, 40.433889590032607 ], [ 114.912760639492035, 40.434069253893028 ], [ 114.912670808011399, 40.434248916854074 ], [ 114.91249114415109, 40.434338748334596 ], [ 114.912131818228886, 40.434428579815176 ], [ 114.912041987647626, 40.434518411295699 ], [ 114.911952156167104, 40.434608242776221 ], [ 114.911952155267841, 40.434787905737323 ], [ 114.911952154368464, 40.434877737217846 ], [ 114.912041985848987, 40.435506557581618 ], [ 114.912131817329623, 40.435596389062141 ], [ 114.912221649709409, 40.435596389062141 ], [ 114.912491145050353, 40.435596389062141 ], [ 114.912491145050353, 40.43568622144204 ], [ 114.912580975631613, 40.43568622144204 ] ] ] } },
{ "type": "Feature", "properties": { "PV_Area": 0.0012546014822600001, "Inst_time": 20141005.0, "Inst_year": 2014, "Major_type": "Grassland", "Lat": 40.433714463999998, "Lon": 114.892597544, "Province": "河北", "Province_pinyin": "Hebei", "Province code": 13, "City": "张家口市", "City_pinyin": "Zhangjiakou", "City code": 1307, "County": "宣化县", "County_pinyin": "Xuanhua xian", "County code": 130721, "Township": "崞村镇", "Township_pinyin": "guo cun zhen" }, "geometry": { "type": "Polygon", "coordinates": [ [ [ 114.892728208540007, 40.433889590032607 ], [ 114.892818040020643, 40.433799758552084 ], [ 114.892818040020643, 40.433620095590982 ], [ 114.89263837795886, 40.433530264110459 ], [ 114.892548544679698, 40.433530264110459 ], [ 114.892368881718539, 40.433620095590982 ], [ 114.892368881718539, 40.433799758552084 ], [ 114.892548544679698, 40.433889590032607 ], [ 114.892728208540007, 40.433889590032607 ] ] ] } },
{ "type": "Feature", "properties": { "PV_Area": 0.0088582073106899997, "Inst_time": 20141005.0, "Inst_year": 2014, "Major_type": "Grassland", "Lat": 40.4339271168, "Lon": 114.891973444, "Province": "河北", "Province_pinyin": "Hebei", "Province code": 13, "City": "张家口市", "City_pinyin": "Zhangjiakou", "City code": 1307, "County": "宣化县", "County_pinyin": "Xuanhua xian", "County code": 130721, "Township": "崞村镇", "Township_pinyin": "guo cun zhen" }, "geometry": { "type": "Polygon", "coordinates": [ [ [ 114.892189219656871, 40.434877737217846 ], [ 114.892189218757494, 40.434787905737323 ], [ 114.892279051137393, 40.434698074256801 ], [ 114.892458714098439, 40.434698074256801 ], [ 114.892548545578961, 40.434608242776221 ], [ 114.892548545578961, 40.434338747435277 ], [ 114.892458714997815, 40.434248916854074 ], [ 114.892279051137393, 40.434159086272871 ], [ 114.892189218757494, 40.433799758552084 ], [ 114.892189218757494, 40.433709927071504 ], [ 114.892099388176234, 40.433350601149357 ], [ 114.892009556695712, 40.433170938188312 ], [ 114.891829891936027, 40.433081106707789 ], [ 114.891650229874244, 40.433081106707789 ], [ 114.891560398393722, 40.433170938188312 ], [ 114.891470566913199, 40.433260769668834 ], [ 114.891380735432676, 40.433350601149357 ], [ 114.891380735432676, 40.433530264110459 ], [ 114.891560398393722, 40.433799758552084 ], [ 114.891829892835403, 40.433889590032607 ], [ 114.892009555796449, 40.433979422412449 ], [ 114.892009555796449, 40.434248916854074 ], [ 114.891919725215189, 40.434338748334596 ], [ 114.891829892835403, 40.434338748334596 ], [ 114.891829892835403, 40.434608242776221 ], [ 114.892009555796449, 40.434787905737323 ], [ 114.892099387276971, 40.434877737217846 ], [ 114.892189219656871, 40.434877737217846 ] ] ] } },
{ "type": "Feature", "properties": { "PV_Area": 0.0027754689436699999, "Inst_time": 20181109.0, "Inst_year": 2018, "Major_type": "Grassland", "Lat": 40.4301753234, "Lon": 114.90785395100001, "Province": "河北", "Province_pinyin": "Hebei", "Province code": 13, "City": "张家口市", "City_pinyin": "Zhangjiakou", "City code": 1307, "County": "宣化县", "County_pinyin": "Xuanhua xian", "County code": 130721, "Township": "崞村镇", "Township_pinyin": "guo cun zhen" }, "geometry": { "type": "Polygon", "coordinates": [ [ [ 114.907730074783217, 40.430475991973481 ], [ 114.907730074783217, 40.430386161392278 ], [ 114.907909736844886, 40.430296329012435 ], [ 114.908179231286567, 40.430296329012435 ], [ 114.90826906276709, 40.430206498431232 ], [ 114.90826906276709, 40.43002683457081 ], [ 114.908179230387191, 40.429937003090288 ], [ 114.907819905364363, 40.429937003090288 ], [ 114.907640242403318, 40.43002683457081 ], [ 114.907550410922795, 40.430116666051333 ], [ 114.907460579442272, 40.430206498431232 ], [ 114.907460579442272, 40.430386161392278 ], [ 114.907550410023418, 40.430475991973481 ], [ 114.907730074783217, 40.430475991973481 ] ] ] } },
{ "type": "Feature", "properties": { "PV_Area": 0.051192800975000001, "Inst_time": 20140629.0, "Inst_year": 2014, "Major_type": "Grassland", "Lat": 40.429304435900001, "Lon": 114.94575857, "Province": "河北", "Province_pinyin": "Hebei", "Province code": 13, "City": "张家口市", "City_pinyin": "Zhangjiakou", "City code": 1307, "County": "宣化县", "County_pinyin": "Xuanhua xian", "County code": 130721, "Township": "崞村镇", "Township_pinyin": "guo cun zhen" }, "geometry": { "type": "Polygon", "coordinates": [ [ [ 114.947348318070453, 40.430592026101181 ], [ 114.947393095315192, 40.430589482818448 ], [ 114.947436606314341, 40.430611238318022 ], [ 114.9476518536502, 40.430619074111007 ], [ 114.947670789775202, 40.430600138885382 ], [ 114.948549719693915, 40.430600138885382 ], [ 114.948538311793754, 40.430502888897252 ], [ 114.948793830770683, 40.430511571851639 ], [ 114.948777861509143, 40.430469893670704 ], [ 114.948670634442237, 40.430390009591349 ], [ 114.948522342532101, 40.430376116864352 ], [ 114.948515497792073, 40.430188563251647 ], [ 114.948442492627009, 40.430058318037027 ], [ 114.948168722808418, 40.430060054627859 ], [ 114.948113968484904, 40.430292759603219 ], [ 114.947769474181996, 40.430292759603219 ], [ 114.94775350402108, 40.430040952128309 ], [ 114.948009022998122, 40.430028795092881 ], [ 114.947997615997224, 40.429813455126919 ], [ 114.94786985650876, 40.429808245354309 ], [ 114.947847042507078, 40.42969015537642 ], [ 114.947577834949129, 40.429686682194699 ], [ 114.947586960370018, 40.42980650876342 ], [ 114.947404355726462, 40.429805508717322 ], [ 114.947406729037425, 40.429726624684008 ], [ 114.94700291725087, 40.429438344304174 ], [ 114.946617358104618, 40.429091018036104 ], [ 114.946243205059886, 40.429068442354776 ], [ 114.946229516479093, 40.429155273696949 ], [ 114.946081224568957, 40.429158746878727 ], [ 114.946082757913018, 40.429308181827196 ], [ 114.946003068986556, 40.429308181827196 ], [ 114.945996812402996, 40.429068442354776 ], [ 114.945766389007758, 40.429071915536554 ], [ 114.945761825847626, 40.428960770123467 ], [ 114.945538247192417, 40.428950350578248 ], [ 114.945501744609942, 40.428043818667334 ], [ 114.945367598136158, 40.428048655221289 ], [ 114.945099988673633, 40.427781046658026 ], [ 114.945010158991749, 40.427691215177504 ], [ 114.944920325712474, 40.427421719836559 ], [ 114.944830495131328, 40.427331889255356 ], [ 114.944381336829338, 40.427331889255356 ], [ 114.944291506248078, 40.427421719836559 ], [ 114.944201673868179, 40.427511552216401 ], [ 114.944113623944645, 40.427951806330839 ], [ 114.943688017088334, 40.427953511445423 ], [ 114.943612730343261, 40.428064658657149 ], [ 114.943605885603233, 40.428160174752293 ], [ 114.943469000693881, 40.428170594297569 ], [ 114.9434735638539, 40.428575235258961 ], [ 114.94424696462579, 40.428575235258961 ], [ 114.94423555672563, 40.428231377676013 ], [ 114.94456762149855, 40.42823682576892 ], [ 114.944650832170282, 40.428320036440596 ], [ 114.944726760131971, 40.428471895961309 ], [ 114.944732906098807, 40.429381035906147 ], [ 114.944869791907422, 40.429374089542648 ], [ 114.944883479588952, 40.429726624684008 ], [ 114.944748876259723, 40.429728361274897 ], [ 114.94476484642064, 40.430063527809637 ], [ 114.944630242192034, 40.430063527809637 ], [ 114.944641649192818, 40.430725173428073 ], [ 114.94518690904863, 40.430716490473685 ], [ 114.945182345888611, 40.430612295021433 ], [ 114.945307823797066, 40.430610558430601 ], [ 114.945303260637047, 40.430384799818682 ], [ 114.945428738545502, 40.430379590046073 ], [ 114.945426457864755, 40.429968014412395 ], [ 114.945282728215375, 40.429973224185005 ], [ 114.945278165055356, 40.429648476296222 ], [ 114.946088069308985, 40.429634583569225 ], [ 114.946195295476514, 40.429733571047507 ], [ 114.946537294160862, 40.429728815432554 ], [ 114.946537293261486, 40.429847172509085 ], [ 114.946627124742122, 40.43002683457081 ], [ 114.946716957121907, 40.430116666051333 ], [ 114.946896620083066, 40.430206498431232 ], [ 114.947166116323274, 40.430206498431232 ], [ 114.947255946005157, 40.430296329012435 ], [ 114.947255946005157, 40.430475991973481 ], [ 114.94730345539017, 40.43052350135855 ], [ 114.946473628455237, 40.430516781624249 ], [ 114.946485035456135, 40.430706070928466 ], [ 114.946615076524608, 40.430699124565024 ], [ 114.946624201945383, 40.430775534563338 ], [ 114.946747399173205, 40.430779007745059 ], [ 114.946742836013186, 40.431020393876111 ], [ 114.947089611896104, 40.43101171092178 ], [ 114.947094174156859, 40.430853681152541 ], [ 114.947187712642858, 40.430858890925151 ], [ 114.947349693133901, 40.430761641836341 ], [ 114.947348318070453, 40.430592026101181 ] ] ] } },
{ "type": "Feature", "properties": { "PV_Area": 0.0101138939478, "Inst_time": 20141013.0, "Inst_year": 2014, "Major_type": "Grassland", "Lat": 40.42656258, "Lon": 114.808144958, "Province": "河北", "Province_pinyin": "Hebei", "Province code": 13, "City": "张家口市", "City_pinyin": "Zhangjiakou", "City code": 1307, "County": "宣化县", "County_pinyin": "Xuanhua xian", "County code": 130721, "Township": "深井镇", "Township_pinyin": "shen jing zhen" }, "geometry": { "type": "Polygon", "coordinates": [ [ [ 114.808556067208769, 40.426972563333209 ], [ 114.808735728371175, 40.426882730953309 ], [ 114.808825560751075, 40.426792900372106 ], [ 114.80900522371212, 40.426613237411004 ], [ 114.80900522371212, 40.426253910589537 ], [ 114.808825560751075, 40.426164079109014 ], [ 114.808556066309507, 40.426164079109014 ], [ 114.808556066309507, 40.426253910589537 ], [ 114.808376403348348, 40.426343742070117 ], [ 114.807837413565835, 40.426343742070117 ], [ 114.80765775060479, 40.426253910589537 ], [ 114.80765775060479, 40.426164079109014 ], [ 114.807388257062485, 40.426164079109014 ], [ 114.807298423783323, 40.426253910589537 ], [ 114.807208594101439, 40.426343742070117 ], [ 114.807208593202063, 40.426613237411004 ], [ 114.807298424682585, 40.426703067992264 ], [ 114.80765775060479, 40.426792900372106 ], [ 114.807837413565835, 40.426882730953309 ], [ 114.808017077426257, 40.426972563333209 ], [ 114.808556067208769, 40.426972563333209 ] ] ] } },
{ "type": "Feature", "properties": { "PV_Area": 0.017794333191299999, "Inst_time": 20171008.0, "Inst_year": 2017, "Major_type": "Grassland", "Lat": 40.4266640389, "Lon": 114.796566884, "Province": "河北", "Province_pinyin": "Hebei", "Province code": 13, "City": "张家口市", "City_pinyin": "Zhangjiakou", "City code": 1307, "County": "宣化县", "County_pinyin": "Xuanhua xian", "County code": 130721, "Township": "深井镇", "Township_pinyin": "shen jing zhen" }, "geometry": { "type": "Polygon", "coordinates": [ [ [ 114.796608473102651, 40.427152226294254 ], [ 114.796788136962959, 40.426972563333209 ], [ 114.796967799024742, 40.426882730953309 ], [ 114.797327124946946, 40.426882730953309 ], [ 114.797327124946946, 40.426972563333209 ], [ 114.797596620287891, 40.427062393914412 ], [ 114.797776283248936, 40.427062393914412 ], [ 114.797866113830196, 40.426972563333209 ], [ 114.797866113830196, 40.426792901271426 ], [ 114.797776283248936, 40.426613237411004 ], [ 114.797686449969774, 40.425984416147912 ], [ 114.797596620287891, 40.42589458376807 ], [ 114.797327124946946, 40.42589458376807 ], [ 114.797147461985787, 40.426074246729172 ], [ 114.797057631404641, 40.426253910589537 ], [ 114.796967799024742, 40.426613237411004 ], [ 114.796788136063697, 40.426792900372106 ], [ 114.796698302784534, 40.426792900372106 ], [ 114.796518640722752, 40.426523405031162 ], [ 114.796428810141492, 40.426433573550639 ], [ 114.796338977761707, 40.426343742070117 ], [ 114.795889822157619, 40.426343742070117 ], [ 114.795171167615308, 40.426523405031162 ], [ 114.795081337034162, 40.426703067992264 ], [ 114.795081337034162, 40.426792900372106 ], [ 114.795260999995207, 40.426972563333209 ], [ 114.795350832375107, 40.427062393914412 ], [ 114.795799988878457, 40.427152226294254 ], [ 114.796608473102651, 40.427152226294254 ] ] ] } },
{ "type": "Feature", "properties": { "PV_Area": 0.027984649911500001, "Inst_time": 20171126.0, "Inst_year": 2017, "Major_type": "Grassland", "Lat": 40.425698159500001, "Lon": 114.793128681, "Province": "河北", "Province_pinyin": "Hebei", "Province code": 13, "City": "张家口市", "City_pinyin": "Zhangjiakou", "City code": 1307, "County": "宣化县", "County_pinyin": "Xuanhua xian", "County code": 130721, "Township": "深井镇", "Township_pinyin": "shen jing zhen" }, "geometry": { "type": "Polygon", "coordinates": [ [ [ 114.792206726958966, 40.426703067992264 ], [ 114.792206727858229, 40.426613237411004 ], [ 114.792386389920011, 40.426523405031162 ], [ 114.792925380601901, 40.426523405031162 ], [ 114.793015212082423, 40.426523405031162 ], [ 114.793554200965673, 40.426523405031162 ], [ 114.793554200965673, 40.426253910589537 ], [ 114.793464368585774, 40.426253910589537 ], [ 114.793374537105251, 40.426164080008334 ], [ 114.793374538004628, 40.425625090225765 ], [ 114.793464368585774, 40.425535257845922 ], [ 114.793554200965673, 40.425445427264719 ], [ 114.794093189848923, 40.425445427264719 ], [ 114.794542348150912, 40.42535559488482 ], [ 114.794811841693218, 40.425265764303617 ], [ 114.795350832375107, 40.42490643838147 ], [ 114.79535083147573, 40.424636943040525 ], [ 114.795081336134785, 40.424636943040525 ], [ 114.794811841693218, 40.424726775420424 ], [ 114.794542348150912, 40.42490643838147 ], [ 114.794093190748185, 40.424996268962673 ], [ 114.79346436948515, 40.425086101342572 ], [ 114.792745716741479, 40.425265764303617 ], [ 114.792476223199174, 40.425265764303617 ], [ 114.792206727858229, 40.425265764303617 ], [ 114.792027064897184, 40.42535559488482 ], [ 114.791937232517284, 40.425535257845922 ], [ 114.791847401936138, 40.425714920807025 ], [ 114.791757569556239, 40.426164079109014 ], [ 114.791757569556239, 40.426613237411004 ], [ 114.791847401936138, 40.426703067992264 ], [ 114.792206726958966, 40.426703067992264 ] ] ] } },
{ "type": "Feature", "properties": { "PV_Area": 0.0040684632895300003, "Inst_time": 20141013.0, "Inst_year": 2014, "Major_type": "Grassland", "Lat": 40.425044682900001, "Lon": 114.892837069, "Province": "河北", "Province_pinyin": "Hebei", "Province code": 13, "City": "张家口市", "City_pinyin": "Zhangjiakou", "City code": 1307, "County": "宣化县", "County_pinyin": "Xuanhua xian", "County code": 130721, "Township": "深井镇", "Township_pinyin": "shen jing zhen" }, "geometry": { "type": "Polygon", "coordinates": [ [ [ 114.892997702981688, 40.425625090225765 ], [ 114.893087533562834, 40.425445427264719 ], [ 114.893087533562834, 40.425265764303617 ], [ 114.892997702981688, 40.424547110660683 ], [ 114.892728207640744, 40.424547110660683 ], [ 114.892638377059484, 40.424636943040525 ], [ 114.892548544679698, 40.424816606001627 ], [ 114.892548544679698, 40.424996268962673 ], [ 114.892548545578961, 40.425086101342572 ], [ 114.892638377059484, 40.425265764303617 ], [ 114.892907869702526, 40.425625090225765 ], [ 114.892997702981688, 40.425625090225765 ] ] ] } },
{ "type": "Feature", "properties": { "PV_Area": 0.0012927931701399999, "Inst_time": 20100828.0, "Inst_year": 2010, "Major_type": "Grassland", "Lat": 40.424473132400003, "Lon": 114.80069140400001, "Province": "河北", "Province_pinyin": "Hebei", "Province code": 13, "City": "张家口市", "City_pinyin": "Zhangjiakou", "City code": 1307, "County": "宣化县", "County_pinyin": "Xuanhua xian", "County code": 130721, "Township": "深井镇", "Township_pinyin": "shen jing zhen" }, "geometry": { "type": "Polygon", "coordinates": [ [ [ 114.800740723006015, 40.424367447699581 ], [ 114.800740723905392, 40.424277617118378 ], [ 114.80056106004497, 40.424277617118378 ], [ 114.800471228564447, 40.424367447699581 ], [ 114.800471228564447, 40.424547110660683 ], [ 114.80056106004497, 40.424636943040525 ], [ 114.800920385967061, 40.424636943040525 ], [ 114.800920385967061, 40.424367447699581 ], [ 114.800740723006015, 40.424367447699581 ] ] ] } },
{ "type": "Feature", "properties": { "PV_Area": 0.010456352281299999, "Inst_time": 20180218.0, "Inst_year": 2018, "Major_type": "Grassland", "Lat": 40.4248435011, "Lon": 114.81132462, "Province": "河北", "Province_pinyin": "Hebei", "Province code": 13, "City": "张家口市", "City_pinyin": "Zhangjiakou", "City code": 1307, "County": "宣化县", "County_pinyin": "Xuanhua xian", "County code": 130721, "Township": "深井镇", "Township_pinyin": "shen jing zhen" }, "geometry": { "type": "Polygon", "coordinates": [ [ [ 114.811251011624904, 40.42535559488482 ], [ 114.811251011624904, 40.425265764303617 ], [ 114.811610338446371, 40.425086101342572 ], [ 114.812059494949835, 40.42490643838147 ], [ 114.812149326430358, 40.424816606001627 ], [ 114.812149327329621, 40.424547110660683 ], [ 114.811969664368576, 40.424367447699581 ], [ 114.811879832888053, 40.424277617118378 ], [ 114.811430674586063, 40.424277617118378 ], [ 114.811340844004803, 40.424367447699581 ], [ 114.811251011624904, 40.42445728007948 ], [ 114.811161181943021, 40.424547110660683 ], [ 114.811161181043758, 40.424726775420424 ], [ 114.811071347764596, 40.424816606001627 ], [ 114.810622191261132, 40.424816606001627 ], [ 114.810622192160508, 40.424726775420424 ], [ 114.810532359780609, 40.424726775420424 ], [ 114.810442528300086, 40.424816606001627 ], [ 114.810442529199463, 40.425175931923775 ], [ 114.810532359780609, 40.425265764303617 ], [ 114.810622191261132, 40.42535559488482 ], [ 114.811251011624904, 40.42535559488482 ] ] ] } },
{ "type": "Feature", "properties": { "PV_Area": 0.016311854291900001, "Inst_time": 20140815.0, "Inst_year": 2014, "Major_type": "Grassland", "Lat": 40.425095034999998, "Lon": 114.899523437, "Province": "河北", "Province_pinyin": "Hebei", "Province code": 13, "City": "张家口市", "City_pinyin": "Zhangjiakou", "City code": 1307, "County": "宣化县", "County_pinyin": "Xuanhua xian", "County code": 130721, "Township": "深井镇", "Township_pinyin": "shen jing zhen" }, "geometry": { "type": "Polygon", "coordinates": [ [ [ 114.899645236138781, 40.425714920807025 ], [ 114.899645236138781, 40.425625090225765 ], [ 114.900453720362975, 40.425625090225765 ], [ 114.900453720362975, 40.42535559488482 ], [ 114.90027405740193, 40.425265764303617 ], [ 114.900184225022031, 40.425175931923775 ], [ 114.900184225022031, 40.42445728007948 ], [ 114.900094394440771, 40.424367447699581 ], [ 114.900004561161609, 40.424277617118378 ], [ 114.899824899999203, 40.424277617118378 ], [ 114.89973506851868, 40.424367447699581 ], [ 114.899735067619304, 40.424816606001627 ], [ 114.899465573177736, 40.424816606001627 ], [ 114.899375740797836, 40.424726775420424 ], [ 114.89928591021669, 40.424636943040525 ], [ 114.899106247255531, 40.424367447699581 ], [ 114.898926583395223, 40.424367447699581 ], [ 114.898746921333441, 40.42445728007948 ], [ 114.898746921333441, 40.424816606001627 ], [ 114.898836751914587, 40.424816606001627 ], [ 114.898836751914587, 40.425265764303617 ], [ 114.898746920434064, 40.425445427264719 ], [ 114.898746921333441, 40.425625090225765 ], [ 114.898836751914587, 40.425714920807025 ], [ 114.899645236138781, 40.425714920807025 ] ] ] } },
{ "type": "Feature", "properties": { "PV_Area": 0.0110267121616, "Inst_time": 20140907.0, "Inst_year": 2014, "Major_type": "Grassland", "Lat": 40.42474567, "Lon": 114.94556979799999, "Province": "河北", "Province_pinyin": "Hebei", "Province code": 13, "City": "张家口市", "City_pinyin": "Zhangjiakou", "City code": 1307, "County": "宣化县", "County_pinyin": "Xuanhua xian", "County code": 130721, "Township": "崞村镇", "Township_pinyin": "guo cun zhen" }, "geometry": { "type": "Polygon", "coordinates": [ [ [ 114.945818642316567, 40.425714920807025 ], [ 114.945908472897713, 40.425625090225765 ], [ 114.945908472897713, 40.42490643838147 ], [ 114.945998305277612, 40.42490643838147 ], [ 114.945998305277612, 40.42445728007948 ], [ 114.945818642316567, 40.424097954157332 ], [ 114.945728809037405, 40.424008121777433 ], [ 114.945638979355522, 40.42391829119623 ], [ 114.945279651634678, 40.42391829119623 ], [ 114.945099988673633, 40.424008121777433 ], [ 114.945010158092373, 40.424097954157332 ], [ 114.945010158991749, 40.424277617118378 ], [ 114.945099987774256, 40.424367447699581 ], [ 114.945279651634678, 40.424367447699581 ], [ 114.945369484014577, 40.42445728007948 ], [ 114.945369484014577, 40.424726775420424 ], [ 114.945279652534055, 40.424726775420424 ], [ 114.945189821053418, 40.42490643838147 ], [ 114.945189821053418, 40.425175931923775 ], [ 114.945279651634678, 40.42535559488482 ], [ 114.945369484014577, 40.425445427264719 ], [ 114.945549146975623, 40.425535257845922 ], [ 114.945549146975623, 40.425625090225765 ], [ 114.945638980254785, 40.425714920807025 ], [ 114.945818642316567, 40.425714920807025 ] ] ] } },
{ "type": "Feature", "properties": { "PV_Area": 0.030836769109499999, "Inst_time": 20170925.0, "Inst_year": 2017, "Major_type": "Grassland", "Lat": 40.4247400665, "Lon": 114.813946401, "Province": "河北", "Province_pinyin": "Hebei", "Province code": 13, "City": "张家口市", "City_pinyin": "Zhangjiakou", "City code": 1307, "County": "宣化县", "County_pinyin": "Xuanhua xian", "County code": 130721, "Township": "深井镇", "Township_pinyin": "shen jing zhen" }, "geometry": { "type": "Polygon", "coordinates": [ [ [ 114.814484947622304, 40.425804753186867 ], [ 114.814484946722928, 40.425714920807025 ], [ 114.81466460878471, 40.425625090225765 ], [ 114.814754442063872, 40.425535257845922 ], [ 114.814934105924294, 40.425175931923775 ], [ 114.815023935606177, 40.424996268962673 ], [ 114.815023935606177, 40.424547110660683 ], [ 114.814934105025031, 40.42445728007948 ], [ 114.814664609684087, 40.424008121777433 ], [ 114.814574779102827, 40.42391829209555 ], [ 114.814395116141782, 40.423828458816388 ], [ 114.813766294878633, 40.423738628235185 ], [ 114.813496799537688, 40.423738628235185 ], [ 114.813137473615598, 40.423828458816388 ], [ 114.812957810654552, 40.424008121777433 ], [ 114.812957810654552, 40.424187784738535 ], [ 114.813047643034338, 40.424367447699581 ], [ 114.813227305995383, 40.424367447699581 ], [ 114.813406969855805, 40.42445728007948 ], [ 114.813496801336328, 40.424547110660683 ], [ 114.813496800437065, 40.424816606001627 ], [ 114.813317136576643, 40.42490643838147 ], [ 114.812778147693393, 40.42490643838147 ], [ 114.812688317112247, 40.424996268962673 ], [ 114.812598484732348, 40.425086101342572 ], [ 114.812598484732348, 40.42535559488482 ], [ 114.81277814859277, 40.425535257845922 ], [ 114.813047643034338, 40.425535257845922 ], [ 114.813227305995383, 40.425445427264719 ], [ 114.81322730689476, 40.42535559488482 ], [ 114.813766295778009, 40.42535559488482 ], [ 114.813856126359155, 40.425445427264719 ], [ 114.814125620800837, 40.425804753186867 ], [ 114.814484947622304, 40.425804753186867 ] ] ] } },
{ "type": "Feature", "properties": { "PV_Area": 0.020800479011999998, "Inst_time": 20151218.0, "Inst_year": 2015, "Major_type": "Grassland", "Lat": 40.418771562899998, "Lon": 114.78739458299999, "Province": "河北", "Province_pinyin": "Hebei", "Province code": 13, "City": "张家口市", "City_pinyin": "Zhangjiakou", "City code": 1307, "County": "宣化县", "County_pinyin": "Xuanhua xian", "County code": 130721, "Township": "深井镇", "Township_pinyin": "shen jing zhen" }, "geometry": { "type": "Polygon", "coordinates": [ [ [ 114.788972792760205, 40.419426713572022 ], [ 114.788972792760205, 40.419247050610977 ], [ 114.788972792760205, 40.419067387649875 ], [ 114.788972792760205, 40.41879789410757 ], [ 114.788882962179059, 40.418708060828408 ], [ 114.78879312979916, 40.418618231146525 ], [ 114.788164309435388, 40.418618231146525 ], [ 114.78789481499382, 40.418528398766625 ], [ 114.787715152032661, 40.418438568185422 ], [ 114.787086330769625, 40.41834873580558 ], [ 114.78681683722732, 40.418258905224377 ], [ 114.786547341886376, 40.418258905224377 ], [ 114.785828689142704, 40.418258905224377 ], [ 114.785738857662182, 40.41834873580558 ], [ 114.785649026181659, 40.418438568185422 ], [ 114.785649026181659, 40.418528398766625 ], [ 114.785738857662182, 40.418708061727727 ], [ 114.785828690042081, 40.41879789410757 ], [ 114.786008353003126, 40.418887724688773 ], [ 114.786277847444808, 40.418977557068672 ], [ 114.787355825211193, 40.418977557068672 ], [ 114.787984645574966, 40.419157220029717 ], [ 114.788164308536125, 40.419247050610977 ], [ 114.788164309435388, 40.41933688299082 ], [ 114.78834397149717, 40.419426713572022 ], [ 114.788972792760205, 40.419426713572022 ] ] ] } },
{ "type": "Feature", "properties": { "PV_Area": 0.017644650717600002, "Inst_time": 20151129.0, "Inst_year": 2015, "Major_type": "Woodland", "Lat": 40.417383176199998, "Lon": 114.781515356, "Province": "河北", "Province_pinyin": "Hebei", "Province code": 13, "City": "张家口市", "City_pinyin": "Zhangjiakou", "City code": 1307, "County": "宣化县", "County_pinyin": "Xuanhua xian", "County code": 130721, "Township": "深井镇", "Township_pinyin": "shen jing zhen" }, "geometry": { "type": "Polygon", "coordinates": [ [ [ 114.781876102200386, 40.41834873580558 ], [ 114.781876102200386, 40.418258905224377 ], [ 114.781965934580285, 40.418169072844478 ], [ 114.782055765161545, 40.418079241363955 ], [ 114.782145596642067, 40.418079241363955 ], [ 114.782145596642067, 40.41780974692233 ], [ 114.782055765161545, 40.417719915441808 ], [ 114.781965933680908, 40.417630083961285 ], [ 114.781606607758818, 40.417630083961285 ], [ 114.781516776278295, 40.417540251581386 ], [ 114.781516777177558, 40.41736058862034 ], [ 114.781606606859441, 40.417270758039081 ], [ 114.782145596642067, 40.417270758039081 ], [ 114.782325259603112, 40.417091095078035 ], [ 114.782325259603112, 40.416821599737091 ], [ 114.78223542812259, 40.416641936775989 ], [ 114.782055765161545, 40.416552105295466 ], [ 114.781606606859441, 40.416552105295466 ], [ 114.781426944797772, 40.416641936775989 ], [ 114.781067618875568, 40.416821599737091 ], [ 114.780887955015146, 40.416911432116933 ], [ 114.780798124434, 40.417001262698193 ], [ 114.780708292953364, 40.417091095078035 ], [ 114.780708292054101, 40.4172707589384 ], [ 114.780798124434, 40.417630083961285 ], [ 114.780887955015146, 40.41780974692233 ], [ 114.78124728093735, 40.418169072844478 ], [ 114.781426945697035, 40.418258905224377 ], [ 114.781606606859441, 40.41834873580558 ], [ 114.781876102200386, 40.41834873580558 ] ] ] } },
{ "type": "Feature", "properties": { "PV_Area": 0.0014070307182300001, "Inst_time": 20140628.0, "Inst_year": 2014, "Major_type": "Grassland", "Lat": 40.416314982599999, "Lon": 114.940730616, "Province": "河北", "Province_pinyin": "Hebei", "Province code": 13, "City": "张家口市", "City_pinyin": "Zhangjiakou", "City code": 1307, "County": "宣化县", "County_pinyin": "Xuanhua xian", "County code": 130721, "Township": "深井镇", "Township_pinyin": "shen jing zhen" }, "geometry": { "type": "Polygon", "coordinates": [ [ [ 114.940788074909847, 40.416552105295466 ], [ 114.940877908189009, 40.416462273814943 ], [ 114.940967738770155, 40.416372442334421 ], [ 114.940967738770155, 40.416282610853841 ], [ 114.940877908189009, 40.416192779373318 ], [ 114.94078807580911, 40.416102947892796 ], [ 114.940608413747327, 40.416102947892796 ], [ 114.940518581367542, 40.416192779373318 ], [ 114.940518580468165, 40.416372442334421 ], [ 114.940608412848064, 40.416462273814943 ], [ 114.940698244328587, 40.416552105295466 ], [ 114.940788074909847, 40.416552105295466 ] ] ] } },
{ "type": "Feature", "properties": { "PV_Area": 0.016740147539000001, "Inst_time": 20140823.0, "Inst_year": 2014, "Major_type": "Grassland", "Lat": 40.415151508400001, "Lon": 114.92939593200001, "Province": "河北", "Province_pinyin": "Hebei", "Province code": 13, "City": "张家口市", "City_pinyin": "Zhangjiakou", "City code": 1307, "County": "宣化县", "County_pinyin": "Xuanhua xian", "County code": 130721, "Township": "深井镇", "Township_pinyin": "shen jing zhen" }, "geometry": { "type": "Polygon", "coordinates": [ [ [ 114.929053874636679, 40.414665643304829 ], [ 114.928840482602254, 40.414665643304829 ], [ 114.928840483501517, 40.414755474785409 ], [ 114.928750650222355, 40.414845306265931 ], [ 114.928481157579427, 40.415024969226977 ], [ 114.928121829858583, 40.415204633087399 ], [ 114.9280320001767, 40.415294463668602 ], [ 114.9280320001767, 40.415384296048501 ], [ 114.928211662238482, 40.415563959009546 ], [ 114.928660818741832, 40.415563959009546 ], [ 114.928660819641209, 40.415552195877183 ], [ 114.929176610512172, 40.415566907886557 ], [ 114.929191884597913, 40.415668084314689 ], [ 114.929426870253906, 40.415744511400135 ], [ 114.929837525881226, 40.415716719650959 ], [ 114.929896842465382, 40.415642029156345 ], [ 114.930088481698135, 40.415642029156345 ], [ 114.930097608018286, 40.415563864580747 ], [ 114.930186583344152, 40.415562127989858 ], [ 114.930191145604908, 40.415417957672673 ], [ 114.930556172329602, 40.415409272919646 ], [ 114.930551610068846, 40.415454435074196 ], [ 114.931055803282788, 40.415456171665028 ], [ 114.931048959442023, 40.415334582425089 ], [ 114.93074096772159, 40.415351951931086 ], [ 114.930743249301599, 40.415272050764599 ], [ 114.930836786888221, 40.415261628521364 ], [ 114.930834506207589, 40.415200834351083 ], [ 114.930622333653787, 40.415207781613901 ], [ 114.930877852630829, 40.414886436759673 ], [ 114.930877852630829, 40.414863855682427 ], [ 114.930727279140683, 40.414862119091595 ], [ 114.930524232907032, 40.415093140536044 ], [ 114.93041928742025, 40.415272050764599 ], [ 114.930378222577019, 40.415292894351637 ], [ 114.930366814676859, 40.415350215340197 ], [ 114.929823837300319, 40.415362374174265 ], [ 114.929828400460337, 40.415239047444118 ], [ 114.929707484812639, 40.415233836772188 ], [ 114.929693796231732, 40.41515567219659 ], [ 114.929577444643428, 40.415162620358672 ], [ 114.929568318323277, 40.415032345466443 ], [ 114.929451966734973, 40.415020186632375 ], [ 114.929454247415606, 40.414799586531728 ], [ 114.929823837300319, 40.414794375859799 ], [ 114.929828400460337, 40.41462067540391 ], [ 114.930188864024899, 40.414624149484951 ], [ 114.930702183558992, 40.414358386330491 ], [ 114.930697620398973, 40.414294116280473 ], [ 114.930177457024115, 40.414316697357776 ], [ 114.930161487762462, 40.414420918890357 ], [ 114.929691515551099, 40.414545984010033 ], [ 114.929682389230948, 40.414608515670523 ], [ 114.929052718108551, 40.414585934593276 ], [ 114.929053874636679, 40.414665643304829 ] ] ] } },
{ "type": "Feature", "properties": { "PV_Area": 0.0035746868395299999, "Inst_time": 20140822.0, "Inst_year": 2014, "Major_type": "Grassland", "Lat": 40.415012545899998, "Lon": 114.931414061, "Province": "河北", "Province_pinyin": "Hebei", "Province code": 13, "City": "张家口市", "City_pinyin": "Zhangjiakou", "City code": 1307, "County": "宣化县", "County_pinyin": "Xuanhua xian", "County code": 130721, "Township": "深井镇", "Township_pinyin": "shen jing zhen" }, "geometry": { "type": "Polygon", "coordinates": [ [ [ 114.931445596437243, 40.415384296048501 ], [ 114.931535428817028, 40.415204633087399 ], [ 114.931715090878811, 40.415114800707556 ], [ 114.93180492325871, 40.414935137746454 ], [ 114.931804924157973, 40.414845306265931 ], [ 114.931715091778074, 40.414755474785409 ], [ 114.931625259398288, 40.414665643304829 ], [ 114.931355764956606, 40.414665643304829 ], [ 114.931176101995561, 40.414845306265931 ], [ 114.931086271414301, 40.414935137746454 ], [ 114.931086271414301, 40.415294463668602 ], [ 114.931176101995561, 40.415384296048501 ], [ 114.931445596437243, 40.415384296048501 ] ] ] } },
{ "type": "Feature", "properties": { "PV_Area": 0.035318015505099998, "Inst_time": 20140628.0, "Inst_year": 2014, "Major_type": "Grassland", "Lat": 40.415416584799999, "Lon": 114.938244025, "Province": "河北", "Province_pinyin": "Hebei", "Province code": 13, "City": "张家口市", "City_pinyin": "Zhangjiakou", "City code": 1307, "County": "宣化县", "County_pinyin": "Xuanhua xian", "County code": 130721, "Township": "深井镇", "Township_pinyin": "shen jing zhen" }, "geometry": { "type": "Polygon", "coordinates": [ [ [ 114.939489457472519, 40.416690790647522 ], [ 114.939825575489976, 40.416689421879369 ], [ 114.939818731649211, 40.416762373984398 ], [ 114.939889761003769, 40.41676148815219 ], [ 114.940097064627935, 40.416758900802677 ], [ 114.940093138187876, 40.416594507430602 ], [ 114.940087938307784, 40.416376768972782 ], [ 114.940026340143504, 40.416369821709964 ], [ 114.94001493314272, 40.416255181531483 ], [ 114.940222069492961, 40.416260394901371 ], [ 114.940221255606502, 40.416075115674118 ], [ 114.94022026095638, 40.415848730234757 ], [ 114.94002122390043, 40.415875084867309 ], [ 114.9400208380913, 40.415874698158859 ], [ 114.939857515811809, 40.415885206736959 ], [ 114.939830138649995, 40.41577751382124 ], [ 114.939697816001512, 40.415772303149311 ], [ 114.939690898416302, 40.415616933574654 ], [ 114.939684127420605, 40.415464856418055 ], [ 114.939430890023573, 40.415308527266745 ], [ 114.939275753373408, 40.415313738838051 ], [ 114.939290248646103, 40.415474126629704 ], [ 114.938811782337893, 40.415474126629704 ], [ 114.938721949958108, 40.415384296048501 ], [ 114.938632119376848, 40.415294463668602 ], [ 114.938542287896325, 40.415114800707556 ], [ 114.938452455516426, 40.414665643304829 ], [ 114.93836262493528, 40.414575811824307 ], [ 114.938272792555381, 40.414485980343784 ], [ 114.938003298113813, 40.414485980343784 ], [ 114.938003299013076, 40.414575811824307 ], [ 114.937643973990248, 40.414575810924987 ], [ 114.937554139811709, 40.414485980343784 ], [ 114.937464309230563, 40.414396148863204 ], [ 114.937374478649303, 40.414216485902159 ], [ 114.937194814788882, 40.414126654421636 ], [ 114.937015151827836, 40.414126654421636 ], [ 114.936835488866791, 40.414306317382682 ], [ 114.936296499983541, 40.414396148863204 ], [ 114.936206667603642, 40.414485980343784 ], [ 114.936206667603642, 40.414665644204149 ], [ 114.936296499983541, 40.414755474785409 ], [ 114.936363079492594, 40.414810957559723 ], [ 114.936636152336632, 40.414794375859799 ], [ 114.936636152336632, 40.415038519312247 ], [ 114.936641682267918, 40.415043126539103 ], [ 114.936608776074195, 40.415247733096464 ], [ 114.936501549007289, 40.415247733096464 ], [ 114.936508392848168, 40.415360637583433 ], [ 114.937544157337015, 40.415341530587227 ], [ 114.937555963636896, 40.415114800707556 ], [ 114.937564689758688, 40.414947231829331 ], [ 114.938046068970948, 40.414909017836976 ], [ 114.938050983765947, 40.415389834073608 ], [ 114.938093129594336, 40.415474126629704 ], [ 114.938093129594336, 40.415813062223094 ], [ 114.937790549993906, 40.415817464404483 ], [ 114.937797394734048, 40.416236075434597 ], [ 114.937918309482484, 40.416236075434597 ], [ 114.937927435802635, 40.416461880811198 ], [ 114.93821261262201, 40.416461880811198 ], [ 114.938351779111372, 40.416383717134863 ], [ 114.938374593113053, 40.416321186373693 ], [ 114.938579920926713, 40.416321186373693 ], [ 114.938579920926713, 40.416248234268664 ], [ 114.938459006178277, 40.416241286106526 ], [ 114.938464192568517, 40.4161419955567 ], [ 114.938542287896325, 40.416102948792116 ], [ 114.938542287896325, 40.416013116412273 ], [ 114.93890161381853, 40.416013116412273 ], [ 114.939081275880199, 40.416102947892796 ], [ 114.93926093974062, 40.416192779373318 ], [ 114.93935077212052, 40.416282610853841 ], [ 114.939440602701666, 40.416372442334421 ], [ 114.939440603601042, 40.416641936775989 ], [ 114.939489457472519, 40.416690790647522 ] ] ] } },
{ "type": "Feature", "properties": { "PV_Area": 0.0202693496398, "Inst_time": 20160925.0, "Inst_year": 2016, "Major_type": "Grassland", "Lat": 40.414566317599999, "Lon": 114.782667844, "Province": "河北", "Province_pinyin": "Hebei", "Province code": 13, "City": "张家口市", "City_pinyin": "Zhangjiakou", "City code": 1307, "County": "宣化县", "County_pinyin": "Xuanhua xian", "County code": 130721, "Township": "深井镇", "Township_pinyin": "shen jing zhen" }, "geometry": { "type": "Polygon", "coordinates": [ [ [ 114.782504922564158, 40.415653789590749 ], [ 114.782504922564158, 40.415474126629704 ], [ 114.78259475404468, 40.415294463668602 ], [ 114.782774417905102, 40.415114800707556 ], [ 114.783043912346784, 40.415114800707556 ], [ 114.783043912346784, 40.414665643304829 ], [ 114.783582902129297, 40.414665643304829 ], [ 114.783762564191079, 40.414845306265931 ], [ 114.783852395671602, 40.414935137746454 ], [ 114.784211721593692, 40.414935137746454 ], [ 114.784301553973592, 40.414845306265931 ], [ 114.784301553973592, 40.414485980343784 ], [ 114.78412189011317, 40.414306317382682 ], [ 114.783043912346784, 40.414306317382682 ], [ 114.782864249385625, 40.414216485902159 ], [ 114.78223542812259, 40.414126654421636 ], [ 114.782055765161545, 40.414036822941057 ], [ 114.781876102200386, 40.413857159980012 ], [ 114.78169643923934, 40.413767327600169 ], [ 114.781516776278295, 40.413677497018909 ], [ 114.781157450356091, 40.413677497018909 ], [ 114.781067618875568, 40.413767327600169 ], [ 114.781067618875568, 40.413946990561215 ], [ 114.781157450356091, 40.414036822941057 ], [ 114.781337113317136, 40.414126654421636 ], [ 114.78169643923934, 40.414126654421636 ], [ 114.781786271619239, 40.414216485902159 ], [ 114.781876102200386, 40.414306317382682 ], [ 114.782055765161545, 40.414755474785409 ], [ 114.782145596642067, 40.414845306265931 ], [ 114.782145595742691, 40.415563959009546 ], [ 114.782235427223213, 40.415653789590749 ], [ 114.782504922564158, 40.415653789590749 ] ] ] } },
{ "type": "Feature", "properties": { "PV_Area": 0.0023578197261500001, "Inst_time": 20161018.0, "Inst_year": 2016, "Major_type": "Grassland", "Lat": 40.413615676799999, "Lon": 114.77989497900001, "Province": "河北", "Province_pinyin": "Hebei", "Province code": 13, "City": "张家口市", "City_pinyin": "Zhangjiakou", "City code": 1307, "County": "宣化县", "County_pinyin": "Xuanhua xian", "County code": 130721, "Township": "深井镇", "Township_pinyin": "shen jing zhen" }, "geometry": { "type": "Polygon", "coordinates": [ [ [ 114.77980997724876, 40.413857159980012 ], [ 114.779809978148023, 40.413767327600169 ], [ 114.780169303170851, 40.413767327600169 ], [ 114.780259134651374, 40.413677497018909 ], [ 114.780259134651374, 40.413497833158544 ], [ 114.780169303170851, 40.413408001677965 ], [ 114.77980997724876, 40.413408001677965 ], [ 114.779630314287601, 40.413497833158544 ], [ 114.779540482807079, 40.413587664639067 ], [ 114.779540482807079, 40.413767327600169 ], [ 114.779630314287601, 40.413857159980012 ], [ 114.77980997724876, 40.413857159980012 ] ] ] } },
{ "type": "Feature", "properties": { "PV_Area": 0.00015211693233499999, "Inst_time": 20140628.0, "Inst_year": 2014, "Major_type": "Grassland", "Lat": 40.413408001800001, "Lon": 114.93697023599999, "Province": "河北", "Province_pinyin": "Hebei", "Province code": 13, "City": "张家口市", "City_pinyin": "Zhangjiakou", "City code": 1307, "County": "宣化县", "County_pinyin": "Xuanhua xian", "County code": 130721, "Township": "深井镇", "Township_pinyin": "shen jing zhen" }, "geometry": { "type": "Polygon", "coordinates": [ [ [ 114.937015151827836, 40.413318170197442 ], [ 114.93692532124669, 40.413318170197442 ], [ 114.936925320347314, 40.413497833158544 ], [ 114.937015151827836, 40.413497833158544 ], [ 114.937015151827836, 40.413318170197442 ] ] ] } },
{ "type": "Feature", "properties": { "PV_Area": 0.00174935996964, "Inst_time": 20201005.0, "Inst_year": 2020, "Major_type": "Cropland", "Lat": 40.413204904499999, "Lon": 114.78092180500001, "Province": "河北", "Province_pinyin": "Hebei", "Province code": 13, "City": "张家口市", "City_pinyin": "Zhangjiakou", "City code": 1307, "County": "宣化县", "County_pinyin": "Xuanhua xian", "County code": 130721, "Township": "深井镇", "Township_pinyin": "shen jing zhen" }, "geometry": { "type": "Polygon", "coordinates": [ [ [ 114.780887955015146, 40.413408001677965 ], [ 114.780887954115883, 40.413318170197442 ], [ 114.781247281836613, 40.413318170197442 ], [ 114.78124728093735, 40.413048675755817 ], [ 114.780708292054101, 40.413048675755817 ], [ 114.780618460573578, 40.413138507236397 ], [ 114.780618459674201, 40.413318170197442 ], [ 114.780708292054101, 40.413408001677965 ], [ 114.780887955015146, 40.413408001677965 ] ] ] } },
{ "type": "Feature", "properties": { "PV_Area": 0.13576234977400001, "Inst_time": 20151024.0, "Inst_year": 2015, "Major_type": "Cropland", "Lat": 40.414851261599999, "Lon": 114.788800243, "Province": "河北", "Province_pinyin": "Hebei", "Province code": 13, "City": "张家口市", "City_pinyin": "Zhangjiakou", "City code": 1307, "County": "宣化县", "County_pinyin": "Xuanhua xian", "County code": 130721, "Township": "深井镇", "Township_pinyin": "shen jing zhen" }, "geometry": { "type": "Polygon", "coordinates": [ [ [ 114.791128750091843, 40.417001262698193 ], [ 114.791128749192467, 40.416911432116933 ], [ 114.791398244533411, 40.416821599737091 ], [ 114.791667738974979, 40.416821599737091 ], [ 114.791847401936138, 40.416731769155888 ], [ 114.792206726958966, 40.416552106194786 ], [ 114.792206727858229, 40.416282610853841 ], [ 114.791398243634148, 40.416192779373318 ], [ 114.790949087130684, 40.415833452551851 ], [ 114.790859254750899, 40.415743621970648 ], [ 114.790859255650162, 40.415563959009546 ], [ 114.791398242734772, 40.415563959009546 ], [ 114.791577907494457, 40.415474126629704 ], [ 114.792116896377706, 40.415024969226977 ], [ 114.792116896377706, 40.414845306265931 ], [ 114.792027064897184, 40.414755474785409 ], [ 114.791488076913311, 40.414755474785409 ], [ 114.791038917711944, 40.414665643304829 ], [ 114.790859255650162, 40.414575811824307 ], [ 114.790499928828694, 40.414485980343784 ], [ 114.79023043348775, 40.414485981243104 ], [ 114.790230434387126, 40.414036822941057 ], [ 114.790140602906604, 40.413946990561215 ], [ 114.790050771425967, 40.413857159980012 ], [ 114.789781276085137, 40.413767327600169 ], [ 114.789511781643455, 40.413767327600169 ], [ 114.789511781643455, 40.413857159980012 ], [ 114.78933211868241, 40.413857159980012 ], [ 114.789152455721364, 40.413677497018909 ], [ 114.789062625140105, 40.413497833158544 ], [ 114.789062625140105, 40.412958844275295 ], [ 114.788972792760205, 40.41268934983367 ], [ 114.788882962179059, 40.412599518353147 ], [ 114.78879312979916, 40.412509686872625 ], [ 114.788523635357592, 40.412509686872625 ], [ 114.788433803876956, 40.412599518353147 ], [ 114.788343972396433, 40.412779181314193 ], [ 114.78825414091591, 40.412869012794772 ], [ 114.788074477954865, 40.412869012794772 ], [ 114.787984645574966, 40.412779181314193 ], [ 114.787984645574966, 40.412599518353147 ], [ 114.78780498261392, 40.412509686872625 ], [ 114.787625320552138, 40.412509686872625 ], [ 114.787445656691716, 40.412599518353147 ], [ 114.78735582611057, 40.41268934983367 ], [ 114.787265994630047, 40.412779181314193 ], [ 114.787176162250148, 40.412869012794772 ], [ 114.787086330769625, 40.412958844275295 ], [ 114.786996498389726, 40.413048675755817 ], [ 114.786906668707843, 40.41322833871692 ], [ 114.786816836327944, 40.413408001677965 ], [ 114.786816836327944, 40.413677497018909 ], [ 114.78690666780858, 40.413677497018909 ], [ 114.78690666780858, 40.414126654421636 ], [ 114.786816836327944, 40.414216485902159 ], [ 114.786637173366898, 40.414216485902159 ], [ 114.786457509506477, 40.414306317382682 ], [ 114.78636767892533, 40.414396148863204 ], [ 114.786277848344071, 40.414485980343784 ], [ 114.786277847444808, 40.414845306265931 ], [ 114.78636767892533, 40.414935137746454 ], [ 114.786637173366898, 40.415024969226977 ], [ 114.786637173366898, 40.415294463668602 ], [ 114.786457510405853, 40.415294463668602 ], [ 114.786188015964171, 40.415204633087399 ], [ 114.785918521522603, 40.415114800707556 ], [ 114.785828690042081, 40.415024969226977 ], [ 114.785828690042081, 40.414755474785409 ], [ 114.785738858561558, 40.414665643304829 ], [ 114.785649026181659, 40.414665643304829 ], [ 114.785469363220614, 40.414755474785409 ], [ 114.785379532639354, 40.414845305366612 ], [ 114.785289700259568, 40.415024969226977 ], [ 114.785289700259568, 40.415294463668602 ], [ 114.785379531740091, 40.415474126629704 ], [ 114.785918520623341, 40.415743621970648 ], [ 114.787355825211193, 40.415743621970648 ], [ 114.787535489071615, 40.415833452551851 ], [ 114.787535489071615, 40.415923284931694 ], [ 114.787715152032661, 40.416013116412273 ], [ 114.78888296038042, 40.416013116412273 ], [ 114.788882961279683, 40.416102947892796 ], [ 114.789421951062309, 40.416102947892796 ], [ 114.7896914446045, 40.416013116412273 ], [ 114.789781276984399, 40.415923284931694 ], [ 114.789960939046182, 40.415743621970648 ], [ 114.789960939945445, 40.415474126629704 ], [ 114.789871106666283, 40.415474126629704 ], [ 114.789871107565659, 40.415384296048501 ], [ 114.789960940844821, 40.415294463668602 ], [ 114.790140602906604, 40.415294463668602 ], [ 114.790320265867649, 40.415474126629704 ], [ 114.790320265867649, 40.415743621970648 ], [ 114.790230434387126, 40.415923284931694 ], [ 114.790230434387126, 40.416013116412273 ], [ 114.790320265867649, 40.416192779373318 ], [ 114.790320265867649, 40.416372442334421 ], [ 114.790230434387126, 40.416462273814943 ], [ 114.789960939945445, 40.416462272915624 ], [ 114.789871107565659, 40.416552105295466 ], [ 114.789781277883776, 40.416641936775989 ], [ 114.789781276984399, 40.416731769155888 ], [ 114.789960940844821, 40.416911432116933 ], [ 114.790050772325344, 40.417001262698193 ], [ 114.791128750091843, 40.417001262698193 ] ] ] } },
{ "type": "Feature", "properties": { "PV_Area": 0.0242591463182, "Inst_time": 20140513.0, "Inst_year": 2014, "Major_type": "Grassland", "Lat": 40.412385026099997, "Lon": 114.92849251200001, "Province": "河北", "Province_pinyin": "Hebei", "Province code": 13, "City": "张家口市", "City_pinyin": "Zhangjiakou", "City code": 1307, "County": "宣化县", "County_pinyin": "Xuanhua xian", "County code": 130721, "Township": "深井镇", "Township_pinyin": "shen jing zhen" }, "geometry": { "type": "Polygon", "coordinates": [ [ [ 114.928091410290449, 40.412480697226442 ], [ 114.928031999277437, 40.412599518353147 ], [ 114.928031999277437, 40.41268934983367 ], [ 114.928047013458922, 40.412704364015212 ], [ 114.927905164291928, 40.412859323499049 ], [ 114.927864099448698, 40.413154622188131 ], [ 114.927763717121934, 40.41316504443131 ], [ 114.92761770589243, 40.413456868140031 ], [ 114.928128743846514, 40.413495083031705 ], [ 114.928407076825238, 40.41316851941167 ], [ 114.928274754176641, 40.413095562810042 ], [ 114.92816068326897, 40.412963546830269 ], [ 114.928201326330168, 40.412858676886458 ], [ 114.928211662238482, 40.412869012794772 ], [ 114.929020146462676, 40.412869012794772 ], [ 114.929020146462676, 40.412958844275295 ], [ 114.929469302966027, 40.412958844275295 ], [ 114.929559135345926, 40.412869012794772 ], [ 114.929648965027809, 40.412779181314193 ], [ 114.929738798306971, 40.412419855392045 ], [ 114.929738798306971, 40.412240192431 ], [ 114.929559135345926, 40.412060528570578 ], [ 114.92946930206665, 40.411970697989375 ], [ 114.928930314082777, 40.411880865609533 ], [ 114.928750651121732, 40.411791034128953 ], [ 114.928570988160686, 40.411791034128953 ], [ 114.928525078669509, 40.411813988424854 ], [ 114.928283880496792, 40.411803185768463 ], [ 114.928229126173278, 40.411327223172862 ], [ 114.928320383079267, 40.411229946205083 ], [ 114.92813330610727, 40.411243842529359 ], [ 114.927959918615443, 40.411361964882815 ], [ 114.927973607196236, 40.411813608011641 ], [ 114.927622269052563, 40.411789289444187 ], [ 114.927613142732412, 40.412018583291058 ], [ 114.926983471610015, 40.411980367500007 ], [ 114.926969783029108, 40.412133230664097 ], [ 114.927083853936779, 40.412230506732556 ], [ 114.92759032873073, 40.412244403056832 ], [ 114.927599455050881, 40.41251191179532 ], [ 114.928091410290449, 40.412480697226442 ] ] ] } },
{ "type": "Feature", "properties": { "PV_Area": 0.0240842706843, "Inst_time": 20200307.0, "Inst_year": 2020, "Major_type": "Cropland", "Lat": 40.380410549399997, "Lon": 114.95007062000001, "Province": "河北", "Province_pinyin": "Hebei", "Province code": 13, "City": "张家口市", "City_pinyin": "Zhangjiakou", "City code": 1307, "County": "宣化县", "County_pinyin": "Xuanhua xian", "County code": 130721, "Township": "深井镇", "Township_pinyin": "shen jing zhen" }, "geometry": { "type": "Polygon", "coordinates": [ [ [ 114.950759375544862, 40.38169747196082 ], [ 114.950759376444125, 40.381607641379617 ], [ 114.950939039405171, 40.381517808999718 ], [ 114.951208532947476, 40.381427978418515 ], [ 114.951298364427998, 40.381338146038672 ], [ 114.951388195009258, 40.38124831455815 ], [ 114.951388195009258, 40.381068651597047 ], [ 114.951298365327375, 40.380978820116525 ], [ 114.95111870236633, 40.380888988635945 ], [ 114.95102886998643, 40.380799157155423 ], [ 114.950939039405171, 40.3807093256749 ], [ 114.950939039405171, 40.380439831233275 ], [ 114.950849207025385, 40.380260168272173 ], [ 114.950759376444125, 40.380170335892331 ], [ 114.950669543164963, 40.380080505311128 ], [ 114.950489880203918, 40.380080505311128 ], [ 114.950310217242759, 40.380170335892331 ], [ 114.950310218142135, 40.380260168272173 ], [ 114.950220387560876, 40.380349999752752 ], [ 114.95013055518109, 40.380349999752752 ], [ 114.949950892219931, 40.380260168272173 ], [ 114.949861059840146, 40.380080505311128 ], [ 114.949861059840146, 40.37972117938898 ], [ 114.949771228359509, 40.379451684048036 ], [ 114.949591567197103, 40.379182189606411 ], [ 114.949411904236058, 40.379092358125888 ], [ 114.949232240375636, 40.379092358125888 ], [ 114.949052577414591, 40.379182189606411 ], [ 114.948962745034692, 40.379272021086933 ], [ 114.948872913554169, 40.379361852567513 ], [ 114.948783082073646, 40.379451684048036 ], [ 114.948693251492386, 40.379631347009138 ], [ 114.948693250593124, 40.379900842350025 ], [ 114.948872912654906, 40.380080505311128 ], [ 114.949411903336681, 40.380080505311128 ], [ 114.949501734817318, 40.380170335892331 ], [ 114.949771229258886, 40.380439831233275 ], [ 114.949861059840146, 40.380529662713798 ], [ 114.949950892219931, 40.380888988635945 ], [ 114.950400049622658, 40.381607641379617 ], [ 114.950489880203918, 40.38169747196082 ], [ 114.950759375544862, 40.38169747196082 ] ] ] } },
{ "type": "Feature", "properties": { "PV_Area": 0.033216247536500002, "Inst_time": 20200306.0, "Inst_year": 2020, "Major_type": "Cropland", "Lat": 40.379389121400003, "Lon": 114.954764819, "Province": "河北", "Province_pinyin": "Hebei", "Province code": 13, "City": "张家口市", "City_pinyin": "Zhangjiakou", "City code": 1307, "County": "宣化县", "County_pinyin": "Xuanhua xian", "County code": 130721, "Township": "深井镇", "Township_pinyin": "shen jing zhen" }, "geometry": { "type": "Polygon", "coordinates": [ [ [ 114.955340784649593, 40.380799157155423 ], [ 114.955340784649593, 40.3807093256749 ], [ 114.955430615230739, 40.380619494194377 ], [ 114.955520446711262, 40.380619494194377 ], [ 114.955520447610638, 40.379541516427878 ], [ 114.955610278191898, 40.379541516427878 ], [ 114.955610278191898, 40.379272021086933 ], [ 114.955520446711262, 40.379092358125888 ], [ 114.955430615230739, 40.379002526645365 ], [ 114.955340784649593, 40.378912695164786 ], [ 114.95525095316907, 40.378822863684263 ], [ 114.955161120789171, 40.378822863684263 ], [ 114.955161121688434, 40.378643199823841 ], [ 114.955161120789171, 40.378553369242638 ], [ 114.955161120789171, 40.378373706281593 ], [ 114.955250951370317, 40.378373706281593 ], [ 114.955250951370317, 40.378194043320491 ], [ 114.955161120789171, 40.378104210940648 ], [ 114.955071289308648, 40.378014380359446 ], [ 114.954891626347489, 40.378014380359446 ], [ 114.954352636564977, 40.378014380359446 ], [ 114.953993310642886, 40.378014380359446 ], [ 114.953903478262987, 40.378104210940648 ], [ 114.95390347916225, 40.378733032203741 ], [ 114.954083142123409, 40.379272021086933 ], [ 114.954262805084454, 40.379451684048036 ], [ 114.954532300425399, 40.379451684048036 ], [ 114.954532300425399, 40.379990672931285 ], [ 114.954262804185078, 40.380170335892331 ], [ 114.954083142123409, 40.380260168272173 ], [ 114.953993310642886, 40.380349999752752 ], [ 114.953993311542149, 40.380529662713798 ], [ 114.954083142123409, 40.380619494194377 ], [ 114.954622131006658, 40.380799157155423 ], [ 114.955340784649593, 40.380799157155423 ] ] ] } },
{ "type": "Feature", "properties": { "PV_Area": 0.0020166788397599999, "Inst_time": 20160316.0, "Inst_year": 2016, "Major_type": "Grassland", "Lat": 40.375639211799999, "Lon": 114.952553181, "Province": "河北", "Province_pinyin": "Hebei", "Province code": 13, "City": "张家口市", "City_pinyin": "Zhangjiakou", "City code": 1307, "County": "宣化县", "County_pinyin": "Xuanhua xian", "County code": 130721, "Township": "深井镇", "Township_pinyin": "shen jing zhen" }, "geometry": { "type": "Polygon", "coordinates": [ [ [ 114.952645837535442, 40.375948255407707 ], [ 114.952735668116702, 40.375858423027864 ], [ 114.952735669915342, 40.375409264725818 ], [ 114.952645838434705, 40.375319434144615 ], [ 114.952466174574397, 40.375319434144615 ], [ 114.952376343093874, 40.375409264725818 ], [ 114.952376342194498, 40.375948255407707 ], [ 114.952645837535442, 40.375948255407707 ] ] ] } },
{ "type": "Feature", "properties": { "PV_Area": 0.0023591496248099998, "Inst_time": 20151101.0, "Inst_year": 2015, "Major_type": "Cropland", "Lat": 40.375022410200003, "Lon": 114.953401195, "Province": "河北", "Province_pinyin": "Hebei", "Province code": 13, "City": "张家口市", "City_pinyin": "Zhangjiakou", "City code": 1307, "County": "宣化县", "County_pinyin": "Xuanhua xian", "County code": 130721, "Township": "深井镇", "Township_pinyin": "shen jing zhen" }, "geometry": { "type": "Polygon", "coordinates": [ [ [ 114.953454321759637, 40.374870275842625 ], [ 114.953454321759637, 40.374780446160742 ], [ 114.953184827317955, 40.374780445261365 ], [ 114.953094994938169, 40.374870275842625 ], [ 114.953094994038793, 40.375139771183569 ], [ 114.953184827317955, 40.375229601764772 ], [ 114.953723816201204, 40.375229601764772 ], [ 114.953723816201204, 40.374870275842625 ], [ 114.953454321759637, 40.374870275842625 ] ] ] } },
{ "type": "Feature", "properties": { "PV_Area": 0.017008596480500002, "Inst_time": 20200313.0, "Inst_year": 2020, "Major_type": "Cropland", "Lat": 40.375445640199999, "Lon": 114.956557227, "Province": "河北", "Province_pinyin": "Hebei", "Province code": 13, "City": "张家口市", "City_pinyin": "Zhangjiakou", "City code": 1307, "County": "宣化县", "County_pinyin": "Xuanhua xian", "County code": 130721, "Township": "深井镇", "Township_pinyin": "shen jing zhen" }, "geometry": { "type": "Polygon", "coordinates": [ [ [ 114.957586571663001, 40.376397411911057 ], [ 114.957766234624046, 40.376307581329854 ], [ 114.957766234624046, 40.37603808598891 ], [ 114.957676403143523, 40.375858423027864 ], [ 114.957586572562377, 40.375768592446661 ], [ 114.957496740182478, 40.375768592446661 ], [ 114.957496740182478, 40.375139771183569 ], [ 114.957586571663001, 40.375139771183569 ], [ 114.957586571663001, 40.37504993880367 ], [ 114.957496740182478, 40.374960108222467 ], [ 114.95722724574091, 40.374960108222467 ], [ 114.957047582779751, 40.37504993880367 ], [ 114.957047582779751, 40.375139771183569 ], [ 114.956598425377138, 40.375139771183569 ], [ 114.956418762415979, 40.374960108222467 ], [ 114.956418762415979, 40.374510949920477 ], [ 114.956149267974411, 40.374510949920477 ], [ 114.956059435594511, 40.37460078230032 ], [ 114.955969604113989, 40.374780445261365 ], [ 114.955340784649593, 40.375499097105717 ], [ 114.955250952269694, 40.375588928586239 ], [ 114.954801793967704, 40.375588928586239 ], [ 114.954801793068327, 40.375858423027864 ], [ 114.955250952269694, 40.375858423027864 ], [ 114.955430615230739, 40.375768592446661 ], [ 114.956149267075034, 40.375409264725818 ], [ 114.956328930036193, 40.375319434144615 ], [ 114.956598425377138, 40.375319434144615 ], [ 114.95668825685766, 40.375409264725818 ], [ 114.956957751299228, 40.375678760066762 ], [ 114.957047582779751, 40.375768592446661 ], [ 114.957137414260274, 40.376127918368809 ], [ 114.95722724574091, 40.376307581329854 ], [ 114.957406909601218, 40.376397411911057 ], [ 114.957586571663001, 40.376397411911057 ] ] ] } },
{ "type": "Feature", "properties": { "PV_Area": 0.0053652807294799999, "Inst_time": 20110407.0, "Inst_year": 2011, "Major_type": "Cropland", "Lat": 40.373463340299999, "Lon": 114.946828025, "Province": "河北", "Province_pinyin": "Hebei", "Province code": 13, "City": "张家口市", "City_pinyin": "Zhangjiakou", "City code": 1307, "County": "宣化县", "County_pinyin": "Xuanhua xian", "County code": 130721, "Township": "深井镇", "Township_pinyin": "shen jing zhen" }, "geometry": { "type": "Polygon", "coordinates": [ [ [ 114.947076283044112, 40.373882128657385 ], [ 114.947076282144735, 40.373792298076125 ], [ 114.947166115423897, 40.373702465696283 ], [ 114.947255946005157, 40.37361263421576 ], [ 114.947345778385056, 40.37361263511508 ], [ 114.947345778385056, 40.373432972153978 ], [ 114.947255945105894, 40.373343140673455 ], [ 114.947166115423897, 40.373253309192933 ], [ 114.94698644976495, 40.373163476813033 ], [ 114.946806787703167, 40.37307364623183 ], [ 114.946537293261486, 40.37307364623183 ], [ 114.946447461780963, 40.373163476813033 ], [ 114.94635763030044, 40.373253309192933 ], [ 114.94635763209908, 40.373432972153978 ], [ 114.946447461780963, 40.37361263511508 ], [ 114.946537293261486, 40.373702465696283 ], [ 114.946806787703167, 40.373882128657385 ], [ 114.947076283044112, 40.373882128657385 ] ] ] } },
{ "type": "Feature", "properties": { "PV_Area": 0.0022831014515000002, "Inst_time": 20200303.0, "Inst_year": 2020, "Major_type": "Grassland", "Lat": 40.373295729299997, "Lon": 114.94811583400001, "Province": "河北", "Province_pinyin": "Hebei", "Province code": 13, "City": "张家口市", "City_pinyin": "Zhangjiakou", "City code": 1307, "County": "宣化县", "County_pinyin": "Xuanhua xian", "County code": 130721, "Township": "深井镇", "Township_pinyin": "shen jing zhen" }, "geometry": { "type": "Polygon", "coordinates": [ [ [ 114.948154260810497, 40.37361263511508 ], [ 114.948244094089773, 40.373522802735238 ], [ 114.948333923771656, 40.373432972153978 ], [ 114.948333923771656, 40.372983813851988 ], [ 114.948064430229351, 40.372983813851988 ], [ 114.947974597849452, 40.37307364623183 ], [ 114.947884768167569, 40.373253309192933 ], [ 114.947884767268306, 40.373522802735238 ], [ 114.947974596950189, 40.37361263511508 ], [ 114.948154260810497, 40.37361263511508 ] ] ] } },
{ "type": "Feature", "properties": { "PV_Area": 0.00038052441004399998, "Inst_time": 20110407.0, "Inst_year": 2011, "Major_type": "Grassland", "Lat": 40.372073520500003, "Lon": 114.946402546, "Province": "河北", "Province_pinyin": "Hebei", "Province code": 13, "City": "张家口市", "City_pinyin": "Zhangjiakou", "City code": 1307, "County": "宣化县", "County_pinyin": "Xuanhua xian", "County code": 130721, "Township": "深井镇", "Township_pinyin": "shen jing zhen" }, "geometry": { "type": "Polygon", "coordinates": [ [ [ 114.946447461780963, 40.372175329627794 ], [ 114.946537293261486, 40.372085499046591 ], [ 114.946537294160862, 40.371995666666749 ], [ 114.946267798819918, 40.371995666666749 ], [ 114.946267798819918, 40.372085499046591 ], [ 114.94635763209908, 40.372175329627794 ], [ 114.946447461780963, 40.372175329627794 ] ] ] } },
{ "type": "Feature", "properties": { "PV_Area": 0.0048327567655, "Inst_time": 20200303.0, "Inst_year": 2020, "Major_type": "Grassland", "Lat": 40.370782824000003, "Lon": 114.94825706100001, "Province": "河北", "Province_pinyin": "Hebei", "Province code": 13, "City": "张家口市", "City_pinyin": "Zhangjiakou", "City code": 1307, "County": "宣化县", "County_pinyin": "Xuanhua xian", "County code": 130721, "Township": "深井镇", "Township_pinyin": "shen jing zhen" }, "geometry": { "type": "Polygon", "coordinates": [ [ [ 114.948603419112601, 40.371187184241194 ], [ 114.948603419112601, 40.371097351861351 ], [ 114.948693250593124, 40.370917688900249 ], [ 114.948783082073646, 40.370917688900249 ], [ 114.948783082972909, 40.370827858319046 ], [ 114.948693251492386, 40.370738025939204 ], [ 114.948603419112601, 40.370648193559362 ], [ 114.948064429329975, 40.370378700017056 ], [ 114.947884767268306, 40.370378700017056 ], [ 114.947794934888407, 40.370468530598259 ], [ 114.94779493578767, 40.370738025939204 ], [ 114.948154260810497, 40.371097351861351 ], [ 114.948333923771656, 40.371187184241194 ], [ 114.948603419112601, 40.371187184241194 ] ] ] } },
{ "type": "Feature", "properties": { "PV_Area": 0.0039195199174500003, "Inst_time": 20151214.0, "Inst_year": 2015, "Major_type": "Grassland", "Lat": 40.369866456700002, "Lon": 114.95087449899999, "Province": "河北", "Province_pinyin": "Hebei", "Province code": 13, "City": "张家口市", "City_pinyin": "Zhangjiakou", "City code": 1307, "County": "宣化县", "County_pinyin": "Xuanhua xian", "County code": 130721, "Township": "深井镇", "Township_pinyin": "shen jing zhen" }, "geometry": { "type": "Polygon", "coordinates": [ [ [ 114.951208533846852, 40.370109204676112 ], [ 114.951298364427998, 40.370019374094909 ], [ 114.951388195908521, 40.36992954171501 ], [ 114.951388195908521, 40.369749878753964 ], [ 114.951298366226638, 40.369660048172761 ], [ 114.950939039405171, 40.369660048172761 ], [ 114.950759376444125, 40.369660048172761 ], [ 114.950400050521921, 40.369660048172761 ], [ 114.950310218142135, 40.369749878753964 ], [ 114.950310218142135, 40.369839711133807 ], [ 114.950489881103181, 40.370019374094909 ], [ 114.950759377343502, 40.370109204676112 ], [ 114.951208533846852, 40.370109204676112 ] ] ] } },
{ "type": "Feature", "properties": { "PV_Area": 0.0151090231083, "Inst_time": 20160220.0, "Inst_year": 2016, "Major_type": "Grassland", "Lat": 40.329835963299999, "Lon": 114.79299572, "Province": "河北", "Province_pinyin": "Hebei", "Province code": 13, "City": "张家口市", "City_pinyin": "Zhangjiakou", "City code": 1307, "County": "宣化县", "County_pinyin": "Xuanhua xian", "County code": 130721, "Township": "王家湾乡", "Township_pinyin": "wang jia wan xiang" }, "geometry": { "type": "Polygon", "coordinates": [ [ [ 114.791937233416661, 40.32999900884721 ], [ 114.791937233416661, 40.330134175152125 ], [ 114.792027064897184, 40.330224006632648 ], [ 114.792340249303152, 40.330224006632648 ], [ 114.792344047140091, 40.330389044818617 ], [ 114.793095393837461, 40.330407596033808 ], [ 114.793566887701786, 40.330300926546556 ], [ 114.793606431791432, 40.330147878122148 ], [ 114.793503007957497, 40.330140920966755 ], [ 114.793487797723742, 40.329890477763399 ], [ 114.793560803788182, 40.329881201256512 ], [ 114.79369464719025, 40.329806996395803 ], [ 114.794166140155312, 40.329417414582053 ], [ 114.79415397232799, 40.329092762021389 ], [ 114.793685520870099, 40.329143778762443 ], [ 114.793691604783817, 40.329345527274313 ], [ 114.793463462968475, 40.329350165078097 ], [ 114.79289462918382, 40.329507853104985 ], [ 114.792888545270216, 40.329667859584106 ], [ 114.792775996015507, 40.329686411698617 ], [ 114.792754702767411, 40.329797719888916 ], [ 114.792525086963224, 40.329800275762182 ], [ 114.792517434631918, 40.329452198560148 ], [ 114.79228625130952, 40.329449880107916 ], [ 114.792158491821056, 40.329528723671729 ], [ 114.792155449414508, 40.32971887632516 ], [ 114.791842135506158, 40.329721195676711 ], [ 114.791839093099725, 40.329997148149914 ], [ 114.791937233416661, 40.32999900884721 ] ] ] } },
{ "type": "Feature", "properties": { "PV_Area": 0.01433548044, "Inst_time": 20210804.0, "Inst_year": 2021, "Major_type": "Grassland", "Lat": 40.329715055299999, "Lon": 114.789093618, "Province": "河北", "Province_pinyin": "Hebei", "Province code": 13, "City": "张家口市", "City_pinyin": "Zhangjiakou", "City code": 1307, "County": "宣化县", "County_pinyin": "Xuanhua xian", "County code": 130721, "Township": "王家湾乡", "Township_pinyin": "wang jia wan xiang" }, "geometry": { "type": "Polygon", "coordinates": [ [ [ 114.788080564566485, 40.3298707664228 ], [ 114.78825414091591, 40.330044343671602 ], [ 114.788523635357592, 40.330044343671602 ], [ 114.788551211269464, 40.33003515260026 ], [ 114.788978194987749, 40.330065555980696 ], [ 114.789391892122239, 40.330091064351166 ], [ 114.789690575859481, 40.330088825039297 ], [ 114.789871107565659, 40.330087470660317 ], [ 114.790319668717757, 40.33008410719583 ], [ 114.790261872887186, 40.329706122139896 ], [ 114.790182783808518, 40.329657424750394 ], [ 114.789966808921122, 40.329657424750394 ], [ 114.789775169688369, 40.329383789830104 ], [ 114.789606408309169, 40.329373004260788 ], [ 114.789511780744192, 40.329325690927931 ], [ 114.788824731076488, 40.329325690927931 ], [ 114.788813932017433, 40.329246972369958 ], [ 114.788348522965975, 40.329235377410782 ], [ 114.788369816214072, 40.329471909900747 ], [ 114.788035208158362, 40.32945103933406 ], [ 114.787907448669898, 40.329662062554178 ], [ 114.788004789489491, 40.3298707664228 ], [ 114.788080564566485, 40.3298707664228 ] ] ] } },
{ "type": "Feature", "properties": { "PV_Area": 0.00078754867608999996, "Inst_time": 20210804.0, "Inst_year": 2021, "Major_type": "Grassland", "Lat": 40.329168432199999, "Lon": 114.787964884, "Province": "河北", "Province_pinyin": "Hebei", "Province code": 13, "City": "张家口市", "City_pinyin": "Zhangjiakou", "City code": 1307, "County": "宣化县", "County_pinyin": "Xuanhua xian", "County code": 130721, "Township": "王家湾乡", "Township_pinyin": "wang jia wan xiang" }, "geometry": { "type": "Polygon", "coordinates": [ [ [ 114.787590191234358, 40.32916448745118 ], [ 114.787603260182323, 40.329182041318177 ], [ 114.787840527418439, 40.329186679122017 ], [ 114.787827874856589, 40.329245928257023 ], [ 114.788235972812004, 40.329260885781309 ], [ 114.788263349973704, 40.329103196855101 ], [ 114.787600217775889, 40.329098559051317 ], [ 114.787590191234358, 40.32916448745118 ] ] ] } },
{ "type": "Feature", "properties": { "PV_Area": 0.0266915655002, "Inst_time": 20170614.0, "Inst_year": 2017, "Major_type": "Grassland", "Lat": 40.328933516600003, "Lon": 114.842427636, "Province": "河北", "Province_pinyin": "Hebei", "Province code": 13, "City": "张家口市", "City_pinyin": "Zhangjiakou", "City code": 1307, "County": "宣化县", "County_pinyin": "Xuanhua xian", "County code": 130721, "Township": "王家湾乡", "Township_pinyin": "wang jia wan xiang" }, "geometry": { "type": "Polygon", "coordinates": [ [ [ 114.843231035783788, 40.329774849229977 ], [ 114.843320868163573, 40.329685016850078 ], [ 114.843410698744833, 40.329595186268875 ], [ 114.843500531124619, 40.32941552330783 ], [ 114.843500531124619, 40.32887653442458 ], [ 114.843590362605255, 40.328696870564158 ], [ 114.843949687628083, 40.32842737612259 ], [ 114.844129350589128, 40.32842737612259 ], [ 114.844219182969027, 40.328337544642011 ], [ 114.844219182969027, 40.328157881680966 ], [ 114.844129350589128, 40.328068050200386 ], [ 114.843949687628083, 40.328068050200386 ], [ 114.843680194085778, 40.328247713161488 ], [ 114.842961542241483, 40.328337544642011 ], [ 114.842692046900538, 40.328607039083636 ], [ 114.842602215420015, 40.328696870564158 ], [ 114.842602215420015, 40.329056197385626 ], [ 114.842692046900538, 40.329056197385626 ], [ 114.842692047799801, 40.329235860346728 ], [ 114.842422551559594, 40.329235860346728 ], [ 114.841973395056243, 40.329146027966885 ], [ 114.841793732095084, 40.329056197385626 ], [ 114.841703899715299, 40.32887653442458 ], [ 114.841614069134039, 40.328607039083636 ], [ 114.841614069134039, 40.328247713161488 ], [ 114.84152423675414, 40.328068050200386 ], [ 114.841434406172993, 40.327978217820544 ], [ 114.841344573793094, 40.327888387239341 ], [ 114.841164910832049, 40.327888387239341 ], [ 114.841075079351526, 40.327978217820544 ], [ 114.840985247871004, 40.328607039083636 ], [ 114.840985247871004, 40.329146027966885 ], [ 114.841075080250789, 40.329235860346728 ], [ 114.841254743211834, 40.32941552330783 ], [ 114.84152423675414, 40.329505353889033 ], [ 114.842332720978334, 40.329685016850078 ], [ 114.842781879280324, 40.329774849229977 ], [ 114.843231035783788, 40.329774849229977 ] ] ] } },
{ "type": "Feature", "properties": { "PV_Area": 0.013141225889, "Inst_time": 20100612.0, "Inst_year": 2010, "Major_type": "Grassland", "Lat": 40.328120526799999, "Lon": 114.775766081, "Province": "河北", "Province_pinyin": "Hebei", "Province code": 13, "City": "张家口市", "City_pinyin": "Zhangjiakou", "City code": 1307, "County": "宣化县", "County_pinyin": "Xuanhua xian", "County code": 130721, "Township": "王家湾乡", "Township_pinyin": "wang jia wan xiang" }, "geometry": { "type": "Polygon", "coordinates": [ [ [ 114.77558789586476, 40.327626747476472 ], [ 114.775519346840497, 40.327624847208995 ], [ 114.775528473160534, 40.328387796059985 ], [ 114.775318582186856, 40.328390114512217 ], [ 114.775269911777059, 40.328037628833556 ], [ 114.77515736252235, 40.328030671678221 ], [ 114.775105649706006, 40.328121112899112 ], [ 114.774780167970448, 40.328114155743719 ], [ 114.774701078891781, 40.328176768343212 ], [ 114.774664576309192, 40.328253295253432 ], [ 114.774795377304827, 40.328255613705664 ], [ 114.774807545132148, 40.328441132152591 ], [ 114.774929220707008, 40.328441132152591 ], [ 114.774932262214179, 40.3284991069483 ], [ 114.775047853875435, 40.328589546370495 ], [ 114.775288163517985, 40.328601141329671 ], [ 114.775309456766081, 40.328768107662086 ], [ 114.775418964513619, 40.328770426114318 ], [ 114.775406797585674, 40.328988408288467 ], [ 114.775519346840497, 40.329099718277405 ], [ 114.775677525897208, 40.329090442669838 ], [ 114.775790075151917, 40.32896289991794 ], [ 114.775780949731143, 40.328682305144298 ], [ 114.775899583798832, 40.32868926229969 ], [ 114.776012133952918, 40.328557080844632 ], [ 114.776027343287296, 40.328429537193415 ], [ 114.776133809527778, 40.328429537193415 ], [ 114.776149018862156, 40.328257933057216 ], [ 114.776255485102638, 40.328255613705664 ], [ 114.776224255245211, 40.3278984893239 ], [ 114.776349783515798, 40.3278984893239 ], [ 114.776346742008627, 40.327666589241744 ], [ 114.776459291263336, 40.32766195143796 ], [ 114.776699600905886, 40.327395265579071 ], [ 114.776702643312433, 40.327195830123514 ], [ 114.776833444308068, 40.327198149475066 ], [ 114.776809109552801, 40.327052051011378 ], [ 114.776647888988919, 40.327056688815162 ], [ 114.776638763568144, 40.327147130935373 ], [ 114.776337615688476, 40.327158725894549 ], [ 114.776337615688476, 40.327388308423735 ], [ 114.776276778350734, 40.327606295094483 ], [ 114.776030384794467, 40.327613252249819 ], [ 114.776012133952918, 40.327550638751006 ], [ 114.775933044874137, 40.327432369808093 ], [ 114.775793117558351, 40.327432369808093 ], [ 114.775740029678673, 40.327618891898396 ], [ 114.77558789586476, 40.327618890999076 ], [ 114.77558789586476, 40.327626747476472 ] ] ] } },
{ "type": "Feature", "properties": { "PV_Area": 0.013707816585, "Inst_time": 20120825.0, "Inst_year": 2012, "Major_type": "Grassland", "Lat": 40.327432408900002, "Lon": 114.786549587, "Province": "河北", "Province_pinyin": "Hebei", "Province code": 13, "City": "张家口市", "City_pinyin": "Zhangjiakou", "City code": 1307, "County": "宣化县", "County_pinyin": "Xuanhua xian", "County code": 130721, "Township": "王家湾乡", "Township_pinyin": "wang jia wan xiang" }, "geometry": { "type": "Polygon", "coordinates": [ [ [ 114.786457510405853, 40.328157881680966 ], [ 114.786457510405853, 40.328068050200386 ], [ 114.786727004847421, 40.328068050200386 ], [ 114.786906668707843, 40.327978217820544 ], [ 114.786996499289103, 40.327888387239341 ], [ 114.787176162250148, 40.327708724278239 ], [ 114.787176162250148, 40.326900240054101 ], [ 114.787086329870249, 40.326810408573522 ], [ 114.786727005746798, 40.326810408573522 ], [ 114.786367679824593, 40.326810408573522 ], [ 114.786188015064909, 40.326810408573522 ], [ 114.786098183584386, 40.326900240054101 ], [ 114.786008352103863, 40.326990072433944 ], [ 114.785918520623341, 40.327349398356091 ], [ 114.785918520623341, 40.327708724278239 ], [ 114.786098183584386, 40.328068050200386 ], [ 114.786277847444808, 40.328157881680966 ], [ 114.786457510405853, 40.328157881680966 ] ] ] } },
{ "type": "Feature", "properties": { "PV_Area": 0.0067777987226399997, "Inst_time": 20100612.0, "Inst_year": 2010, "Major_type": "Grassland", "Lat": 40.325557869900003, "Lon": 114.775151431, "Province": "河北", "Province_pinyin": "Hebei", "Province code": 13, "City": "张家口市", "City_pinyin": "Zhangjiakou", "City code": 1307, "County": "宣化县", "County_pinyin": "Xuanhua xian", "County code": 130721, "Township": "王家湾乡", "Township_pinyin": "wang jia wan xiang" }, "geometry": { "type": "Polygon", "coordinates": [ [ [ 114.774779410741303, 40.325373977227343 ], [ 114.774991578798335, 40.325383492054584 ], [ 114.774939437005514, 40.32573242990776 ], [ 114.774885180007118, 40.32573242990776 ], [ 114.774897280385289, 40.325926154668366 ], [ 114.775237972354603, 40.325907602553855 ], [ 114.775244056268207, 40.326000364924937 ], [ 114.775320103839817, 40.32599108841805 ], [ 114.775320103839817, 40.32615806104576 ], [ 114.774556588415862, 40.326141827383481 ], [ 114.774602217318488, 40.326306479760262 ], [ 114.775006789032204, 40.326287927645808 ], [ 114.775015914452979, 40.326385327820674 ], [ 114.775423527673752, 40.326352861395492 ], [ 114.775469155677001, 40.326076893633797 ], [ 114.775350522508688, 40.325613080879009 ], [ 114.775399192918485, 40.325225794135122 ], [ 114.775545203248612, 40.324880249424041 ], [ 114.775517826086912, 40.324599637563267 ], [ 114.775031123787358, 40.324592680407932 ], [ 114.775021998366583, 40.324662252860719 ], [ 114.774872945630023, 40.324678487422318 ], [ 114.774863819309871, 40.324748059875105 ], [ 114.775365731843067, 40.324729507760651 ], [ 114.775371815756785, 40.32483154753794 ], [ 114.775253181689095, 40.325202603317564 ], [ 114.774781688724033, 40.325237389094298 ], [ 114.774772563303259, 40.32528377072947 ], [ 114.774748227648615, 40.32531391960174 ], [ 114.774459248495532, 40.325316238053972 ], [ 114.774459248495532, 40.325392767662152 ], [ 114.774779410741303, 40.325397698644906 ], [ 114.774779410741303, 40.325373977227343 ] ] ] } },
{ "type": "Feature", "properties": { "PV_Area": 0.0038840218179400001, "Inst_time": 20190213.0, "Inst_year": 2019, "Major_type": "Grassland", "Lat": 40.325165258799998, "Lon": 114.789475379, "Province": "河北", "Province_pinyin": "Hebei", "Province code": 13, "City": "张家口市", "City_pinyin": "Zhangjiakou", "City code": 1307, "County": "宣化县", "County_pinyin": "Xuanhua xian", "County code": 130721, "Township": "王家湾乡", "Township_pinyin": "wang jia wan xiang" }, "geometry": { "type": "Polygon", "coordinates": [ [ [ 114.789960939945445, 40.325462936365454 ], [ 114.790050771425967, 40.325373103985612 ], [ 114.790050771425967, 40.32519344102451 ], [ 114.789960939945445, 40.325103610443307 ], [ 114.789781276984399, 40.325013778063465 ], [ 114.789152454821988, 40.324923945683622 ], [ 114.788882961279683, 40.324923945683622 ], [ 114.78888296038042, 40.32519344102451 ], [ 114.788972792760205, 40.325283273404409 ], [ 114.789511781643455, 40.325283273404409 ], [ 114.789691443705237, 40.325373103985612 ], [ 114.7896914446045, 40.325462936365454 ], [ 114.789960939945445, 40.325462936365454 ] ] ] } },
{ "type": "Feature", "properties": { "PV_Area": 0.10006868433, "Inst_time": 20181024.0, "Inst_year": 2018, "Major_type": "Grassland", "Lat": 40.327110241500002, "Lon": 114.78186553099999, "Province": "河北", "Province_pinyin": "Hebei", "Province code": 13, "City": "张家口市", "City_pinyin": "Zhangjiakou", "City code": 1307, "County": "宣化县", "County_pinyin": "Xuanhua xian", "County code": 130721, "Township": "王家湾乡", "Township_pinyin": "wang jia wan xiang" }, "geometry": { "type": "Polygon", "coordinates": [ [ [ 114.782055765161545, 40.324991536929929 ], [ 114.782421398029101, 40.325008958596641 ], [ 114.782427481942818, 40.325043745272694 ], [ 114.782415314115497, 40.325203762543651 ], [ 114.782327099616055, 40.325468138044187 ], [ 114.782041161970142, 40.325495966665585 ], [ 114.782022910229216, 40.325424075760566 ], [ 114.781846481230218, 40.325421756408957 ], [ 114.7818403973165, 40.325470457395738 ], [ 114.781746098004078, 40.325479733902625 ], [ 114.781724804755981, 40.325398565591399 ], [ 114.781618339414877, 40.325373055422233 ], [ 114.781530124016058, 40.325572496273765 ], [ 114.78159704616678, 40.325695407517117 ], [ 114.7818130201548, 40.325683812557941 ], [ 114.781794768413874, 40.325857742340986 ], [ 114.781399323020423, 40.325864699496321 ], [ 114.781390196700272, 40.325804403550421 ], [ 114.781244186370145, 40.325788169888199 ], [ 114.781244186370145, 40.325718598334674 ], [ 114.780939996983307, 40.325693088165565 ], [ 114.780936955476136, 40.325746426956073 ], [ 114.7810099606412, 40.325758022814568 ], [ 114.781013003047747, 40.325846147381867 ], [ 114.781064714964714, 40.325876294455497 ], [ 114.78108600821281, 40.325938909752949 ], [ 114.781092092126414, 40.326110520184386 ], [ 114.781171181205082, 40.326198643852365 ], [ 114.781475369692657, 40.32619168669703 ], [ 114.781566626598647, 40.326367934932307 ], [ 114.781873857492542, 40.326344744114692 ], [ 114.781901234654356, 40.326200963203917 ], [ 114.782226717289177, 40.326200963203917 ], [ 114.782257135958162, 40.326284449068112 ], [ 114.782251052044444, 40.326340106310909 ], [ 114.782220633375573, 40.326458377951838 ], [ 114.782184130793098, 40.326555777227384 ], [ 114.78178868450027, 40.326537225112929 ], [ 114.781770433658608, 40.326574330241215 ], [ 114.781706553914432, 40.326567373085879 ], [ 114.781530124016058, 40.326558096578935 ], [ 114.781274605039016, 40.326558096578935 ], [ 114.780927830055361, 40.326558096578935 ], [ 114.780742274736212, 40.326576648693447 ], [ 114.780678394992037, 40.326643900895363 ], [ 114.780556719417177, 40.326875804574797 ], [ 114.780568886345122, 40.32710075019952 ], [ 114.780781818825972, 40.32710075019952 ], [ 114.780772693405083, 40.327304824358237 ], [ 114.7810099606412, 40.327297867202844 ], [ 114.781025169975692, 40.327571510217069 ], [ 114.780508049007267, 40.327594700135364 ], [ 114.780520215935326, 40.327659632086409 ], [ 114.780654059337394, 40.327652675830393 ], [ 114.780657101743941, 40.327752392658851 ], [ 114.780556719417177, 40.327757030462635 ], [ 114.780550635503459, 40.327828919569015 ], [ 114.780298158033588, 40.327847471683526 ], [ 114.78031336736808, 40.327956464119552 ], [ 114.780030472128601, 40.327940231356649 ], [ 114.78006697471119, 40.327541363143439 ], [ 114.780051765376697, 40.327404541186695 ], [ 114.78009435187289, 40.327321057121139 ], [ 114.780112602714553, 40.327170320853668 ], [ 114.78009435187289, 40.32705436946361 ], [ 114.779939215222612, 40.327031179545372 ], [ 114.779954424557104, 40.327170320853668 ], [ 114.779774953151673, 40.327161044346781 ], [ 114.779695864072892, 40.327223658744913 ], [ 114.779598523253298, 40.327409179889798 ], [ 114.77958331391892, 40.328097922980817 ], [ 114.779604607166902, 40.328329821264276 ], [ 114.779735408162651, 40.328436494348807 ], [ 114.779829706575811, 40.328438813700359 ], [ 114.779847958316736, 40.32852461531877 ], [ 114.779814497241318, 40.328679986692066 ], [ 114.77985404223034, 40.328777383269653 ], [ 114.780073058624794, 40.328897968866215 ], [ 114.78021602744775, 40.328897968866215 ], [ 114.78021602744775, 40.329224941677751 ], [ 114.780340744529781, 40.329333932315194 ], [ 114.780900452893661, 40.329320018903786 ], [ 114.780888285066339, 40.329426690189678 ], [ 114.78137498736578, 40.329417414582053 ], [ 114.781962072891361, 40.329020873814329 ], [ 114.782460943018123, 40.328513020359651 ], [ 114.782536989690357, 40.328262570861 ], [ 114.782664749178934, 40.328239380942705 ], [ 114.782707335675013, 40.327856747291094 ], [ 114.782743838257602, 40.327608614446035 ], [ 114.782889849486992, 40.327504258914473 ], [ 114.783233582963589, 40.327328014276475 ], [ 114.783333965290353, 40.32713089727315 ], [ 114.783294421200594, 40.326903633196196 ], [ 114.783416096775454, 40.326908270999979 ], [ 114.783431306109946, 40.326808552372825 ], [ 114.783574274932903, 40.326824786035104 ], [ 114.783638154677192, 40.326699558138159 ], [ 114.783829793909945, 40.326175453934127 ], [ 114.783111907388729, 40.326205601007757 ], [ 114.783111907388729, 40.325969057725899 ], [ 114.783370467872828, 40.325943547556733 ], [ 114.783586442760225, 40.325774255577471 ], [ 114.783604693601774, 40.32573019329385 ], [ 114.783443473937268, 40.325359141111505 ], [ 114.784270868206022, 40.325373055422233 ], [ 114.784331705543877, 40.32505070242803 ], [ 114.784404711608204, 40.324872132143241 ], [ 114.784383418360107, 40.324814154649573 ], [ 114.784331705543877, 40.324285397353265 ], [ 114.783963637312127, 40.324308588170879 ], [ 114.783902799075008, 40.324470926592028 ], [ 114.784009265315376, 40.324542819295743 ], [ 114.784115731555858, 40.324911556623078 ], [ 114.783492144347065, 40.324890685157072 ], [ 114.783337007696787, 40.325173614570701 ], [ 114.783096698054237, 40.325182891077588 ], [ 114.782853346904517, 40.325342907449283 ], [ 114.782813801915495, 40.325421756408957 ], [ 114.782524822762412, 40.325414799253622 ], [ 114.782616079668401, 40.325071574793412 ], [ 114.782759048491357, 40.325069255441861 ], [ 114.782756006084924, 40.324758496507457 ], [ 114.782689084833464, 40.324512670423474 ], [ 114.782536989690357, 40.324514989775025 ], [ 114.782494403194164, 40.324626306958578 ], [ 114.782476152352615, 40.324804878142686 ], [ 114.782055765161545, 40.324818557730282 ], [ 114.782055765161545, 40.324692836105555 ], [ 114.782190214706702, 40.324566010113301 ], [ 114.782202381634647, 40.324475565295131 ], [ 114.782022910229216, 40.324461650085141 ], [ 114.782038119563595, 40.324359609408475 ], [ 114.781892109233468, 40.324359609408475 ], [ 114.781828229489292, 40.324482522450523 ], [ 114.781776605705886, 40.324654452141317 ], [ 114.78169643923934, 40.324654452141317 ], [ 114.78169643923934, 40.325103610443307 ], [ 114.781965933680908, 40.325103610443307 ], [ 114.782055765161545, 40.325013778962784 ], [ 114.782055765161545, 40.324991536929929 ] ] ] } },
{ "type": "Feature", "properties": { "PV_Area": 0.12901109072399999, "Inst_time": 20120503.0, "Inst_year": 2012, "Major_type": "Grassland", "Lat": 40.3260088575, "Lon": 114.788039587, "Province": "河北", "Province_pinyin": "Hebei", "Province code": 13, "City": "张家口市", "City_pinyin": "Zhangjiakou", "City code": 1307, "County": "宣化县", "County_pinyin": "Xuanhua xian", "County code": 130721, "Township": "王家湾乡", "Township_pinyin": "wang jia wan xiang" }, "geometry": { "type": "MultiPolygon", "coordinates": [ [ [ [ 114.786826508536592, 40.323855640125771 ], [ 114.786816835428681, 40.323845967917123 ], [ 114.786457509506477, 40.323845967917123 ], [ 114.78636767892533, 40.323935800297022 ], [ 114.78636767892533, 40.324115463258067 ], [ 114.786457509506477, 40.324115463258067 ], [ 114.786457510405853, 40.324384956800372 ], [ 114.785918520623341, 40.324384956800372 ], [ 114.785918520623341, 40.32429512621917 ], [ 114.785469364119876, 40.32429512621917 ], [ 114.785379531740091, 40.324384956800372 ], [ 114.785020206717263, 40.32474428272252 ], [ 114.784930374337364, 40.324923945683622 ], [ 114.784930374337364, 40.325373103985612 ], [ 114.784930374337364, 40.325822262287602 ], [ 114.784930374337364, 40.326001925248704 ], [ 114.785379531740091, 40.326540914131954 ], [ 114.785559194701136, 40.326540914131954 ], [ 114.785649026181659, 40.326451081752055 ], [ 114.785649026181659, 40.326181588209806 ], [ 114.785649025282396, 40.326001925248704 ], [ 114.785738857662182, 40.325912092868862 ], [ 114.785918520623341, 40.325912092868862 ], [ 114.786008353003126, 40.326001925248704 ], [ 114.786098183584386, 40.326181588209806 ], [ 114.786098184483649, 40.326451081752055 ], [ 114.786277847444808, 40.326540914131954 ], [ 114.787086330769625, 40.326540914131954 ], [ 114.78735582611057, 40.326720577092999 ], [ 114.787535488172352, 40.326810408573522 ], [ 114.788264271778758, 40.326810408573522 ], [ 114.788369816214072, 40.327023063163892 ], [ 114.788330272124426, 40.327157566668404 ], [ 114.788351565372523, 40.327317578543443 ], [ 114.788813932017433, 40.327305983584324 ], [ 114.788810890510263, 40.327616730827515 ], [ 114.788485407875328, 40.327598178713004 ], [ 114.788436738364794, 40.327751233432707 ], [ 114.788567539360542, 40.328001684729998 ], [ 114.78855233002605, 40.328117634321416 ], [ 114.787852695245761, 40.328103720010745 ], [ 114.787849652839213, 40.328177927569357 ], [ 114.788321145804275, 40.328196479683868 ], [ 114.788330272124426, 40.328266049438696 ], [ 114.788996445829412, 40.328268367890928 ], [ 114.789020781483941, 40.32819879903542 ], [ 114.789537902452253, 40.328170971313341 ], [ 114.789550070279574, 40.328096762855353 ], [ 114.790249705059864, 40.328066616681042 ], [ 114.790237537232656, 40.327700214893071 ], [ 114.79036529672112, 40.327702534244622 ], [ 114.790356171300346, 40.327632963590474 ], [ 114.790045897999903, 40.327377872690704 ], [ 114.79005502431994, 40.327333811306403 ], [ 114.789948558079573, 40.327331492854171 ], [ 114.789875552015133, 40.327069443000426 ], [ 114.790283166135282, 40.327071762351977 ], [ 114.790240579639089, 40.326740140944821 ], [ 114.790106736236908, 40.326591723129582 ], [ 114.789814714677391, 40.326575489467302 ], [ 114.789790379922124, 40.326376051313787 ], [ 114.789659578027113, 40.326341265537053 ], [ 114.789571363527671, 40.326341265537053 ], [ 114.789531818538649, 40.326144146735032 ], [ 114.790188866822859, 40.326134870228145 ], [ 114.790356171300346, 40.326002683377169 ], [ 114.790441344292617, 40.325919197513031 ], [ 114.790441344292617, 40.325650186007351 ], [ 114.789601614023354, 40.325645144407929 ], [ 114.789601614023354, 40.325642599326557 ], [ 114.789511781643455, 40.325552766946714 ], [ 114.788882961279683, 40.325552766946714 ], [ 114.788882961279683, 40.325642599326557 ], [ 114.788703298318637, 40.325642599326557 ], [ 114.788523635357592, 40.325462937264774 ], [ 114.788523634458215, 40.32519344102451 ], [ 114.788433802977693, 40.325013778063465 ], [ 114.788343972396433, 40.324923945683622 ], [ 114.788339656549965, 40.324919629837098 ], [ 114.788348522965975, 40.324759655733601 ], [ 114.788299852556179, 40.324214663875694 ], [ 114.788135590485126, 40.324135814016643 ], [ 114.787837485012005, 40.324131175313539 ], [ 114.787834443504835, 40.324061601961432 ], [ 114.787460290460103, 40.323843603599471 ], [ 114.786826508536592, 40.323855640125771 ] ] ], [ [ [ 114.789705206929852, 40.328437653574895 ], [ 114.790724240431359, 40.328451567885622 ], [ 114.79060864787084, 40.328161694806397 ], [ 114.790295333063227, 40.328147781395046 ], [ 114.790261872887186, 40.328245178871953 ], [ 114.789829924011883, 40.328249816675736 ], [ 114.789717373857798, 40.328307790572126 ], [ 114.789680871275209, 40.328365765367835 ], [ 114.789705206929852, 40.328437653574895 ] ] ], [ [ [ 114.790870250761486, 40.328129229280535 ], [ 114.790991926336346, 40.32811067716608 ], [ 114.79113793756585, 40.327897330097755 ], [ 114.791150104493795, 40.327804570424632 ], [ 114.790998010250064, 40.327792975465513 ], [ 114.79080332951014, 40.327883415787085 ], [ 114.790788120175648, 40.327946029285897 ], [ 114.790870250761486, 40.328129229280535 ] ] ], [ [ [ 114.790693820863225, 40.328785499651133 ], [ 114.790839832092615, 40.328797094610309 ], [ 114.79082158035169, 40.328940870125109 ], [ 114.790964549174646, 40.328950145732676 ], [ 114.79101930349816, 40.328815645825443 ], [ 114.79153034145213, 40.328801732414092 ], [ 114.791572927948323, 40.328660275351467 ], [ 114.791545550786623, 40.328500266174387 ], [ 114.791189649482817, 40.328504903978171 ], [ 114.791174440148325, 40.328597662751974 ], [ 114.790994968742893, 40.32860461990731 ], [ 114.790964549174646, 40.328743758517703 ], [ 114.790733365852248, 40.328741439166151 ], [ 114.790693820863225, 40.328785499651133 ] ] ], [ [ [ 114.792747098100108, 40.327897330097755 ], [ 114.793206423237848, 40.327864863672573 ], [ 114.793303764057555, 40.327748914081155 ], [ 114.793328098812822, 40.327577308146317 ], [ 114.793318973391933, 40.327398744156767 ], [ 114.79309691549031, 40.327410339115886 ], [ 114.793036077253191, 40.327452081148692 ], [ 114.792725804852125, 40.327468314810915 ], [ 114.79264063185974, 40.327586583753884 ], [ 114.792628464032418, 40.327635282942026 ], [ 114.792704511604029, 40.327760509040331 ], [ 114.792747098100108, 40.327897330097755 ] ] ], [ [ [ 114.793106040911084, 40.326547660845904 ], [ 114.79321859106517, 40.326531427183681 ], [ 114.793318973391933, 40.326276332686632 ], [ 114.793407187891489, 40.3261534223426 ], [ 114.79346498372206, 40.325977174107379 ], [ 114.793474110042212, 40.325756862689104 ], [ 114.793130375666351, 40.325761501392208 ], [ 114.793151668914447, 40.325531912567783 ], [ 114.792996533163546, 40.325543508426222 ], [ 114.792917443185502, 40.325902963850751 ], [ 114.793011742497924, 40.326185889667101 ], [ 114.793011742497924, 40.326540703690569 ], [ 114.793106040911084, 40.326547660845904 ] ] ] ] } },
{ "type": "Feature", "properties": { "PV_Area": 0.0043729638620100004, "Inst_time": 20181101.0, "Inst_year": 2018, "Major_type": "Grassland", "Lat": 40.323973418900003, "Lon": 114.778680389, "Province": "河北", "Province_pinyin": "Hebei", "Province code": 13, "City": "张家口市", "City_pinyin": "Zhangjiakou", "City code": 1307, "County": "宣化县", "County_pinyin": "Xuanhua xian", "County code": 130721, "Township": "王家湾乡", "Township_pinyin": "wang jia wan xiang" }, "geometry": { "type": "Polygon", "coordinates": [ [ [ 114.778821830063521, 40.323843603599471 ], [ 114.778711812400275, 40.323843603599471 ], [ 114.778690519152178, 40.323938688020064 ], [ 114.778599262246189, 40.32398043275083 ], [ 114.778538424009071, 40.323989709257717 ], [ 114.778483670585047, 40.324017538778435 ], [ 114.778444125596025, 40.32405464480604 ], [ 114.778176438791661, 40.324047686751385 ], [ 114.778073014957727, 40.323910858499346 ], [ 114.777936130048374, 40.323915496303187 ], [ 114.77793004613477, 40.323966517540782 ], [ 114.77805172170963, 40.324223940382581 ], [ 114.778027386954363, 40.324274961620233 ], [ 114.778042596288856, 40.324298152437848 ], [ 114.778188606618983, 40.324295833086296 ], [ 114.778209899867079, 40.324346854323949 ], [ 114.77879698539266, 40.3243004717894 ], [ 114.778812194727038, 40.324170600692696 ], [ 114.778933870301898, 40.324138133368194 ], [ 114.778933870301898, 40.324073197819871 ], [ 114.778985582218866, 40.324073197819871 ], [ 114.779031210222229, 40.324047686751385 ], [ 114.779113341707443, 40.324029133737611 ], [ 114.779125509534651, 40.323989709257717 ], [ 114.779052078091013, 40.323975046711098 ], [ 114.779091325404352, 40.323935800297022 ], [ 114.779091326303728, 40.32375613733592 ], [ 114.779061952647112, 40.32375613733592 ], [ 114.779073796718421, 40.323685902082786 ], [ 114.779131592548993, 40.323665029717404 ], [ 114.779213724034207, 40.323618647182855 ], [ 114.779301938533649, 40.32356530659365 ], [ 114.779368860684485, 40.323498051693775 ], [ 114.779478368432024, 40.323398328570079 ], [ 114.77949966168012, 40.323310200405501 ], [ 114.779332358101897, 40.323305561702341 ], [ 114.7792563105304, 40.323349625784658 ], [ 114.779228933368586, 40.323396009218527 ], [ 114.779244142703078, 40.323484136483785 ], [ 114.77918938927894, 40.323576902452146 ], [ 114.778897367719424, 40.323586178959033 ], [ 114.778870713612605, 40.32375613733592 ], [ 114.778821830063521, 40.32375613823524 ], [ 114.778821830063521, 40.323843603599471 ] ] ] } },
{ "type": "Feature", "properties": { "PV_Area": 0.0124355276634, "Inst_time": 20181024.0, "Inst_year": 2018, "Major_type": "Grassland", "Lat": 40.323363543500001, "Lon": 114.782915315, "Province": "河北", "Province_pinyin": "Hebei", "Province code": 13, "City": "张家口市", "City_pinyin": "Zhangjiakou", "City code": 1307, "County": "宣化县", "County_pinyin": "Xuanhua xian", "County code": 130721, "Township": "王家湾乡", "Township_pinyin": "wang jia wan xiang" }, "geometry": { "type": "Polygon", "coordinates": [ [ [ 114.782454802447205, 40.324070385639857 ], [ 114.782548551374589, 40.324069260587976 ], [ 114.782594753145418, 40.324115463258067 ], [ 114.78268458642458, 40.32420529383927 ], [ 114.782954080866148, 40.32420529383927 ], [ 114.782954080866148, 40.324115463258067 ], [ 114.783043912346784, 40.324025630878225 ], [ 114.783133743827307, 40.324025630878225 ], [ 114.783133743827307, 40.323740660902843 ], [ 114.783280732619801, 40.323739242671991 ], [ 114.783280732619801, 40.32360009416908 ], [ 114.783133743827307, 40.323585863297012 ], [ 114.783089093387048, 40.323581541155249 ], [ 114.783101791814261, 40.323544522361885 ], [ 114.783140805304015, 40.323430795894581 ], [ 114.783435869269965, 40.323456306963067 ], [ 114.783454120111628, 40.32338209400848 ], [ 114.783606215254736, 40.323370498150041 ], [ 114.783700513667782, 40.32296464580179 ], [ 114.784360603459163, 40.322985518167172 ], [ 114.784354520444822, 40.322911305212642 ], [ 114.783594047427414, 40.322906666509482 ], [ 114.783530167683125, 40.322584301824122 ], [ 114.783682261926856, 40.322586620276354 ], [ 114.783691387347744, 40.322496172760225 ], [ 114.783527125276692, 40.32250312991556 ], [ 114.783557544844825, 40.322261935340123 ], [ 114.783271607199026, 40.322261935340123 ], [ 114.783265523285309, 40.322575024417915 ], [ 114.783396324281057, 40.322572705965683 ], [ 114.783423701442757, 40.322941454084912 ], [ 114.783365905612072, 40.322994794674059 ], [ 114.783381114946565, 40.323140902131001 ], [ 114.783265523285309, 40.323140902131001 ], [ 114.782936999143203, 40.323143221482553 ], [ 114.782873119399028, 40.322869559582557 ], [ 114.78274535991045, 40.322742005139503 ], [ 114.782654103004461, 40.322482257550178 ], [ 114.782419877275629, 40.322482257550178 ], [ 114.782419877275629, 40.322623727203279 ], [ 114.782605432594664, 40.322609812892608 ], [ 114.782593264767456, 40.322762878404149 ], [ 114.782727108169524, 40.322897390002595 ], [ 114.782754485331338, 40.323145539934785 ], [ 114.782857910064536, 40.323145539934785 ], [ 114.782900495661352, 40.323405285725414 ], [ 114.782760569244942, 40.323407605076966 ], [ 114.782763273506362, 40.323486641994975 ], [ 114.78253648696932, 40.323486641994975 ], [ 114.782532427429601, 40.323305561702341 ], [ 114.782331083612689, 40.32331280304345 ], [ 114.782325259603112, 40.32330697903393 ], [ 114.782325260502375, 40.323217146654031 ], [ 114.782324792854979, 40.323216679006578 ], [ 114.782191735460287, 40.323219753788635 ], [ 114.782179610800426, 40.323127316072828 ], [ 114.782161316791417, 40.322987837518724 ], [ 114.781905797814375, 40.323004071181003 ], [ 114.781927707098021, 40.323165542655715 ], [ 114.781942300396963, 40.323273094377839 ], [ 114.782024431882064, 40.323317157560837 ], [ 114.782179567632966, 40.323361221643097 ], [ 114.782276908452673, 40.323363540994649 ], [ 114.782286033873447, 40.323535157721381 ], [ 114.782386416200211, 40.323537477072989 ], [ 114.782380332286607, 40.323609370675968 ], [ 114.782517218095222, 40.323609370675968 ], [ 114.782535468936771, 40.323804178220314 ], [ 114.782431295967626, 40.32380474928982 ], [ 114.78211264638162, 40.323806497571866 ], [ 114.782124814208828, 40.323973474696174 ], [ 114.782366792993116, 40.323961508316984 ], [ 114.782349913617736, 40.324082474326758 ], [ 114.782209987201213, 40.324091750833702 ], [ 114.782173483719362, 40.324170600692696 ], [ 114.782258656711747, 40.324161324185809 ], [ 114.782264740625351, 40.324272642268681 ], [ 114.782401625534703, 40.32425408925485 ], [ 114.782454802447205, 40.324070385639857 ] ] ] } },
{ "type": "Feature", "properties": { "PV_Area": 0.0015993804031199999, "Inst_time": 20170604.0, "Inst_year": 2017, "Major_type": "Grassland", "Lat": 40.321734927900003, "Lon": 114.84552174, "Province": "河北", "Province_pinyin": "Hebei", "Province code": 13, "City": "张家口市", "City_pinyin": "Zhangjiakou", "City code": 1307, "County": "宣化县", "County_pinyin": "Xuanhua xian", "County code": 130721, "Township": "王家湾乡", "Township_pinyin": "wang jia wan xiang" }, "geometry": { "type": "Polygon", "coordinates": [ [ [ 114.845836150518039, 40.321600180004339 ], [ 114.84520733105353, 40.321600180004339 ], [ 114.845207330154267, 40.321869676244603 ], [ 114.8458361487194, 40.321869675345283 ], [ 114.845836150518039, 40.321600180004339 ] ] ] } },
{ "type": "Feature", "properties": { "PV_Area": 0.0179768006387, "Inst_time": 20170604.0, "Inst_year": 2017, "Major_type": "Grassland", "Lat": 40.321029019000001, "Lon": 114.843367585, "Province": "河北", "Province_pinyin": "Hebei", "Province code": 13, "City": "张家口市", "City_pinyin": "Zhangjiakou", "City code": 1307, "County": "宣化县", "County_pinyin": "Xuanhua xian", "County code": 130721, "Township": "王家湾乡", "Township_pinyin": "wang jia wan xiang" }, "geometry": { "type": "Polygon", "coordinates": [ [ [ 114.844061864563514, 40.320814040335733 ], [ 114.844039520907245, 40.320791695780201 ], [ 114.843680194085778, 40.320791695780201 ], [ 114.843590361705878, 40.320701865198998 ], [ 114.843410698744833, 40.320522202237896 ], [ 114.843410699644096, 40.320162875416429 ], [ 114.843320868163573, 40.320073043935906 ], [ 114.843231035783788, 40.319983211556007 ], [ 114.842961542241483, 40.319983211556007 ], [ 114.842871709861583, 40.320073043935906 ], [ 114.84287171076096, 40.320342539276794 ], [ 114.842961542241483, 40.320522202237896 ], [ 114.843051372822629, 40.320612032819099 ], [ 114.843320868163573, 40.320881528160044 ], [ 114.843410699644096, 40.320971358741247 ], [ 114.843410698744833, 40.321330684663394 ], [ 114.842512384838756, 40.321330684663394 ], [ 114.842332720079071, 40.321240854082191 ], [ 114.842332720978334, 40.321151021702349 ], [ 114.842153058017288, 40.321151021702349 ], [ 114.842063225637389, 40.321151021702349 ], [ 114.841883562676344, 40.321151021702349 ], [ 114.841883562676344, 40.321510347624496 ], [ 114.842063225637389, 40.321600180004339 ], [ 114.842512384838756, 40.321779842965441 ], [ 114.843231035783788, 40.321779842965441 ], [ 114.843231035783788, 40.321690010585598 ], [ 114.843500531124619, 40.321690010585598 ], [ 114.843680194085778, 40.321600180004339 ], [ 114.843819455003882, 40.321530549095598 ], [ 114.844018172800475, 40.321526747661323 ], [ 114.84401969355406, 40.321423542362652 ], [ 114.844135285215316, 40.321420063784956 ], [ 114.844129350589128, 40.321147056591428 ], [ 114.844129350589128, 40.320980068675283 ], [ 114.844180914117942, 40.320936505515363 ], [ 114.844188518785131, 40.320854172582074 ], [ 114.844293463372651, 40.320839097246619 ], [ 114.844291942619066, 40.320733571697019 ], [ 114.844424265267662, 40.320734731822483 ], [ 114.84443034918138, 40.320699942448414 ], [ 114.844558108669844, 40.320694144519223 ], [ 114.844742142336031, 40.320614130937429 ], [ 114.844737580075275, 40.320579342462736 ], [ 114.844971805804221, 40.320566586478833 ], [ 114.844965721890617, 40.320517881894773 ], [ 114.845053936390059, 40.320506286036334 ], [ 114.845064583463795, 40.320459900803826 ], [ 114.845317060034404, 40.320435548961484 ], [ 114.845324664701593, 40.320371769041969 ], [ 114.845429610188376, 40.320367130338866 ], [ 114.845422005521186, 40.320321905231822 ], [ 114.84462807142836, 40.320375247619609 ], [ 114.844634155342078, 40.320050551891484 ], [ 114.844410576686869, 40.320056349820732 ], [ 114.84438167877147, 40.320211740079799 ], [ 114.8445063958535, 40.320216378782902 ], [ 114.844497270432726, 40.32064660006057 ], [ 114.844320840534465, 40.32064660006057 ], [ 114.844179392465094, 40.320701102573878 ], [ 114.844162662377016, 40.320777637577976 ], [ 114.844061864563514, 40.320814040335733 ] ] ] } },
{ "type": "Feature", "properties": { "PV_Area": 0.027507682696900002, "Inst_time": 20170701.0, "Inst_year": 2017, "Major_type": "Grassland", "Lat": 40.319000362799997, "Lon": 114.830849499, "Province": "河北", "Province_pinyin": "Hebei", "Province code": 13, "City": "张家口市", "City_pinyin": "Zhangjiakou", "City code": 1307, "County": "宣化县", "County_pinyin": "Xuanhua xian", "County code": 130721, "Township": "王家湾乡", "Township_pinyin": "wang jia wan xiang" }, "geometry": { "type": "MultiPolygon", "coordinates": [ [ [ [ 114.830744453693683, 40.320162875416429 ], [ 114.830924116654728, 40.319983211556007 ], [ 114.831103779615773, 40.319803548594962 ], [ 114.831283442576819, 40.31962388563386 ], [ 114.831373274057455, 40.319534055052657 ], [ 114.8315529370185, 40.319444222672814 ], [ 114.832271588862795, 40.319444222672814 ], [ 114.832361421242695, 40.319354391192235 ], [ 114.832361421242695, 40.31908489675061 ], [ 114.832271589762172, 40.318995066169407 ], [ 114.831732600878922, 40.318995066169407 ], [ 114.831103779615773, 40.31908489675061 ], [ 114.830924116654728, 40.319174729130509 ], [ 114.830474959252001, 40.319444222672814 ], [ 114.830385127771478, 40.31962388563386 ], [ 114.830385126872216, 40.320073043935906 ], [ 114.830564790732524, 40.320162875416429 ], [ 114.830744453693683, 40.320162875416429 ] ] ], [ [ [ 114.831175308094089, 40.318933816042829 ], [ 114.831701555382551, 40.318933816042829 ], [ 114.831707639296155, 40.318893228739569 ], [ 114.83182779411743, 40.318892068614105 ], [ 114.831824751710997, 40.318858438466236 ], [ 114.832163922926725, 40.31883640507607 ], [ 114.832163922926725, 40.318756388796373 ], [ 114.832506135649737, 40.318785380241138 ], [ 114.832507656403322, 40.318642743268015 ], [ 114.832618685803823, 40.318643902494159 ], [ 114.832618685803823, 40.318522138785738 ], [ 114.832395106249237, 40.318515180731083 ], [ 114.832384460074877, 40.318482709809246 ], [ 114.832265826007074, 40.318496625918613 ], [ 114.832267346760659, 40.318532575418089 ], [ 114.831958595113178, 40.318537214121193 ], [ 114.83194946969229, 40.318452559138336 ], [ 114.832060498193528, 40.318446760309769 ], [ 114.832051372772753, 40.318207869797391 ], [ 114.831821710203826, 40.318210189148942 ], [ 114.831672657467266, 40.318050155690173 ], [ 114.831456683479246, 40.317888962105997 ], [ 114.831341090918727, 40.317887801980532 ], [ 114.831357821906067, 40.317558454958771 ], [ 114.830903059028969, 40.317553816255668 ], [ 114.83086807720008, 40.317464520771068 ], [ 114.830621683643813, 40.317478437779755 ], [ 114.830600390395716, 40.317538740920213 ], [ 114.830810281369395, 40.317536421568661 ], [ 114.830865035692909, 40.317622236676925 ], [ 114.830982148107751, 40.317631514083189 ], [ 114.830994315934959, 40.317783432059798 ], [ 114.831202685255789, 40.317778793356695 ], [ 114.831208769169393, 40.317897079386739 ], [ 114.831312193003328, 40.317887801980532 ], [ 114.831339570165142, 40.318025802948512 ], [ 114.831436910984735, 40.318011886839145 ], [ 114.831446036405509, 40.318051314916318 ], [ 114.831538814065084, 40.318047836338621 ], [ 114.831543377225103, 40.318156844962459 ], [ 114.831651364219169, 40.318155684837052 ], [ 114.831666573553548, 40.31821598797751 ], [ 114.831785207621351, 40.3182020718682 ], [ 114.831797375448559, 40.318530256066538 ], [ 114.831920571777005, 40.318525617363377 ], [ 114.831926655690722, 40.318620708978585 ], [ 114.83159508914207, 40.318660137955078 ], [ 114.831585963721295, 40.31883292649843 ], [ 114.831175308094089, 40.318817851162976 ], [ 114.831175308094089, 40.318933816042829 ] ] ], [ [ [ 114.829826229696778, 40.320638482779827 ], [ 114.830110646589105, 40.320644280709018 ], [ 114.830144106765147, 40.320476135365425 ], [ 114.830247531498458, 40.320468018084625 ], [ 114.830233842917551, 40.320325383809461 ], [ 114.829791247867888, 40.320323064457909 ], [ 114.829783643200585, 40.320571224282617 ], [ 114.829826229696778, 40.320638482779827 ] ] ], [ [ [ 114.828384372740629, 40.319336214095074 ], [ 114.828361558739061, 40.319358247485184 ], [ 114.828343307897399, 40.319431304810905 ], [ 114.828352433318173, 40.319575100110853 ], [ 114.828265739572316, 40.319575100110853 ], [ 114.82821706916252, 40.319730492168503 ], [ 114.828116686835642, 40.319739769574767 ], [ 114.828115166082057, 40.319758323487918 ], [ 114.828113644429209, 40.319825582884391 ], [ 114.828139500837324, 40.319883563975338 ], [ 114.828148626258212, 40.319982133268866 ], [ 114.828144063997456, 40.320081861788537 ], [ 114.828144063997456, 40.32012476844335 ], [ 114.828141021590909, 40.320239571399156 ], [ 114.828182087333516, 40.320345097848019 ], [ 114.828235320903445, 40.320370609815825 ], [ 114.829622422636703, 40.320282478053969 ], [ 114.829614817969514, 40.320239571399156 ], [ 114.829525082716486, 40.320051711117628 ], [ 114.829296940901145, 40.32005403046918 ], [ 114.829292377741126, 40.31981514535272 ], [ 114.829170702166266, 40.319710778129945 ], [ 114.828858908112124, 40.319580898939364 ], [ 114.828627724789726, 40.31958437751706 ], [ 114.828610993802386, 40.319347810852832 ], [ 114.828384372740629, 40.319336214095074 ] ] ], [ [ [ 114.840342807274851, 40.308916579836364 ], [ 114.840443190500878, 40.308924698915803 ], [ 114.840560302915719, 40.308858588852843 ], [ 114.84055269824853, 40.308760003371503 ], [ 114.840479693083466, 40.308761163496968 ], [ 114.84045839983537, 40.308661418789484 ], [ 114.84055269824853, 40.308649820233086 ], [ 114.840554219002115, 40.308341305107206 ], [ 114.840432543427255, 40.308329706550751 ], [ 114.840417334092763, 40.308480485086363 ], [ 114.840323035679603, 40.308473526132389 ], [ 114.840307826345224, 40.308487444040338 ], [ 114.840219610946406, 40.30849440299437 ], [ 114.840224174106424, 40.308648660107622 ], [ 114.840330640346792, 40.308650980358493 ], [ 114.840342807274851, 40.308916579836364 ] ] ] ] } },
{ "type": "Feature", "properties": { "PV_Area": 0.0012530618723, "Inst_time": 20171029.0, "Inst_year": 2017, "Major_type": "Grassland", "Lat": 40.318800939, "Lon": 114.848522364, "Province": "河北", "Province_pinyin": "Hebei", "Province code": 13, "City": "张家口市", "City_pinyin": "Zhangjiakou", "City code": 1307, "County": "宣化县", "County_pinyin": "Xuanhua xian", "County code": 130721, "Township": "王家湾乡", "Township_pinyin": "wang jia wan xiang" }, "geometry": { "type": "Polygon", "coordinates": [ [ [ 114.848367322993568, 40.318921124810117 ], [ 114.848780531796137, 40.318915263028998 ], [ 114.848800590275118, 40.318905233789565 ], [ 114.848800591174381, 40.318725570828462 ], [ 114.848620928213336, 40.31863573934794 ], [ 114.848441265252291, 40.31863573934794 ], [ 114.848351432872391, 40.318725570828462 ], [ 114.848351432872391, 40.3188393098863 ], [ 114.84811103689492, 40.318846842607741 ], [ 114.848071492805161, 40.318918740707375 ], [ 114.848354978899238, 40.318908779816411 ], [ 114.848367322993568, 40.318921124810117 ] ] ] } },
{ "type": "Feature", "properties": { "PV_Area": 0.00239916651428, "Inst_time": 20170604.0, "Inst_year": 2017, "Major_type": "Grassland", "Lat": 40.318804945700002, "Lon": 114.84368304500001, "Province": "河北", "Province_pinyin": "Hebei", "Province code": 13, "City": "张家口市", "City_pinyin": "Zhangjiakou", "City code": 1307, "County": "宣化县", "County_pinyin": "Xuanhua xian", "County code": 130721, "Township": "王家湾乡", "Township_pinyin": "wang jia wan xiang" }, "geometry": { "type": "Polygon", "coordinates": [ [ [ 114.843770024666924, 40.31908489675061 ], [ 114.843949687628083, 40.318995066169407 ], [ 114.843949687628083, 40.318725570828462 ], [ 114.843859857046823, 40.318545907867417 ], [ 114.843500531124619, 40.318545907867417 ], [ 114.843410698744833, 40.31863573934794 ], [ 114.843410698744833, 40.318905233789565 ], [ 114.843590362605255, 40.31908489675061 ], [ 114.843770024666924, 40.31908489675061 ] ] ] } },
{ "type": "Feature", "properties": { "PV_Area": 0.0057426811099300003, "Inst_time": 20170819.0, "Inst_year": 2017, "Major_type": "Grassland", "Lat": 40.318675837100002, "Lon": 114.828826588, "Province": "河北", "Province_pinyin": "Hebei", "Province code": 13, "City": "张家口市", "City_pinyin": "Zhangjiakou", "City code": 1307, "County": "宣化县", "County_pinyin": "Xuanhua xian", "County code": 130721, "Township": "王家湾乡", "Township_pinyin": "wang jia wan xiang" }, "geometry": { "type": "Polygon", "coordinates": [ [ [ 114.828408834300376, 40.318834745826905 ], [ 114.828408834300376, 40.318905233789565 ], [ 114.828588497261421, 40.318995066169407 ], [ 114.828947823183512, 40.318995066169407 ], [ 114.829217317625194, 40.31908489675061 ], [ 114.829217317625194, 40.319174729130509 ], [ 114.829396980586239, 40.319174729130509 ], [ 114.829486812066762, 40.31908489675061 ], [ 114.829486812066762, 40.318815403208362 ], [ 114.829448880461541, 40.318796437405695 ], [ 114.829112906335581, 40.31879233829585 ], [ 114.829111385581996, 40.318736674757758 ], [ 114.828965374352606, 40.318686810048291 ], [ 114.82887715985305, 40.318691448751395 ], [ 114.828871084033381, 40.318507538292295 ], [ 114.828864768094604, 40.318504380772595 ], [ 114.828869555185861, 40.318220626680613 ], [ 114.828974499773381, 40.31821598797751 ], [ 114.828974499773381, 40.318020004119944 ], [ 114.828732669377246, 40.318042037510054 ], [ 114.828722023202886, 40.318148727681717 ], [ 114.828358517231891, 40.318173080423378 ], [ 114.828369163406251, 40.318296004257263 ], [ 114.82848475596677, 40.318290206328015 ], [ 114.82848779747394, 40.318358626749273 ], [ 114.828614036208819, 40.318349349343066 ], [ 114.82861707771599, 40.31838645806863 ], [ 114.82875548427819, 40.318381819365527 ], [ 114.828750733159836, 40.318456076386894 ], [ 114.828513754606206, 40.318456076386894 ], [ 114.828509090722036, 40.318600994940027 ], [ 114.828424494195133, 40.318604420457689 ], [ 114.828165357245553, 40.318614911049337 ], [ 114.828182087333516, 40.318679851993636 ], [ 114.82828246966028, 40.318677532642084 ], [ 114.82827942815311, 40.318841043779173 ], [ 114.828408834300376, 40.318834745826905 ] ] ] } },
{ "type": "Feature", "properties": { "PV_Area": 0.0020434652454399999, "Inst_time": 20210501.0, "Inst_year": 2021, "Major_type": "Grassland", "Lat": 40.318733847499999, "Lon": 114.830719543, "Province": "河北", "Province_pinyin": "Hebei", "Province code": 13, "City": "张家口市", "City_pinyin": "Zhangjiakou", "City code": 1307, "County": "宣化县", "County_pinyin": "Xuanhua xian", "County code": 130721, "Township": "王家湾乡", "Township_pinyin": "wang jia wan xiang" }, "geometry": { "type": "Polygon", "coordinates": [ [ [ 114.830481767119863, 40.318822211076224 ], [ 114.830458943225722, 40.318928018113581 ], [ 114.830563887813241, 40.318930337465133 ], [ 114.830560846306071, 40.319019630251773 ], [ 114.830816365283113, 40.319008033494015 ], [ 114.830816365283113, 40.31894425267518 ], [ 114.83092283152348, 40.318941933323629 ], [ 114.83092283152348, 40.31883292649843 ], [ 114.830906277702638, 40.318833242160451 ], [ 114.83080115594862, 40.318835245849982 ], [ 114.830793551281431, 40.318710002664545 ], [ 114.830924116654728, 40.318710002664545 ], [ 114.830924116654728, 40.318674266304413 ], [ 114.831167703426786, 40.318667096009733 ], [ 114.831155535599578, 40.318576642198309 ], [ 114.830915226856291, 40.318588238956124 ], [ 114.830904579782555, 40.318511701254067 ], [ 114.83079725738753, 40.318508880080799 ], [ 114.830519294929559, 40.31850157129054 ], [ 114.830474959252001, 40.318545907867417 ], [ 114.830474959252001, 40.318815403208362 ], [ 114.830481767119863, 40.318822211076224 ] ] ] } },
{ "type": "Feature", "properties": { "PV_Area": 0.0122433141818, "Inst_time": 20210501.0, "Inst_year": 2021, "Major_type": "Grassland", "Lat": 40.318497178199998, "Lon": 114.833814355, "Province": "河北", "Province_pinyin": "Hebei", "Province code": 13, "City": "张家口市", "City_pinyin": "Zhangjiakou", "City code": 1307, "County": "宣化县", "County_pinyin": "Xuanhua xian", "County code": 130721, "Township": "王家湾乡", "Township_pinyin": "wang jia wan xiang" }, "geometry": { "type": "Polygon", "coordinates": [ [ [ 114.833467316663359, 40.318623579614552 ], [ 114.8336407608125, 40.318610272346234 ], [ 114.833614905303648, 40.31878769959269 ], [ 114.833730496964904, 40.318781901663499 ], [ 114.833742664792226, 40.318981361400745 ], [ 114.833941908692168, 40.318973244119945 ], [ 114.833914531530468, 40.319086889648304 ], [ 114.833582158290028, 40.319100919971504 ], [ 114.833474977987862, 40.319105444460718 ], [ 114.833474977987862, 40.319143712412426 ], [ 114.83360249825671, 40.319141599005661 ], [ 114.834524364507843, 40.319126319524059 ], [ 114.834607209155479, 40.31908489675061 ], [ 114.834607209155479, 40.31896181913271 ], [ 114.834912271783992, 40.318943093449036 ], [ 114.834884894622292, 40.31887699327865 ], [ 114.834679566808632, 40.318707683312994 ], [ 114.834607209155479, 40.318710459520162 ], [ 114.834437736412497, 40.3187169607192 ], [ 114.834446152268129, 40.31831362557341 ], [ 114.834448383486119, 40.318206710571303 ], [ 114.834299330749559, 40.318200911742736 ], [ 114.834166725713885, 40.318276413425792 ], [ 114.833738932605684, 40.318276413425792 ], [ 114.833742664792226, 40.31817539977493 ], [ 114.833589048895533, 40.318007248136041 ], [ 114.833439996158972, 40.317901718089843 ], [ 114.833423266070895, 40.317662825778825 ], [ 114.833009568936518, 40.317668623708073 ], [ 114.833038466851804, 40.317832137543178 ], [ 114.832933521365021, 40.317843734300936 ], [ 114.83293808452504, 40.318080307260402 ], [ 114.83327877559509, 40.318066391151092 ], [ 114.833284859508694, 40.318284408398767 ], [ 114.832921353537699, 40.3182786095702 ], [ 114.832922874291285, 40.318353988046169 ], [ 114.833017173603707, 40.318352827920705 ], [ 114.8330323829382, 40.318636944439504 ], [ 114.83346715388609, 40.318622601152185 ], [ 114.833467316663359, 40.318623579614552 ] ] ] } },
{ "type": "Feature", "properties": { "PV_Area": 0.0103891113385, "Inst_time": 20170807.0, "Inst_year": 2017, "Major_type": "Grassland", "Lat": 40.318271757399998, "Lon": 114.850027723, "Province": "河北", "Province_pinyin": "Hebei", "Province code": 13, "City": "张家口市", "City_pinyin": "Zhangjiakou", "City code": 1307, "County": "宣化县", "County_pinyin": "Xuanhua xian", "County code": 130721, "Township": "王家湾乡", "Township_pinyin": "wang jia wan xiang" }, "geometry": { "type": "Polygon", "coordinates": [ [ [ 114.850034307237593, 40.31868358957604 ], [ 114.85015366705818, 40.318684490696739 ], [ 114.850162792478955, 40.318277450344112 ], [ 114.850368120292615, 40.318257735406235 ], [ 114.850634285444016, 40.318098861173553 ], [ 114.850978019819877, 40.317800826746804 ], [ 114.851177263719819, 40.317567732365035 ], [ 114.85116965905263, 40.31749931194372 ], [ 114.850626680776713, 40.317512067927623 ], [ 114.850458129838898, 40.31764759306202 ], [ 114.85041755782413, 40.31764759306202 ], [ 114.850237894862971, 40.317737423643223 ], [ 114.84996840132078, 40.31809674956537 ], [ 114.849878568041504, 40.31818658194527 ], [ 114.849609075398575, 40.318366244906315 ], [ 114.84942941243753, 40.318456076386894 ], [ 114.848890421755641, 40.31863573934794 ], [ 114.848890421755641, 40.318815403208362 ], [ 114.848980254135427, 40.318905233789565 ], [ 114.849788739258997, 40.318905233789565 ], [ 114.849968402220043, 40.318815403208362 ], [ 114.850034307237593, 40.31868358957604 ] ] ] } },
{ "type": "Feature", "properties": { "PV_Area": 0.037800500865600002, "Inst_time": 20211025.0, "Inst_year": 2021, "Major_type": "Grassland", "Lat": 40.317181771800001, "Lon": 114.841297161, "Province": "河北", "Province_pinyin": "Hebei", "Province code": 13, "City": "张家口市", "City_pinyin": "Zhangjiakou", "City code": 1307, "County": "宣化县", "County_pinyin": "Xuanhua xian", "County code": 130721, "Township": "王家湾乡", "Township_pinyin": "wang jia wan xiang" }, "geometry": { "type": "Polygon", "coordinates": [ [ [ 114.840395214367732, 40.31822536880577 ], [ 114.840398322424676, 40.318438643029026 ], [ 114.840293376937893, 40.318440962380578 ], [ 114.840281209110572, 40.318494306567061 ], [ 114.840618859572828, 40.318487348512349 ], [ 114.840615817166281, 40.318359785975417 ], [ 114.840856126808831, 40.31836790325616 ], [ 114.84085090984172, 40.318276413425792 ], [ 114.841434406172993, 40.318276413425792 ], [ 114.841434406172993, 40.31818658194527 ], [ 114.841703899715299, 40.31818658194527 ], [ 114.841883562676344, 40.318006918984167 ], [ 114.841883562676344, 40.317737423643223 ], [ 114.841703899715299, 40.317737423643223 ], [ 114.841703899715299, 40.317467930100918 ], [ 114.841793732095084, 40.317378097721075 ], [ 114.842063224738126, 40.317378097721075 ], [ 114.842063225637389, 40.31764759306202 ], [ 114.841973395056243, 40.31764759306202 ], [ 114.841973395056243, 40.317827256023122 ], [ 114.842153058017288, 40.317917086604325 ], [ 114.842242888598548, 40.317917086604325 ], [ 114.842332720978334, 40.317827256023122 ], [ 114.842422552458856, 40.317737423643223 ], [ 114.842422551559594, 40.31764759306202 ], [ 114.842332720079071, 40.317557760682178 ], [ 114.842422551559594, 40.317288267139872 ], [ 114.842602215420015, 40.31719843476003 ], [ 114.842692046900538, 40.31710860417877 ], [ 114.842692047799801, 40.316928940318405 ], [ 114.842602215420015, 40.316839108837883 ], [ 114.842332720978334, 40.316839108837883 ], [ 114.842242887699172, 40.316749277357303 ], [ 114.842063224738126, 40.316569614396258 ], [ 114.842063225637389, 40.315940794032485 ], [ 114.841973395056243, 40.315850961652586 ], [ 114.841883562676344, 40.315761131071383 ], [ 114.841703899715299, 40.315761131071383 ], [ 114.84152423675414, 40.315850961652586 ], [ 114.841344573793094, 40.316120456993531 ], [ 114.841254743211834, 40.316210287574791 ], [ 114.840985248770266, 40.316389951435156 ], [ 114.840715753429322, 40.316479782915678 ], [ 114.840625921948799, 40.316569614396258 ], [ 114.840625921948799, 40.316578325229557 ], [ 114.840395280018242, 40.316564606071779 ], [ 114.840151928868522, 40.316631868166212 ], [ 114.840097174545008, 40.316682893900463 ], [ 114.839583095083867, 40.316689852854495 ], [ 114.839573969662979, 40.316891638238587 ], [ 114.840492620837836, 40.31686380601991 ], [ 114.840515151553063, 40.31764759306202 ], [ 114.840446259887017, 40.31764759306202 ], [ 114.840356426607855, 40.317737423643223 ], [ 114.840270415447321, 40.317823436602396 ], [ 114.839508569165218, 40.317819381559275 ], [ 114.839513131425974, 40.317876205222717 ], [ 114.839981582883752, 40.317864608464959 ], [ 114.840013523205585, 40.317921432128458 ], [ 114.840266596026595, 40.317931831888586 ], [ 114.840266596026595, 40.318006918984167 ], [ 114.840356426607855, 40.31818658194527 ], [ 114.840395214367732, 40.31822536880577 ] ] ] } },
{ "type": "Feature", "properties": { "PV_Area": 0.0110822481619, "Inst_time": 20170727.0, "Inst_year": 2017, "Major_type": "Grassland", "Lat": 40.316513636899998, "Lon": 114.847167674, "Province": "河北", "Province_pinyin": "Hebei", "Province code": 13, "City": "张家口市", "City_pinyin": "Zhangjiakou", "City code": 1307, "County": "宣化县", "County_pinyin": "Xuanhua xian", "County code": 130721, "Township": "王家湾乡", "Township_pinyin": "wang jia wan xiang" }, "geometry": { "type": "Polygon", "coordinates": [ [ [ 114.847363284787775, 40.317288267139872 ], [ 114.847363286586415, 40.31719843386071 ], [ 114.847453118067051, 40.31710860417877 ], [ 114.847542949547574, 40.31710860417877 ], [ 114.847632781028096, 40.317018771798928 ], [ 114.84763278012872, 40.316749277357303 ], [ 114.847542950446837, 40.316210287574791 ], [ 114.847453117167674, 40.316030624613688 ], [ 114.847273455105892, 40.315581468110338 ], [ 114.847003959764947, 40.315581468110338 ], [ 114.846914129183801, 40.315671298691541 ], [ 114.846824295904639, 40.316210287574791 ], [ 114.846734466222756, 40.316928940318405 ], [ 114.846734466222756, 40.31710860417877 ], [ 114.846914129183801, 40.317288267139872 ], [ 114.847363284787775, 40.317288267139872 ] ] ] } },
{ "type": "Feature", "properties": { "PV_Area": 0.0438369066504, "Inst_time": 20180801.0, "Inst_year": 2018, "Major_type": "Grassland", "Lat": 40.316273929399998, "Lon": 114.82665882000001, "Province": "河北", "Province_pinyin": "Hebei", "Province code": 13, "City": "张家口市", "City_pinyin": "Zhangjiakou", "City code": 1307, "County": "宣化县", "County_pinyin": "Xuanhua xian", "County code": 130721, "Township": "王家湾乡", "Township_pinyin": "wang jia wan xiang" }, "geometry": { "type": "Polygon", "coordinates": [ [ [ 114.827959675998272, 40.316508333692695 ], [ 114.827959675998272, 40.316300119954633 ], [ 114.827869845417126, 40.316210287574791 ], [ 114.827690182455967, 40.316120456993531 ], [ 114.827510518595659, 40.316030624613688 ], [ 114.827420687115136, 40.315940794032485 ], [ 114.827420687115136, 40.315761131071383 ], [ 114.8273308556345, 40.315671298691541 ], [ 114.827151192673455, 40.315581468110338 ], [ 114.826622293284231, 40.31549331746271 ], [ 114.826391934640128, 40.315217029542339 ], [ 114.826192690740186, 40.315207752136132 ], [ 114.826183565319297, 40.315153245126226 ], [ 114.826055805830833, 40.315154405251633 ], [ 114.8260527634244, 40.315099898241783 ], [ 114.825973674345619, 40.315098738116319 ], [ 114.82595542350407, 40.314995523824393 ], [ 114.825727281688728, 40.314855197209624 ], [ 114.825649713363646, 40.314848239154969 ], [ 114.825640587043495, 40.314693995531513 ], [ 114.825491534306934, 40.314685877351394 ], [ 114.825497618220538, 40.314801850325182 ], [ 114.825270997158896, 40.314791412793511 ], [ 114.825229932315551, 40.315276175255349 ], [ 114.825077837172557, 40.315281974083916 ], [ 114.825015479081117, 40.315336480194446 ], [ 114.825003311253909, 40.315486083316159 ], [ 114.82505350241729, 40.315584658904925 ], [ 114.825137154655977, 40.31563684566396 ], [ 114.825286207392651, 40.315639165015511 ], [ 114.825287728146236, 40.315694830352186 ], [ 114.8253607333113, 40.315686713071386 ], [ 114.8253607333113, 40.315849071277682 ], [ 114.825483929639745, 40.315845592699986 ], [ 114.825518911468635, 40.31628975796599 ], [ 114.825747053283976, 40.316309472903924 ], [ 114.825737927863088, 40.316447476569863 ], [ 114.825873292018855, 40.316441678640615 ], [ 114.825862645844495, 40.316594757642008 ], [ 114.825909794601444, 40.316673616494256 ], [ 114.826071015165326, 40.316675935845808 ], [ 114.826084703746119, 40.316925269285775 ], [ 114.826169876738504, 40.317036599059861 ], [ 114.826315887068631, 40.317150248185442 ], [ 114.826476222699625, 40.317152285149916 ], [ 114.826522372309682, 40.31719843476003 ], [ 114.826684091097945, 40.31719843476003 ], [ 114.827302488319219, 40.317590859330721 ], [ 114.827330854735237, 40.31764759306202 ], [ 114.827510518595659, 40.317737423643223 ], [ 114.827780013037227, 40.317737423643223 ], [ 114.827869845417126, 40.31764759306202 ], [ 114.827959675998272, 40.317557760682178 ], [ 114.827959675998272, 40.317161112895121 ], [ 114.828106039762019, 40.317154886888545 ], [ 114.828145584751041, 40.316784947167605 ], [ 114.828045202424164, 40.316784947167605 ], [ 114.828019346016049, 40.316508940735105 ], [ 114.827959675998272, 40.316508333692695 ] ] ] } },
{ "type": "Feature", "properties": { "PV_Area": 0.00156144822387, "Inst_time": 20170915.0, "Inst_year": 2017, "Major_type": "Grassland", "Lat": 40.315084837900002, "Lon": 114.851547391, "Province": "河北", "Province_pinyin": "Hebei", "Province code": 13, "City": "张家口市", "City_pinyin": "Zhangjiakou", "City code": 1307, "County": "宣化县", "County_pinyin": "Xuanhua xian", "County code": 130721, "Township": "王家湾乡", "Township_pinyin": "wang jia wan xiang" }, "geometry": { "type": "Polygon", "coordinates": [ [ [ 114.85185486331136, 40.314952646847246 ], [ 114.851226042048211, 40.314952646847246 ], [ 114.851226042048211, 40.315132309808291 ], [ 114.85131587442811, 40.315222141288814 ], [ 114.85185486331136, 40.315222141288814 ], [ 114.85185486331136, 40.314952646847246 ] ] ] } },
{ "type": "Feature", "properties": { "PV_Area": 0.061200494973200001, "Inst_time": 20170517.0, "Inst_year": 2017, "Major_type": "Cropland", "Lat": 40.315842558500002, "Lon": 114.838354792, "Province": "河北", "Province_pinyin": "Hebei", "Province code": 13, "City": "张家口市", "City_pinyin": "Zhangjiakou", "City code": 1307, "County": "宣化县", "County_pinyin": "Xuanhua xian", "County code": 130721, "Township": "王家湾乡", "Township_pinyin": "wang jia wan xiang" }, "geometry": { "type": "Polygon", "coordinates": [ [ [ 114.838020808113811, 40.31719843476003 ], [ 114.838020808113811, 40.31710860417877 ], [ 114.838110638695071, 40.317018771798928 ], [ 114.838559797896437, 40.316569614396258 ], [ 114.839907270104504, 40.316569614396258 ], [ 114.839997100685764, 40.316389951435156 ], [ 114.840086933964926, 40.316120456993531 ], [ 114.840176763646809, 40.315850961652586 ], [ 114.840176762747433, 40.315132309808291 ], [ 114.840266596925971, 40.315132309808291 ], [ 114.840266596026595, 40.314952646847246 ], [ 114.84008693306555, 40.314772983886144 ], [ 114.839817437724605, 40.314772983886144 ], [ 114.839458111802514, 40.314952646847246 ], [ 114.83909878588031, 40.315042478327769 ], [ 114.83855979699706, 40.315042478327769 ], [ 114.838469964617275, 40.314952646847246 ], [ 114.838469964617275, 40.314772983886144 ], [ 114.838380134036015, 40.314683152405621 ], [ 114.838290301656116, 40.314593320925098 ], [ 114.838020808113811, 40.314593320925098 ], [ 114.83775131277298, 40.314862815366666 ], [ 114.836942829448049, 40.314952646847246 ], [ 114.836763165587627, 40.315132309808291 ], [ 114.836763166487003, 40.316389951435156 ], [ 114.836852998866902, 40.316749277357303 ], [ 114.836942829448049, 40.316928940318405 ], [ 114.837032660928571, 40.317018771798928 ], [ 114.83721232388973, 40.31710860417877 ], [ 114.837661481292344, 40.31719843476003 ], [ 114.838020808113811, 40.31719843476003 ] ] ] } },
{ "type": "Feature", "properties": { "PV_Area": 0.0094313660712500007, "Inst_time": 20210426.0, "Inst_year": 2021, "Major_type": "Grassland", "Lat": 40.314308793499997, "Lon": 114.827030819, "Province": "河北", "Province_pinyin": "Hebei", "Province code": 13, "City": "张家口市", "City_pinyin": "Zhangjiakou", "City code": 1307, "County": "宣化县", "County_pinyin": "Xuanhua xian", "County code": 130721, "Township": "王家湾乡", "Township_pinyin": "wang jia wan xiang" }, "geometry": { "type": "Polygon", "coordinates": [ [ [ 114.827037790861368, 40.313988069993513 ], [ 114.826693081620533, 40.313976122500094 ], [ 114.826680913793211, 40.313843912266805 ], [ 114.826583573872881, 40.313656033998825 ], [ 114.826467981312362, 40.313519184163056 ], [ 114.82628546839976, 40.313519184163056 ], [ 114.826291552313364, 40.313642116990138 ], [ 114.826051242670815, 40.313642116990138 ], [ 114.826020824001944, 40.313737215799904 ], [ 114.826446688064266, 40.313746494105487 ], [ 114.826510567808555, 40.314029470283856 ], [ 114.826610951034581, 40.314031789635408 ], [ 114.826586615380052, 40.314180236228992 ], [ 114.826632244282678, 40.314356515041197 ], [ 114.826723500289404, 40.31488071097607 ], [ 114.827563062385479, 40.314866794866759 ], [ 114.827552707591394, 40.31434764772581 ], [ 114.827600350076182, 40.314323825584154 ], [ 114.827690181556704, 40.314233995002894 ], [ 114.827690181556704, 40.314054332041849 ], [ 114.827600350076182, 40.313964499662006 ], [ 114.827061361192932, 40.313964499662006 ], [ 114.827037790861368, 40.313988069993513 ] ] ] } },
{ "type": "Feature", "properties": { "PV_Area": 0.019232600274500002, "Inst_time": 20170517.0, "Inst_year": 2017, "Major_type": "Cropland", "Lat": 40.314631446699998, "Lon": 114.841758215, "Province": "河北", "Province_pinyin": "Hebei", "Province code": 13, "City": "张家口市", "City_pinyin": "Zhangjiakou", "City code": 1307, "County": "宣化县", "County_pinyin": "Xuanhua xian", "County code": 130721, "Township": "王家湾乡", "Township_pinyin": "wang jia wan xiang" }, "geometry": { "type": "Polygon", "coordinates": [ [ [ 114.840985248770266, 40.316030624613688 ], [ 114.841075079351526, 40.315850961652586 ], [ 114.841344573793094, 40.315311972769393 ], [ 114.84152423675414, 40.315222141288814 ], [ 114.841703898815922, 40.315132309808291 ], [ 114.842153058017288, 40.314772983886144 ], [ 114.842242889497811, 40.314683152405621 ], [ 114.842512384838756, 40.314323825584154 ], [ 114.842602216319278, 40.314233995002894 ], [ 114.84287171076096, 40.314054332041849 ], [ 114.842961542241483, 40.313964499662006 ], [ 114.843051372822629, 40.313784836700904 ], [ 114.843051372822629, 40.313605173739802 ], [ 114.842961542241483, 40.313515342259279 ], [ 114.842692046001162, 40.313515342259279 ], [ 114.842512383939379, 40.313605173739802 ], [ 114.842332720079071, 40.313695005220382 ], [ 114.842153058017288, 40.313874668181427 ], [ 114.841883563575607, 40.314054332041849 ], [ 114.841614069134039, 40.314144162623052 ], [ 114.841434406172993, 40.314233995002894 ], [ 114.841344573793094, 40.314323825584154 ], [ 114.841254743211834, 40.314413657963996 ], [ 114.840985247871004, 40.314862815366666 ], [ 114.840895416390367, 40.314952646847246 ], [ 114.840805585809221, 40.315132308908971 ], [ 114.840715753429322, 40.315671298691541 ], [ 114.840715753429322, 40.316030624613688 ], [ 114.840985248770266, 40.316030624613688 ] ] ] } },
{ "type": "Feature", "properties": { "PV_Area": 0.027306550564300001, "Inst_time": 20170915.0, "Inst_year": 2017, "Major_type": "Grassland", "Lat": 40.314469828299998, "Lon": 114.849066995, "Province": "河北", "Province_pinyin": "Hebei", "Province code": 13, "City": "张家口市", "City_pinyin": "Zhangjiakou", "City code": 1307, "County": "宣化县", "County_pinyin": "Xuanhua xian", "County code": 130721, "Township": "王家湾乡", "Township_pinyin": "wang jia wan xiang" }, "geometry": { "type": "Polygon", "coordinates": [ [ [ 114.848261603190508, 40.315671298691541 ], [ 114.848441265252291, 40.315581468110338 ], [ 114.848531095833437, 40.315401804249916 ], [ 114.848531095833437, 40.315132309808291 ], [ 114.848620928213336, 40.314952646847246 ], [ 114.848800590275118, 40.314862815366666 ], [ 114.849249748577108, 40.314683152405621 ], [ 114.849339580057631, 40.314593320925098 ], [ 114.849519243018676, 40.314413657963996 ], [ 114.849968402220043, 40.314413657963996 ], [ 114.85032772724287, 40.314323825584154 ], [ 114.85041755782413, 40.314233995002894 ], [ 114.850597221684438, 40.313964499662006 ], [ 114.850687052265698, 40.313874668181427 ], [ 114.850956548506019, 40.313784836700904 ], [ 114.851136210567688, 40.313605173739802 ], [ 114.851136211467065, 40.313425510778757 ], [ 114.851046379087165, 40.313335679298234 ], [ 114.850956547606643, 40.313245847817655 ], [ 114.850776884645597, 40.313245847817655 ], [ 114.85041755782413, 40.313695005220382 ], [ 114.85032772724287, 40.313784836700904 ], [ 114.850148064281825, 40.313784836700904 ], [ 114.849878568940881, 40.313695005220382 ], [ 114.849878568940881, 40.313605173739802 ], [ 114.849609074499199, 40.313605173739802 ], [ 114.849339580057631, 40.313695005220382 ], [ 114.849070085616063, 40.313784836700904 ], [ 114.848890420856264, 40.313874668181427 ], [ 114.848800591174381, 40.313964499662006 ], [ 114.848171769911346, 40.314683152405621 ], [ 114.848081939330086, 40.314772983886144 ], [ 114.847902276369041, 40.314862815366666 ], [ 114.847542950446837, 40.314862815366666 ], [ 114.847453118067051, 40.314952646847246 ], [ 114.847363285687152, 40.315042478327769 ], [ 114.847273455105892, 40.315132309808291 ], [ 114.847273455105892, 40.315401804249916 ], [ 114.847363284787775, 40.315491635730439 ], [ 114.847722613407996, 40.315581468110338 ], [ 114.847992106950187, 40.315671298691541 ], [ 114.848261603190508, 40.315671298691541 ] ] ] } },
{ "type": "Feature", "properties": { "PV_Area": 0.010296743010400001, "Inst_time": 20170721.0, "Inst_year": 2017, "Major_type": "Cropland", "Lat": 40.311434743600003, "Lon": 114.84112068899999, "Province": "河北", "Province_pinyin": "Hebei", "Province code": 13, "City": "张家口市", "City_pinyin": "Zhangjiakou", "City code": 1307, "County": "宣化县", "County_pinyin": "Xuanhua xian", "County code": 130721, "Township": "王家湾乡", "Township_pinyin": "wang jia wan xiang" }, "geometry": { "type": "Polygon", "coordinates": [ [ [ 114.8409195964623, 40.31153904878812 ], [ 114.840623849910799, 40.31153904878812 ], [ 114.84059604467177, 40.311484961761607 ], [ 114.840513914085932, 40.311479162033777 ], [ 114.840492620837836, 40.311426972576783 ], [ 114.840370945262976, 40.311418853497344 ], [ 114.840370945262976, 40.311526713686931 ], [ 114.840291856184308, 40.311520914858363 ], [ 114.840262958269022, 40.311551069126608 ], [ 114.840036337207266, 40.311531352390034 ], [ 114.840051546541645, 40.311605577935154 ], [ 114.839913140878821, 40.311609057412113 ], [ 114.839916182385991, 40.311668206722402 ], [ 114.84001504395917, 40.311672845425505 ], [ 114.84002569013353, 40.311714597350829 ], [ 114.840372466016561, 40.311730834610387 ], [ 114.84036942450939, 40.311916398023413 ], [ 114.841283512524114, 40.311926835555084 ], [ 114.841294158698474, 40.311791142247444 ], [ 114.84150100726572, 40.311788822895892 ], [ 114.841514695846627, 40.311726195007964 ], [ 114.841405188098975, 40.311722715530948 ], [ 114.841389978764596, 40.311678644254073 ], [ 114.841309368932343, 40.31166588647153 ], [ 114.841315778400485, 40.311628880268643 ], [ 114.841614069134039, 40.311628880268643 ], [ 114.841614069134039, 40.311718711749222 ], [ 114.841883562676344, 40.311718711749222 ], [ 114.841883563575607, 40.311449217307597 ], [ 114.841793732095084, 40.311359384927698 ], [ 114.841608166883475, 40.311266602771525 ], [ 114.841610515912635, 40.31089579070823 ], [ 114.841703293572209, 40.310871435268552 ], [ 114.841691125744887, 40.310654553864595 ], [ 114.84137172702367, 40.310648755036084 ], [ 114.841339787601214, 40.310800687401866 ], [ 114.841253093855244, 40.310792569221746 ], [ 114.841234842114318, 40.310886512402703 ], [ 114.841137501294725, 40.310889991879662 ], [ 114.841113166539458, 40.311098753304861 ], [ 114.840989970211012, 40.311095273827902 ], [ 114.840994532471768, 40.31115210378664 ], [ 114.840903276465042, 40.311153263912047 ], [ 114.8409195964623, 40.31153904878812 ] ] ] } },
{ "type": "Feature", "properties": { "PV_Area": 0.013216139636300001, "Inst_time": 20170519.0, "Inst_year": 2017, "Major_type": "Cropland", "Lat": 40.310164048600001, "Lon": 114.842167038, "Province": "河北", "Province_pinyin": "Hebei", "Province code": 13, "City": "张家口市", "City_pinyin": "Zhangjiakou", "City code": 1307, "County": "宣化县", "County_pinyin": "Xuanhua xian", "County code": 130721, "Township": "王家湾乡", "Township_pinyin": "wang jia wan xiang" }, "geometry": { "type": "Polygon", "coordinates": [ [ [ 114.842602215420015, 40.310910228424348 ], [ 114.842692046900538, 40.310730564563983 ], [ 114.842781879280324, 40.310011912719631 ], [ 114.842781879280324, 40.309742418278006 ], [ 114.842692046900538, 40.309652586797483 ], [ 114.842063225637389, 40.309652586797483 ], [ 114.841883563575607, 40.309562755316961 ], [ 114.841793732095084, 40.309472923836438 ], [ 114.841793732095084, 40.309383092355858 ], [ 114.841614069134039, 40.309383092355858 ], [ 114.84152423675414, 40.309472923836438 ], [ 114.841434406172993, 40.309562755316961 ], [ 114.841434406172993, 40.309832249758585 ], [ 114.841524237653516, 40.310011912719631 ], [ 114.841614069134039, 40.310011912719631 ], [ 114.841703899715299, 40.31010174420021 ], [ 114.841793732095084, 40.310281407161256 ], [ 114.841793731195821, 40.310640733083403 ], [ 114.841883561776967, 40.310820396943825 ], [ 114.842063225637389, 40.310910228424348 ], [ 114.842602215420015, 40.310910228424348 ] ] ] } },
{ "type": "Feature", "properties": { "PV_Area": 0.0039163124106099999, "Inst_time": 20170604.0, "Inst_year": 2017, "Major_type": "Grassland", "Lat": 40.309075207699998, "Lon": 114.839782124, "Province": "河北", "Province_pinyin": "Hebei", "Province code": 13, "City": "张家口市", "City_pinyin": "Zhangjiakou", "City code": 1307, "County": "宣化县", "County_pinyin": "Xuanhua xian", "County code": 130721, "Township": "王家湾乡", "Township_pinyin": "wang jia wan xiang" }, "geometry": { "type": "Polygon", "coordinates": [ [ [ 114.839568289545014, 40.309313607137312 ], [ 114.83956940650296, 40.309428640319538 ], [ 114.839599826071208, 40.309428640319538 ], [ 114.839610472245568, 40.309464594315614 ], [ 114.839739752487617, 40.309461114838655 ], [ 114.839750770981368, 40.309383092355858 ], [ 114.839817437724605, 40.309383092355858 ], [ 114.839997100685764, 40.309293260875336 ], [ 114.84008693306555, 40.309203429394813 ], [ 114.84008693306555, 40.309135549466077 ], [ 114.840229497193604, 40.309134046698944 ], [ 114.840224934033586, 40.308863808518026 ], [ 114.840145844954804, 40.308858008790139 ], [ 114.840107821618744, 40.308731588392163 ], [ 114.839998313871206, 40.308729268141292 ], [ 114.839992985387994, 40.308754271092766 ], [ 114.839978541376695, 40.308822054794064 ], [ 114.839656028303125, 40.3088258499331 ], [ 114.839485755163537, 40.308827853622574 ], [ 114.839488796670707, 40.308955434146014 ], [ 114.839318450686051, 40.308964712451598 ], [ 114.839301720597973, 40.309203636238863 ], [ 114.839458111802514, 40.309202890700874 ], [ 114.839458111802514, 40.309203429394813 ], [ 114.839547943283037, 40.309293260875336 ], [ 114.839568289545014, 40.309313607137312 ] ] ] } },
{ "type": "Feature", "properties": { "PV_Area": 0.00284485105042, "Inst_time": 20170623.0, "Inst_year": 2017, "Major_type": "Grassland", "Lat": 40.308131518899998, "Lon": 114.839664154, "Province": "河北", "Province_pinyin": "Hebei", "Province code": 13, "City": "张家口市", "City_pinyin": "Zhangjiakou", "City code": 1307, "County": "宣化县", "County_pinyin": "Xuanhua xian", "County code": 130721, "Township": "王家湾乡", "Township_pinyin": "wang jia wan xiang" }, "geometry": { "type": "Polygon", "coordinates": [ [ [ 114.839747894949483, 40.307945787767949 ], [ 114.83963777476356, 40.307945787767949 ], [ 114.83954794238366, 40.308035619248471 ], [ 114.83954794238366, 40.30806626184858 ], [ 114.839462940262592, 40.308065843663826 ], [ 114.8394203537664, 40.308119196843506 ], [ 114.839064452462594, 40.308115717366491 ], [ 114.839065974115442, 40.308223582052733 ], [ 114.839170918702962, 40.308273454856135 ], [ 114.839415791505644, 40.308273454856135 ], [ 114.839423396172833, 40.308326807136496 ], [ 114.839574405834242, 40.308331577140621 ], [ 114.839637773864183, 40.308394945170619 ], [ 114.839817437724605, 40.308394945170619 ], [ 114.839907270104504, 40.308305113690096 ], [ 114.839997099786387, 40.308215283108893 ], [ 114.839997099786387, 40.308035619248471 ], [ 114.839986162231639, 40.30802468079446 ], [ 114.839989187551055, 40.307918544605229 ], [ 114.840078923703459, 40.307917384479765 ], [ 114.840071319036156, 40.307806039417244 ], [ 114.839861428062477, 40.307810679019667 ], [ 114.839735190226861, 40.30788142958437 ], [ 114.839747894949483, 40.307945787767949 ] ] ] } },
{ "type": "Feature", "properties": { "PV_Area": 0.0020567870105899998, "Inst_time": 20170703.0, "Inst_year": 2017, "Major_type": "Grassland", "Lat": 40.3069127248, "Lon": 114.836448756, "Province": "河北", "Province_pinyin": "Hebei", "Province code": 13, "City": "张家口市", "City_pinyin": "Zhangjiakou", "City code": 1307, "County": "宣化县", "County_pinyin": "Xuanhua xian", "County code": 130721, "Township": "王家湾乡", "Township_pinyin": "wang jia wan xiang" }, "geometry": { "type": "Polygon", "coordinates": [ [ [ 114.836852997967526, 40.306777977621607 ], [ 114.836044513743332, 40.306777977621607 ], [ 114.836044513743332, 40.307047472063232 ], [ 114.836852997967526, 40.307047472063232 ], [ 114.836852997967526, 40.306777977621607 ] ] ] } },
{ "type": "Feature", "properties": { "PV_Area": 0.026890494318199998, "Inst_time": 20170703.0, "Inst_year": 2017, "Major_type": "Grassland", "Lat": 40.307135225700002, "Lon": 114.838319228, "Province": "河北", "Province_pinyin": "Hebei", "Province code": 13, "City": "张家口市", "City_pinyin": "Zhangjiakou", "City code": 1307, "County": "宣化县", "County_pinyin": "Xuanhua xian", "County code": 130721, "Township": "王家湾乡", "Township_pinyin": "wang jia wan xiang" }, "geometry": { "type": "Polygon", "coordinates": [ [ [ 114.838380134036015, 40.308305113690096 ], [ 114.838380134036015, 40.308125450728994 ], [ 114.838469965516538, 40.307766124806847 ], [ 114.838649628477583, 40.307766124806847 ], [ 114.838739459958219, 40.307766124806847 ], [ 114.839008954399787, 40.307855955388106 ], [ 114.839368280321992, 40.307855956287426 ], [ 114.839458111802514, 40.307766124806847 ], [ 114.839458111802514, 40.307496630365279 ], [ 114.839278448841355, 40.306957640582709 ], [ 114.839188617360833, 40.306867809102187 ], [ 114.839008954399787, 40.306777977621607 ], [ 114.838559797896437, 40.306508483179982 ], [ 114.838380134036015, 40.306328820218937 ], [ 114.838110638695071, 40.306059325777312 ], [ 114.837661481292344, 40.306059325777312 ], [ 114.837481818331298, 40.306149157257835 ], [ 114.837391986850776, 40.306598314660562 ], [ 114.837391987750152, 40.307047472063232 ], [ 114.837571649811821, 40.307227135024334 ], [ 114.837661481292344, 40.307316967404176 ], [ 114.83775131277298, 40.307586460946482 ], [ 114.83775131277298, 40.307945787767949 ], [ 114.837930975734025, 40.308125450728994 ], [ 114.83820047107497, 40.308305113690096 ], [ 114.838380134036015, 40.308305113690096 ] ] ] } },
{ "type": "Feature", "properties": { "PV_Area": 0.0146642545392, "Inst_time": 20170903.0, "Inst_year": 2017, "Major_type": "Grassland", "Lat": 40.306326642199998, "Lon": 114.858112271, "Province": "河北", "Province_pinyin": "Hebei", "Province code": 13, "City": "张家口市", "City_pinyin": "Zhangjiakou", "City code": 1307, "County": "宣化县", "County_pinyin": "Xuanhua xian", "County code": 130721, "Township": "王家湾乡", "Township_pinyin": "wang jia wan xiang" }, "geometry": { "type": "Polygon", "coordinates": [ [ [ 114.858592227948975, 40.306867809102187 ], [ 114.858592227948975, 40.306777977621607 ], [ 114.858861722390657, 40.306688146141084 ], [ 114.859041385351702, 40.306508483179982 ], [ 114.859041385351702, 40.306149157257835 ], [ 114.858951553871179, 40.306059325777312 ], [ 114.85886172328992, 40.305969494296789 ], [ 114.85832273260803, 40.305969494296789 ], [ 114.858053238166463, 40.30587966191689 ], [ 114.857873575205417, 40.305789831335687 ], [ 114.85787357610468, 40.305699998955845 ], [ 114.85742441780269, 40.305699998955845 ], [ 114.857334586322168, 40.305789831335687 ], [ 114.857334586322168, 40.306508483179982 ], [ 114.85742441780269, 40.306688146141084 ], [ 114.857783744624157, 40.306867809102187 ], [ 114.858592227948975, 40.306867809102187 ] ] ] } },
{ "type": "Feature", "properties": { "PV_Area": 0.0028186371869400001, "Inst_time": 20170919.0, "Inst_year": 2017, "Major_type": "Grassland", "Lat": 40.305289688199998, "Lon": 114.844183574, "Province": "河北", "Province_pinyin": "Hebei", "Province code": 13, "City": "张家口市", "City_pinyin": "Zhangjiakou", "City code": 1307, "County": "宣化县", "County_pinyin": "Xuanhua xian", "County code": 130721, "Township": "王家湾乡", "Township_pinyin": "wang jia wan xiang" }, "geometry": { "type": "Polygon", "coordinates": [ [ [ 114.844488678309972, 40.305610168374642 ], [ 114.844488678309972, 40.30543050541354 ], [ 114.844488679209235, 40.305250841553175 ], [ 114.844219182969027, 40.30498134711155 ], [ 114.844039520007868, 40.30498134711155 ], [ 114.843859857046823, 40.305071178592073 ], [ 114.84385985614756, 40.305340673033697 ], [ 114.843949687628083, 40.30543050541354 ], [ 114.84430901444955, 40.305610168374642 ], [ 114.844488678309972, 40.305610168374642 ] ] ] } },
{ "type": "Feature", "properties": { "PV_Area": 0.0088748379500099995, "Inst_time": 20171118.0, "Inst_year": 2017, "Major_type": "Grassland", "Lat": 40.305472528899998, "Lon": 114.83406629300001, "Province": "河北", "Province_pinyin": "Hebei", "Province code": 13, "City": "张家口市", "City_pinyin": "Zhangjiakou", "City code": 1307, "County": "宣化县", "County_pinyin": "Xuanhua xian", "County code": 130721, "Township": "王家湾乡", "Township_pinyin": "wang jia wan xiang" }, "geometry": { "type": "Polygon", "coordinates": [ [ [ 114.834068220272229, 40.306149157257835 ], [ 114.834158051752752, 40.306059325777312 ], [ 114.834158051752752, 40.305520335994743 ], [ 114.834427545295057, 40.305520335994743 ], [ 114.834427545295057, 40.305610168374642 ], [ 114.834607208256102, 40.305699998955845 ], [ 114.834786872116524, 40.305699998955845 ], [ 114.834876703597047, 40.305610168374642 ], [ 114.834966536876209, 40.305520335994743 ], [ 114.834966535976946, 40.30543050541354 ], [ 114.834876703597047, 40.305340673033697 ], [ 114.834786871217148, 40.305250841553175 ], [ 114.834158051752752, 40.305250841553175 ], [ 114.834068220272229, 40.305161010072595 ], [ 114.834068220272229, 40.30498134711155 ], [ 114.833978388791706, 40.30489151563097 ], [ 114.833619062869502, 40.30489151563097 ], [ 114.833529230489603, 40.30498134711155 ], [ 114.833439399908457, 40.305071178592073 ], [ 114.83343940080772, 40.305250841553175 ], [ 114.833529231388979, 40.305250842452494 ], [ 114.833619062869502, 40.305520335994743 ], [ 114.833708895249401, 40.306059325777312 ], [ 114.833798724931285, 40.306149157257835 ], [ 114.834068220272229, 40.306149157257835 ] ] ] } },
{ "type": "Feature", "properties": { "PV_Area": 0.040983562829600001, "Inst_time": 20170617.0, "Inst_year": 2017, "Major_type": "Cropland", "Lat": 40.306617961699999, "Lon": 114.845638232, "Province": "河北", "Province_pinyin": "Hebei", "Province code": 13, "City": "张家口市", "City_pinyin": "Zhangjiakou", "City code": 1307, "County": "宣化县", "County_pinyin": "Xuanhua xian", "County code": 130721, "Township": "王家湾乡", "Township_pinyin": "wang jia wan xiang" }, "geometry": { "type": "Polygon", "coordinates": [ [ [ 114.846375141199815, 40.307855956287426 ], [ 114.846554803261597, 40.307766124806847 ], [ 114.846644633842857, 40.307586460946482 ], [ 114.846644633842857, 40.306957640582709 ], [ 114.846824297703279, 40.306867809102187 ], [ 114.846914129183801, 40.306777977621607 ], [ 114.846914129183801, 40.306688146141084 ], [ 114.846824297703279, 40.306508483179982 ], [ 114.846105644959607, 40.306508483179982 ], [ 114.846015814378347, 40.30641865169946 ], [ 114.846015815277724, 40.306059325777312 ], [ 114.846105644959607, 40.305520335994743 ], [ 114.846195477339506, 40.305520335994743 ], [ 114.846285307920652, 40.305340673033697 ], [ 114.846285307920652, 40.305161010072595 ], [ 114.846285307920652, 40.305071178592073 ], [ 114.846195477339506, 40.30489151563097 ], [ 114.846015815277724, 40.30489151563097 ], [ 114.845836149618663, 40.305071178592073 ], [ 114.845207330154267, 40.305340673033697 ], [ 114.845027666293845, 40.30543050541354 ], [ 114.844937834813322, 40.305610168374642 ], [ 114.844758171852163, 40.306059325777312 ], [ 114.844668341271017, 40.306238988738414 ], [ 114.844668341271017, 40.307496630365279 ], [ 114.844758171852163, 40.307586460946482 ], [ 114.844848005131439, 40.307676293326324 ], [ 114.845117497774368, 40.307766124806847 ], [ 114.845656485758241, 40.307855956287426 ], [ 114.846375141199815, 40.307855956287426 ] ] ] } },
{ "type": "Feature", "properties": { "PV_Area": 0.0020568463403899998, "Inst_time": 20170615.0, "Inst_year": 2017, "Major_type": "Cropland", "Lat": 40.304839391199998, "Lon": 114.84502766599999, "Province": "河北", "Province_pinyin": "Hebei", "Province code": 13, "City": "张家口市", "City_pinyin": "Zhangjiakou", "City code": 1307, "County": "宣化县", "County_pinyin": "Xuanhua xian", "County code": 130721, "Township": "王家湾乡", "Township_pinyin": "wang jia wan xiang" }, "geometry": { "type": "Polygon", "coordinates": [ [ [ 114.845117497774368, 40.305071177692753 ], [ 114.845297160735413, 40.30498134711155 ], [ 114.845297160735413, 40.304711852669925 ], [ 114.845207330154267, 40.304622021189402 ], [ 114.844848004232063, 40.304622021189402 ], [ 114.844758171852163, 40.304711853569245 ], [ 114.844758171852163, 40.30498134711155 ], [ 114.844937834813322, 40.305071179491392 ], [ 114.845117497774368, 40.305071177692753 ] ] ] } },
{ "type": "Feature", "properties": { "PV_Area": 0.0041138092492200001, "Inst_time": 20181112.0, "Inst_year": 2018, "Major_type": "Grassland", "Lat": 40.302907181499997, "Lon": 114.841849461, "Province": "河北", "Province_pinyin": "Hebei", "Province code": 13, "City": "张家口市", "City_pinyin": "Zhangjiakou", "City code": 1307, "County": "宣化县", "County_pinyin": "Xuanhua xian", "County code": 130721, "Township": "王家湾乡", "Township_pinyin": "wang jia wan xiang" }, "geometry": { "type": "Polygon", "coordinates": [ [ [ 114.841973395955506, 40.303454211043061 ], [ 114.842063225637389, 40.303364379562538 ], [ 114.842063226536766, 40.302466063857821 ], [ 114.841973395056243, 40.302376233276618 ], [ 114.841793732095084, 40.302376233276618 ], [ 114.841703899715299, 40.302466063857821 ], [ 114.841614069134039, 40.302555896237664 ], [ 114.841614069134039, 40.303184716601436 ], [ 114.841703899715299, 40.303364379562538 ], [ 114.841883562676344, 40.303454211043061 ], [ 114.841973395955506, 40.303454211043061 ] ] ] } },
{ "type": "Feature", "properties": { "PV_Area": 0.059536309181000002, "Inst_time": 20171012.0, "Inst_year": 2017, "Major_type": "Grassland", "Lat": 40.302576241300002, "Lon": 114.843371541, "Province": "河北", "Province_pinyin": "Hebei", "Province code": 13, "City": "张家口市", "City_pinyin": "Zhangjiakou", "City code": 1307, "County": "宣化县", "County_pinyin": "Xuanhua xian", "County code": 130721, "Township": "王家湾乡", "Township_pinyin": "wang jia wan xiang" }, "geometry": { "type": "Polygon", "coordinates": [ [ [ 114.843500531124619, 40.30498134711155 ], [ 114.843500531124619, 40.30489151563097 ], [ 114.843770024666924, 40.304801684150448 ], [ 114.843859857046823, 40.304711852669925 ], [ 114.843949687628083, 40.304532189708823 ], [ 114.843949687628083, 40.304352525848458 ], [ 114.84385985614756, 40.304262695267198 ], [ 114.843770024666924, 40.304172862887356 ], [ 114.843680194085778, 40.304083032306153 ], [ 114.843410698744833, 40.30399319992631 ], [ 114.843320868163573, 40.303903369345051 ], [ 114.843320868163573, 40.303633874004163 ], [ 114.843410698744833, 40.303454211043061 ], [ 114.843500531124619, 40.303454211043061 ], [ 114.843590361705878, 40.303184716601436 ], [ 114.843590361705878, 40.302735559198766 ], [ 114.843680194085778, 40.302555896237664 ], [ 114.843949687628083, 40.302106737935674 ], [ 114.844129351488391, 40.301927074974571 ], [ 114.84421918386829, 40.301837244393369 ], [ 114.844668341271017, 40.301837244393369 ], [ 114.84475817275154, 40.301747412013526 ], [ 114.844937834813322, 40.301298254610799 ], [ 114.845027667193108, 40.301118590750434 ], [ 114.845027667193108, 40.300669434247027 ], [ 114.844937834813322, 40.300579601867184 ], [ 114.844668341271017, 40.300399938906082 ], [ 114.844488678309972, 40.300310108324879 ], [ 114.843859857046823, 40.300310108324879 ], [ 114.843770024666924, 40.300399938906082 ], [ 114.843770024666924, 40.300759264828287 ], [ 114.843770024666924, 40.301028760169174 ], [ 114.843680194085778, 40.301567749052424 ], [ 114.843500531124619, 40.301567749052424 ], [ 114.843410698744833, 40.301477917571901 ], [ 114.84332086726431, 40.301388086091379 ], [ 114.84332086726431, 40.301298254610799 ], [ 114.842961543140746, 40.301298254610799 ], [ 114.842781879280324, 40.301388086091379 ], [ 114.842692047799801, 40.301477917571901 ], [ 114.842422551559594, 40.301747412013526 ], [ 114.842332720978334, 40.301927074974571 ], [ 114.84233272187771, 40.302555896237664 ], [ 114.842422551559594, 40.302645726818866 ], [ 114.842602215420015, 40.302735559198766 ], [ 114.842692047799801, 40.302825389779969 ], [ 114.842692046001162, 40.303094885120913 ], [ 114.842602215420015, 40.303094885120913 ], [ 114.842512383040116, 40.303184716601436 ], [ 114.842512383939379, 40.303454211043061 ], [ 114.842512383939379, 40.303633874004163 ], [ 114.842422551559594, 40.303723706384005 ], [ 114.841703898815922, 40.303723706384005 ], [ 114.841614069134039, 40.303813536965208 ], [ 114.841614068234776, 40.304083032306153 ], [ 114.841883562676344, 40.304352525848458 ], [ 114.842422551559594, 40.304352525848458 ], [ 114.842781878381061, 40.3044423582283 ], [ 114.842871709861583, 40.304622021189402 ], [ 114.842961542241483, 40.304801684150448 ], [ 114.843051371923366, 40.30489151563097 ], [ 114.843141205202528, 40.30498134711155 ], [ 114.843500531124619, 40.30498134711155 ] ] ] } },
{ "type": "Feature", "properties": { "PV_Area": 0.049063880645299998, "Inst_time": 20170824.0, "Inst_year": 2017, "Major_type": "Grassland", "Lat": 40.298944454400001, "Lon": 114.847508449, "Province": "河北", "Province_pinyin": "Hebei", "Province code": 13, "City": "张家口市", "City_pinyin": "Zhangjiakou", "City code": 1307, "County": "宣化县", "County_pinyin": "Xuanhua xian", "County code": 130721, "Township": "王家湾乡", "Township_pinyin": "wang jia wan xiang" }, "geometry": { "type": "Polygon", "coordinates": [ [ [ 114.847632781028096, 40.300489771285982 ], [ 114.847722613407996, 40.300399938906082 ], [ 114.847722614307258, 40.300040612983935 ], [ 114.848081938430823, 40.299591454681945 ], [ 114.848710758794596, 40.299142298178595 ], [ 114.849070085616063, 40.29878297225639 ], [ 114.849070084716686, 40.298513476915502 ], [ 114.848980253236164, 40.298423646334243 ], [ 114.848531096732813, 40.298064318613456 ], [ 114.848441264352914, 40.297974488032253 ], [ 114.848351432872391, 40.29788465565241 ], [ 114.848261602291132, 40.297794825071151 ], [ 114.848081939330086, 40.297704992691308 ], [ 114.84718362182673, 40.297704992691308 ], [ 114.846914129183801, 40.297794825071151 ], [ 114.846734465323379, 40.29788465565241 ], [ 114.846644633842857, 40.297974488032253 ], [ 114.846464970881811, 40.2983338139544 ], [ 114.846375140300552, 40.298603309295345 ], [ 114.846375140300552, 40.299232128759797 ], [ 114.846375140300552, 40.299950782402732 ], [ 114.846644633842857, 40.300220275945037 ], [ 114.847273455105892, 40.300399938906082 ], [ 114.847273455105892, 40.300489771285982 ], [ 114.847632781028096, 40.300489771285982 ] ] ] } },
{ "type": "Feature", "properties": { "PV_Area": 0.110350814752, "Inst_time": 20150812.0, "Inst_year": 2015, "Major_type": "Cropland", "Lat": 40.489841932799997, "Lon": 114.781276143, "Province": "河北", "Province_pinyin": "Hebei", "Province code": 13, "City": "张家口市", "City_pinyin": "Zhangjiakou", "City code": 1307, "County": "宣化县", "County_pinyin": "Xuanhua xian", "County code": 130721, "Township": "深井镇", "Township_pinyin": "shen jing zhen" }, "geometry": { "type": "Polygon", "coordinates": [ [ [ 114.784423311386718, 40.490415419635951 ], [ 114.785074720921671, 40.490087442281663 ], [ 114.785221527151862, 40.489928131877832 ], [ 114.785259570272956, 40.489847784647623 ], [ 114.785264896957528, 40.4896858005593 ], [ 114.785197715802042, 40.489576431307285 ], [ 114.78509040869551, 40.489504142901922 ], [ 114.784338529599495, 40.489255476758899 ], [ 114.783797165606757, 40.48900642120941 ], [ 114.783447903098363, 40.488864609813959 ], [ 114.783290054992108, 40.48882104215744 ], [ 114.783113712328031, 40.488804145694814 ], [ 114.783007183135055, 40.488815612050928 ], [ 114.782845768317657, 40.488880067361265 ], [ 114.782714391755803, 40.489001813083235 ], [ 114.782618842385773, 40.489216169190911 ], [ 114.782615529283362, 40.489268998065882 ], [ 114.782534317804561, 40.489530163886002 ], [ 114.782453812293625, 40.489662019786408 ], [ 114.78237600025227, 40.489746745815694 ], [ 114.782301280080105, 40.489802420145622 ], [ 114.782198188096004, 40.489847039109634 ], [ 114.782064131554534, 40.48984885214287 ], [ 114.781932852119439, 40.489782040608759 ], [ 114.781312156231138, 40.489339307962723 ], [ 114.781202206916419, 40.489205005007022 ], [ 114.781111354705331, 40.48898457038166 ], [ 114.781027379609895, 40.488847823068625 ], [ 114.780886043056512, 40.488734341216912 ], [ 114.780694187986455, 40.488649596301855 ], [ 114.78013385729173, 40.488471701407946 ], [ 114.779839115283039, 40.488281841933485 ], [ 114.779630022907327, 40.488183252854867 ], [ 114.779401879293346, 40.48812481580768 ], [ 114.779207408095431, 40.4881210773259 ], [ 114.779082283620596, 40.488159202285431 ], [ 114.778933206602233, 40.488280610761649 ], [ 114.778820423523825, 40.488481105618575 ], [ 114.778762014355493, 40.488642131029565 ], [ 114.778758901801893, 40.488736601213247 ], [ 114.778774356651297, 40.488804428981268 ], [ 114.778841531511489, 40.488913830608851 ], [ 114.778964543478992, 40.489317433752603 ], [ 114.778822056692661, 40.489993323732961 ], [ 114.778760977437173, 40.490124201171 ], [ 114.778682901894513, 40.490238142576288 ], [ 114.778558727103587, 40.490329500206315 ], [ 114.778449679808887, 40.490360411703705 ], [ 114.778391674436307, 40.490360687795544 ], [ 114.778287076087736, 40.490320016855321 ], [ 114.77804350460417, 40.49013899411932 ], [ 114.777921049317001, 40.490096109048238 ], [ 114.777744258790563, 40.490092708711586 ], [ 114.777619130718335, 40.490130830073781 ], [ 114.77754301839559, 40.490186085319635 ], [ 114.777487746062661, 40.490252562305955 ], [ 114.77744924878391, 40.490346410158736 ], [ 114.777444351076042, 40.490494892725167 ], [ 114.777522975205216, 40.49079364031428 ], [ 114.777574751873317, 40.490876933723541 ], [ 114.777628480969724, 40.490919959988219 ], [ 114.777698323219056, 40.490948321008261 ], [ 114.777857397101229, 40.490951382300523 ], [ 114.778090885386064, 40.490852759047641 ], [ 114.778233610492748, 40.490810066431493 ], [ 114.778336102629055, 40.49081648039629 ], [ 114.778653853792434, 40.490953188139201 ], [ 114.778776771330968, 40.49098257528567 ], [ 114.7794669263576, 40.490982331569398 ], [ 114.779647183770521, 40.490930655625334 ], [ 114.779757937079239, 40.490850141121143 ], [ 114.779855097135055, 40.490753355183244 ], [ 114.780254443787612, 40.490450254875441 ], [ 114.780373969083485, 40.490364024280325 ], [ 114.780507890726653, 40.490294780080092 ], [ 114.780749974731634, 40.490224495364203 ], [ 114.781029565861786, 40.490243378429227 ], [ 114.781244357241349, 40.490293396922766 ], [ 114.781354703157035, 40.490338070745395 ], [ 114.781401806947883, 40.490375728057472 ], [ 114.781459839300169, 40.490505673797884 ], [ 114.781458778999536, 40.490585569568452 ], [ 114.781504274802501, 40.490816146747818 ], [ 114.781621843173639, 40.491007557552791 ], [ 114.781798115690549, 40.491135220813817 ], [ 114.781955949407575, 40.491178782175098 ], [ 114.782044308698005, 40.491180478296485 ], [ 114.782774774036625, 40.491032359056192 ], [ 114.783007834244245, 40.490942253282412 ], [ 114.783359792920123, 40.49075489841988 ], [ 114.783601700657982, 40.490647850318112 ], [ 114.783945333410429, 40.490532374669385 ], [ 114.784315838805014, 40.490453889935111 ], [ 114.784423311386718, 40.490415419635951 ] ] ] } },
{ "type": "Feature", "properties": { "PV_Area": 0.00091337498148000003, "Inst_time": 20221124.0, "Inst_year": 2022, "Major_type": "Grassland", "Lat": 40.491533369800003, "Lon": 114.778860127, "Province": "河北", "Province_pinyin": "Hebei", "Province code": 13, "City": "张家口市", "City_pinyin": "Zhangjiakou", "City code": 1307, "County": "宣化县", "County_pinyin": "Xuanhua xian", "County code": 130721, "Township": "深井镇", "Township_pinyin": "shen jing zhen" }, "geometry": { "type": "Polygon", "coordinates": [ [ [ 114.778924669338039, 40.491373113078737 ], [ 114.778817564578958, 40.491356447741907 ], [ 114.7787237491018, 40.491411354950117 ], [ 114.778686601705317, 40.49146467665355 ], [ 114.778683040390092, 40.491572646560428 ], [ 114.778699390064844, 40.491613492868453 ], [ 114.778771308848832, 40.491685096889739 ], [ 114.778806221430045, 40.49169927380251 ], [ 114.778912236210772, 40.491701314364207 ], [ 114.779006051688043, 40.491646407155997 ], [ 114.779043645148136, 40.491579581232713 ], [ 114.779045424007222, 40.491525624607959 ], [ 114.779012722858965, 40.491443929293951 ], [ 114.778924669338039, 40.491373113078737 ] ] ] } },
{ "type": "Feature", "properties": { "PV_Area": 0.0092850365149900003, "Inst_time": 20141006.0, "Inst_year": 2014, "Major_type": "Grassland", "Lat": 40.464186680200001, "Lon": 114.803541962, "Province": "河北", "Province_pinyin": "Hebei", "Province code": 13, "City": "张家口市", "City_pinyin": "Zhangjiakou", "City code": 1307, "County": "宣化县", "County_pinyin": "Xuanhua xian", "County code": 130721, "Township": "深井镇", "Township_pinyin": "shen jing zhen" }, "geometry": { "type": "Polygon", "coordinates": [ [ [ 114.803219010848693, 40.463745041400614 ], [ 114.803026769969506, 40.46374146389752 ], [ 114.802955151559104, 40.463767120656144 ], [ 114.802879088699001, 40.463822393888393 ], [ 114.802823864929451, 40.463888885263884 ], [ 114.802785419811357, 40.46398274300924 ], [ 114.802765536700235, 40.464049925064046 ], [ 114.802760697448321, 40.464198407630477 ], [ 114.802776174780661, 40.464266263277466 ], [ 114.802826126724426, 40.464361785667904 ], [ 114.802930978681729, 40.464459933179398 ], [ 114.803019590681629, 40.464503243629849 ], [ 114.803179965882805, 40.464533401495316 ], [ 114.804099329320707, 40.464483238210903 ], [ 114.804259330403852, 40.464459255090617 ], [ 114.804420197534114, 40.464408269825867 ], [ 114.804551203575215, 40.464298376269085 ], [ 114.804553683905397, 40.464219042574825 ], [ 114.804448836444749, 40.464120904056529 ], [ 114.804395127133489, 40.464091759726955 ], [ 114.80420285837522, 40.464020552306692 ], [ 114.803816769528339, 40.463971478101314 ], [ 114.803680270428231, 40.4639390395551 ], [ 114.803219010848693, 40.463745041400614 ] ] ] } },
{ "type": "Feature", "properties": { "PV_Area": 0.0077519128760899997, "Inst_time": 20151130.0, "Inst_year": 2015, "Major_type": "Woodland", "Lat": 40.452967536800003, "Lon": 114.80642055, "Province": "河北", "Province_pinyin": "Hebei", "Province code": 13, "City": "张家口市", "City_pinyin": "Zhangjiakou", "City code": 1307, "County": "宣化县", "County_pinyin": "Xuanhua xian", "County code": 130721, "Township": "深井镇", "Township_pinyin": "shen jing zhen" }, "geometry": { "type": "Polygon", "coordinates": [ [ [ 114.806556526262739, 40.452580019352467 ], [ 114.806364726950619, 40.452562785644091 ], [ 114.806131505764483, 40.452598972564601 ], [ 114.805860754969899, 40.452716533741068 ], [ 114.805767351382201, 40.452810904099977 ], [ 114.805748352304704, 40.452851077715138 ], [ 114.805743079579543, 40.453013066300002 ], [ 114.805811663677446, 40.453123665824592 ], [ 114.805934336600444, 40.453222038166587 ], [ 114.806091210740874, 40.453292564800051 ], [ 114.806214077917389, 40.453321925866248 ], [ 114.806564973594732, 40.453342180397385 ], [ 114.806780080636258, 40.453319159551597 ], [ 114.806959064609259, 40.453255004614846 ], [ 114.807053228124005, 40.453186560811162 ], [ 114.807108886266178, 40.453106556222622 ], [ 114.807112450279419, 40.453000214088661 ], [ 114.80707967898411, 40.452916893699751 ], [ 114.807011617392277, 40.452834540081994 ], [ 114.8067836779245, 40.452665398289525 ], [ 114.806556526262739, 40.452580019352467 ] ] ] } },
{ "type": "Feature", "properties": { "PV_Area": 0.040395052630399997, "Inst_time": 20150922.0, "Inst_year": 2015, "Major_type": "Grassland", "Lat": 40.465330027, "Lon": 114.805907116, "Province": "河北", "Province_pinyin": "Hebei", "Province code": 13, "City": "张家口市", "City_pinyin": "Zhangjiakou", "City code": 1307, "County": "宣化县", "County_pinyin": "Xuanhua xian", "County code": 130721, "Township": "深井镇", "Township_pinyin": "shen jing zhen" }, "geometry": { "type": "Polygon", "coordinates": [ [ [ 114.807411509033955, 40.464710879103848 ], [ 114.807577702848789, 40.464698009805375 ], [ 114.807877177090063, 40.464730636309866 ], [ 114.80846410433503, 40.464633675903485 ], [ 114.808594084249648, 40.464552415861363 ], [ 114.808613085125785, 40.464512241346938 ], [ 114.808617035847533, 40.464390789703259 ], [ 114.808527870764692, 40.464305344216314 ], [ 114.808370520882931, 40.464248317306044 ], [ 114.808035916424501, 40.464201433849155 ], [ 114.807488782381483, 40.464164031045243 ], [ 114.807311106922157, 40.464187679617794 ], [ 114.807114902730632, 40.464238002981517 ], [ 114.806720647140196, 40.464392659393752 ], [ 114.806450191323279, 40.464544693382948 ], [ 114.806331497000997, 40.46458536702113 ], [ 114.806236464741119, 40.464586072988936 ], [ 114.806093703661531, 40.464549860887416 ], [ 114.805345030648709, 40.464258449967531 ], [ 114.80520233432037, 40.464228632045774 ], [ 114.805062234334741, 40.464253068424398 ], [ 114.805040542686925, 40.464268829942625 ], [ 114.805037906774032, 40.464349786013884 ], [ 114.805109829155299, 40.464421375645998 ], [ 114.805231806902384, 40.464477728964084 ], [ 114.805454724555943, 40.464526521681705 ], [ 114.805599730343374, 40.464584286935349 ], [ 114.805799049786401, 40.464711477153003 ], [ 114.805885613130613, 40.46483397111092 ], [ 114.805879941106468, 40.464930523225121 ], [ 114.805803323364785, 40.465019633449401 ], [ 114.805686453766839, 40.465071131327704 ], [ 114.805546208091073, 40.465098814258909 ], [ 114.805157834966167, 40.465119661443282 ], [ 114.804944352100279, 40.465156140643444 ], [ 114.80467652230368, 40.465232118067831 ], [ 114.80440692084278, 40.465362113270942 ], [ 114.804240253085254, 40.46548322676955 ], [ 114.804147908898926, 40.465603062331525 ], [ 114.8040909152636, 40.46572357868024 ], [ 114.804031711993957, 40.465911623322825 ], [ 114.804025102876267, 40.466114131761799 ], [ 114.804093695967367, 40.466224733085028 ], [ 114.804217691793156, 40.466282588270872 ], [ 114.804630597524124, 40.466293025802543 ], [ 114.804767245911762, 40.466326611883687 ], [ 114.805061517575041, 40.466447251439547 ], [ 114.805237013077772, 40.46649112486557 ], [ 114.805518581817182, 40.466537009175681 ], [ 114.805763462713685, 40.46655525192341 ], [ 114.805978646197673, 40.466532234674958 ], [ 114.80610371491457, 40.466494080037819 ], [ 114.806179774177281, 40.46643880770489 ], [ 114.806216885600861, 40.466385475209563 ], [ 114.806219961282295, 40.466291006824576 ], [ 114.806074755845316, 40.466042209380532 ], [ 114.806038070700424, 40.465948596250769 ], [ 114.806042210279884, 40.465877371743375 ], [ 114.806106647603769, 40.465769093369033 ], [ 114.80633211303666, 40.465563414819769 ], [ 114.806443013834041, 40.465416907164581 ], [ 114.806480576717263, 40.465350056060288 ], [ 114.806563196534398, 40.465090053962854 ], [ 114.806633393116613, 40.464975964169469 ], [ 114.806723149953427, 40.464910736341437 ], [ 114.806811697202079, 40.464877168246744 ], [ 114.807411509033955, 40.464710879103848 ] ] ] } },
{ "type": "Feature", "properties": { "PV_Area": 0.0084004969817499994, "Inst_time": 20141029.0, "Inst_year": 2014, "Major_type": "Cropland", "Lat": 40.467685661700003, "Lon": 114.811427589, "Province": "河北", "Province_pinyin": "Hebei", "Province code": 13, "City": "张家口市", "City_pinyin": "Zhangjiakou", "City code": 1307, "County": "宣化县", "County_pinyin": "Xuanhua xian", "County code": 130721, "Township": "深井镇", "Township_pinyin": "shen jing zhen" }, "geometry": { "type": "Polygon", "coordinates": [ [ [ 114.811867969031596, 40.467138628644875 ], [ 114.811709348407817, 40.467122108998183 ], [ 114.811548919247343, 40.467159599935655 ], [ 114.811243084101079, 40.467315947972679 ], [ 114.811039747386531, 40.467476911330436 ], [ 114.810928850186315, 40.467623427079559 ], [ 114.810852858372755, 40.467784135929207 ], [ 114.810830352838593, 40.467932284847109 ], [ 114.810861765258323, 40.468054463143005 ], [ 114.810912604832879, 40.468122997778153 ], [ 114.810967742267508, 40.468167249818805 ], [ 114.811072498896806, 40.468209765268512 ], [ 114.811193531456411, 40.468225649993826 ], [ 114.81133764241838, 40.468214787982106 ], [ 114.811552429301287, 40.468137793424489 ], [ 114.811755766915212, 40.467976828268036 ], [ 114.81190552472026, 40.467722960446338 ], [ 114.811963842157638, 40.467561908055643 ], [ 114.812004904302967, 40.467387028588576 ], [ 114.811991606027846, 40.467251739975893 ], [ 114.811958003758946, 40.467197041410373 ], [ 114.811867969031596, 40.467138628644875 ] ] ] } },
{ "type": "Feature", "properties": { "PV_Area": 0.111359893468, "Inst_time": 20151006.0, "Inst_year": 2015, "Major_type": "Woodland", "Lat": 40.455241884300001, "Lon": 114.811888741, "Province": "河北", "Province_pinyin": "Hebei", "Province code": 13, "City": "张家口市", "City_pinyin": "Zhangjiakou", "City code": 1307, "County": "宣化县", "County_pinyin": "Xuanhua xian", "County code": 130721, "Township": "深井镇", "Township_pinyin": "shen jing zhen" }, "geometry": { "type": "Polygon", "coordinates": [ [ [ 114.816207331902888, 40.456613769210151 ], [ 114.816066774162323, 40.456584084388055 ], [ 114.815872389299443, 40.456580409758146 ], [ 114.815685251173477, 40.45660353582457 ], [ 114.815332919278831, 40.456596873646845 ], [ 114.814972276749245, 40.456562191292164 ], [ 114.814736180430486, 40.456497202683806 ], [ 114.814658650776209, 40.456445414324492 ], [ 114.814585095225993, 40.456362286390458 ], [ 114.814441406945434, 40.456083083767339 ], [ 114.814356529830093, 40.455973390759425 ], [ 114.81409451594925, 40.455763079802352 ], [ 114.813696243087179, 40.455498814918428 ], [ 114.812691078030866, 40.454858235019572 ], [ 114.812482454201927, 40.454746192083178 ], [ 114.81203788963694, 40.454567059722081 ], [ 114.81181272907429, 40.454402448714063 ], [ 114.811509841905718, 40.454101611100498 ], [ 114.811281584977223, 40.453752082392725 ], [ 114.811284140850489, 40.453673312573358 ], [ 114.81131302257802, 40.453625920999514 ], [ 114.811625776208643, 40.453409589081332 ], [ 114.811701021584895, 40.45331522771562 ], [ 114.811704089172395, 40.453220783612323 ], [ 114.811670494098053, 40.45316608504686 ], [ 114.8115804566728, 40.453107664187428 ], [ 114.811440367479008, 40.45306447964208 ], [ 114.81131706592987, 40.453048631788988 ], [ 114.810787626048182, 40.453011577922041 ], [ 114.810577708994174, 40.453007520180961 ], [ 114.810362570476286, 40.45303054822125 ], [ 114.81007668049449, 40.453119707908229 ], [ 114.80996440823094, 40.453201319585276 ], [ 114.809889332826515, 40.453334994814213 ], [ 114.809886251749163, 40.453429475789733 ], [ 114.809902177843242, 40.453483829015568 ], [ 114.810013768420731, 40.453677934189386 ], [ 114.810034989723022, 40.453736816401033 ], [ 114.810028118003288, 40.45378071141073 ], [ 114.809991654990995, 40.453827463566654 ], [ 114.809899227167648, 40.453877934419211 ], [ 114.809695326578094, 40.453922009293365 ], [ 114.809423389577773, 40.45391769344684 ], [ 114.809300804788336, 40.453880128764979 ], [ 114.809254143464045, 40.45384267110245 ], [ 114.809213637099788, 40.453759425357248 ], [ 114.809213475221782, 40.453659996311842 ], [ 114.809182070895872, 40.453537796432215 ], [ 114.809042756018471, 40.453411983076592 ], [ 114.808866651674748, 40.453339997742773 ], [ 114.808393305206891, 40.453209405389828 ], [ 114.808057950713874, 40.453189531271903 ], [ 114.807861760012315, 40.453239851038347 ], [ 114.807730941929435, 40.453348123117451 ], [ 114.807711943751315, 40.453388297631875 ], [ 114.8077071161905, 40.453536781996945 ], [ 114.807741666344896, 40.453606198867021 ], [ 114.807864342865173, 40.453704570309696 ], [ 114.80811306296755, 40.453835079925057 ], [ 114.808191510829602, 40.453898628718775 ], [ 114.808235495771555, 40.453968505142427 ], [ 114.80825688614641, 40.454033539616205 ], [ 114.808379650800362, 40.455157476336524 ], [ 114.808389428229589, 40.455400877848263 ], [ 114.808422580837487, 40.455469057251264 ], [ 114.808512179393574, 40.455540984129186 ], [ 114.808634593311922, 40.455583835925324 ], [ 114.808811302000095, 40.455587185000638 ], [ 114.808989814728193, 40.455536530686402 ], [ 114.809171726893737, 40.455430784802957 ], [ 114.809355726385775, 40.455270559788573 ], [ 114.80946704536791, 40.45511054071892 ], [ 114.809625876433074, 40.454739397705112 ], [ 114.809712159188848, 40.454616580890558 ], [ 114.809958124667787, 40.454424062120836 ], [ 114.81016378433128, 40.454301480029358 ], [ 114.810262966962455, 40.454266094404773 ], [ 114.810364098424429, 40.454268010860062 ], [ 114.810471225666561, 40.45432075879603 ], [ 114.810550673574767, 40.454410059676547 ], [ 114.81074349901337, 40.454810426160293 ], [ 114.811096327333757, 40.455384606414498 ], [ 114.811182162227055, 40.455509067189723 ], [ 114.811305282113153, 40.455593928117366 ], [ 114.811427696930764, 40.455636777215545 ], [ 114.811586286078295, 40.455653293264902 ], [ 114.811862250242712, 40.45561834381158 ], [ 114.81197672674466, 40.455620230589204 ], [ 114.812099171239879, 40.455654475873416 ], [ 114.812205737305021, 40.455737198213171 ], [ 114.812349406699809, 40.456016396339692 ], [ 114.812490291793551, 40.456143340143058 ], [ 114.812700225035428, 40.456214867721997 ], [ 114.812917735065525, 40.456248601291975 ], [ 114.813151613656146, 40.45630850423413 ], [ 114.813506119212093, 40.456451296789965 ], [ 114.813626229067268, 40.456515469713224 ], [ 114.813775280005189, 40.456633905930062 ], [ 114.81385854913276, 40.456734183935509 ], [ 114.81399045269734, 40.456949952878063 ], [ 114.814080875931722, 40.457170652803427 ], [ 114.814181685436552, 40.457334719721587 ], [ 114.814403183060563, 40.457595636429517 ], [ 114.814596675795997, 40.457737088096167 ], [ 114.81520840814153, 40.457964844102321 ], [ 114.815280814358175, 40.457979805223886 ], [ 114.815526108043514, 40.457984362987986 ], [ 114.815579549356812, 40.457971862411569 ], [ 114.815727637120858, 40.457877414710993 ], [ 114.815868770427528, 40.457607904081556 ], [ 114.815969642884738, 40.457477981723514 ], [ 114.816366341033927, 40.457228608713365 ], [ 114.816423469567553, 40.457147414321753 ], [ 114.816442885031165, 40.457093745479995 ], [ 114.816450329619101, 40.45686422590336 ], [ 114.816401240125174, 40.456741701368458 ], [ 114.816329305153317, 40.456670109937704 ], [ 114.816207331902888, 40.456613769210151 ] ] ] } },
{ "type": "Feature", "properties": { "PV_Area": 0.16728848274200001, "Inst_time": 20141018.0, "Inst_year": 2014, "Major_type": "Grassland", "Lat": 40.470980189899997, "Lon": 114.81345718199999, "Province": "河北", "Province_pinyin": "Hebei", "Province code": 13, "City": "张家口市", "City_pinyin": "Zhangjiakou", "City code": 1307, "County": "宣化县", "County_pinyin": "Xuanhua xian", "County code": 130721, "Township": "深井镇", "Township_pinyin": "shen jing zhen" }, "geometry": { "type": "Polygon", "coordinates": [ [ [ 114.813518019940716, 40.472444804084489 ], [ 114.813793734992942, 40.472358926922993 ], [ 114.813998684192029, 40.472320380181429 ], [ 114.814762089898636, 40.472240238895949 ], [ 114.815688876340687, 40.472195296176039 ], [ 114.816300382057079, 40.472179832333438 ], [ 114.817118587053187, 40.472175089308962 ], [ 114.817765953236176, 40.472082711847747 ], [ 114.817882641170968, 40.472067994442455 ], [ 114.818173939675603, 40.472073769888596 ], [ 114.818413087394106, 40.472120070584822 ], [ 114.818849261284413, 40.472275333140146 ], [ 114.819060145109688, 40.47231985317876 ], [ 114.819378353128513, 40.472325859750697 ], [ 114.819573733541006, 40.472302524142208 ], [ 114.819823892558702, 40.472226177995765 ], [ 114.820024867653615, 40.47209339489433 ], [ 114.820063449468648, 40.472038872595931 ], [ 114.820064758881585, 40.47199842288893 ], [ 114.819992378745383, 40.471940348268504 ], [ 114.81992253919384, 40.47191201242947 ], [ 114.819570640772554, 40.471851322580505 ], [ 114.819136757455453, 40.471842672001742 ], [ 114.818898519850904, 40.471810008625027 ], [ 114.818720644742029, 40.471747512038121 ], [ 114.81841148929891, 40.471586226723048 ], [ 114.818235972212392, 40.471542373082116 ], [ 114.818145869136629, 40.471527080110718 ], [ 114.817796566158677, 40.471520481784864 ], [ 114.817621346747842, 40.471539738967806 ], [ 114.817527621202771, 40.471522891967936 ], [ 114.817471306555603, 40.471496713602505 ], [ 114.817400634231944, 40.471421051840139 ], [ 114.817312701220203, 40.471203320576819 ], [ 114.817262286125697, 40.471121281721821 ], [ 114.817172657891888, 40.471049361139137 ], [ 114.817032529128028, 40.471006182889084 ], [ 114.816801862915668, 40.471028847603293 ], [ 114.816158585050744, 40.471177635039851 ], [ 114.815959230534077, 40.471172475629317 ], [ 114.815765270151132, 40.47109526253638 ], [ 114.815479125661227, 40.470895743443862 ], [ 114.814886280877204, 40.470627812023963 ], [ 114.814728451656833, 40.470584286635585 ], [ 114.814405239810071, 40.470535046055602 ], [ 114.814298378767262, 40.47050001566322 ], [ 114.814222596495711, 40.470440905023793 ], [ 114.81419540099705, 40.470398375184914 ], [ 114.814174606872712, 40.470325988753416 ], [ 114.814176767943536, 40.47025941104306 ], [ 114.81424109644945, 40.470080541284005 ], [ 114.814514948106421, 40.469637000147486 ], [ 114.814534381556541, 40.469583319614571 ], [ 114.814537884415927, 40.469475372190743 ], [ 114.814504280348274, 40.469420673625223 ], [ 114.814396114389183, 40.469375429632407 ], [ 114.814289660739291, 40.469386928364088 ], [ 114.81383376021995, 40.469513061878331 ], [ 114.813614858039273, 40.469508079634238 ], [ 114.813517877847858, 40.469471844150348 ], [ 114.813419474928878, 40.46939287198353 ], [ 114.813362587413508, 40.469268780829623 ], [ 114.813332316233414, 40.469006638345718 ], [ 114.813284968726407, 40.468830111320642 ], [ 114.813251797232738, 40.468761902240033 ], [ 114.813179861361618, 40.468690316205198 ], [ 114.813057424060958, 40.468647470704241 ], [ 114.812862566154536, 40.468657293998945 ], [ 114.812702153181931, 40.468694792131032 ], [ 114.812451527416101, 40.468784627208834 ], [ 114.81228976815828, 40.468862632604441 ], [ 114.812104550984259, 40.469010428988156 ], [ 114.812030329935851, 40.469117103871326 ], [ 114.811953462182601, 40.46930482116062 ], [ 114.81187178395578, 40.469641062385165 ], [ 114.811868047272583, 40.469707408969782 ], [ 114.811786277314923, 40.469932531761003 ], [ 114.811728768367971, 40.470030118095508 ], [ 114.811650501269696, 40.470116052813637 ], [ 114.811556492438285, 40.470167107326176 ], [ 114.811444342482446, 40.47018173030267 ], [ 114.811345670666242, 40.470150445586626 ], [ 114.81126046439897, 40.470100444180218 ], [ 114.811119259146608, 40.469943845232308 ], [ 114.810972414245612, 40.469717421122141 ], [ 114.810797551865562, 40.469591052884823 ], [ 114.810639297265766, 40.469561027219697 ], [ 114.810390549284534, 40.469596848116112 ], [ 114.810154032982268, 40.469682427601981 ], [ 114.809932386070841, 40.469734205169459 ], [ 114.809216541010642, 40.469790784217366 ], [ 114.809035888795279, 40.469856012045398 ], [ 114.808942897996417, 40.469936883580374 ], [ 114.808923023878492, 40.470004005380588 ], [ 114.808938510204143, 40.470071834047928 ], [ 114.809006152711845, 40.470167710771307 ], [ 114.809230723319274, 40.470362496731866 ], [ 114.809343178145241, 40.47048499068984 ], [ 114.809394102256078, 40.470569756289251 ], [ 114.809513348762152, 40.470893477152288 ], [ 114.809617776239406, 40.471005115393837 ], [ 114.809793937240443, 40.47107710792227 ], [ 114.810284360934588, 40.471087208208132 ], [ 114.810439672053235, 40.471139807756003 ], [ 114.810564576194338, 40.471239039849877 ], [ 114.811095508950643, 40.471748104691358 ], [ 114.811385701289169, 40.472077474196112 ], [ 114.811594481600082, 40.472245145597071 ], [ 114.81194483408683, 40.472401502627292 ], [ 114.812172956117138, 40.472459874923345 ], [ 114.812526528176818, 40.472466570375957 ], [ 114.813358035944702, 40.472468798895989 ], [ 114.813518019940716, 40.472444804084489 ] ] ] } },
{ "type": "Feature", "properties": { "PV_Area": 0.024220556102499999, "Inst_time": 20180918.0, "Inst_year": 2018, "Major_type": "Grassland", "Lat": 40.466747672799997, "Lon": 114.81511847900001, "Province": "河北", "Province_pinyin": "Hebei", "Province code": 13, "City": "张家口市", "City_pinyin": "Zhangjiakou", "City code": 1307, "County": "宣化县", "County_pinyin": "Xuanhua xian", "County code": 130721, "Township": "深井镇", "Township_pinyin": "shen jing zhen" }, "geometry": { "type": "Polygon", "coordinates": [ [ [ 114.815434623609008, 40.465719796131737 ], [ 114.815028044608653, 40.465712106928265 ], [ 114.814760660875891, 40.465774604414491 ], [ 114.814595932056704, 40.465881040077988 ], [ 114.814557780117525, 40.465922067149734 ], [ 114.814481810787015, 40.466082764308169 ], [ 114.814473054987616, 40.466352782155241 ], [ 114.814474696250272, 40.467393240205922 ], [ 114.814537100207076, 40.467651148681625 ], [ 114.81460343689912, 40.46778751378281 ], [ 114.814744349871944, 40.467914454888216 ], [ 114.814884472340623, 40.467957635836285 ], [ 114.814990484423333, 40.467959641324455 ], [ 114.815097440794375, 40.467934640171563 ], [ 114.81528028555681, 40.467815039332663 ], [ 114.815355112748307, 40.467734168697007 ], [ 114.815485875972513, 40.467520460101184 ], [ 114.815526491154742, 40.467359083954591 ], [ 114.815824275569867, 40.466905293244736 ], [ 114.815898493021109, 40.466798611167007 ], [ 114.815918361743115, 40.466731426414242 ], [ 114.815924487025541, 40.466542431188316 ], [ 114.815895252763767, 40.466352709310115 ], [ 114.815847460991563, 40.466189661323881 ], [ 114.815749255923492, 40.465944613153454 ], [ 114.815698847124168, 40.465862574298399 ], [ 114.815626903159114, 40.465790981968269 ], [ 114.815504908324897, 40.465734636744116 ], [ 114.815434623609008, 40.465719796131737 ] ] ] } },
{ "type": "Feature", "properties": { "PV_Area": 0.0077120585247899996, "Inst_time": 20161026.0, "Inst_year": 2016, "Major_type": "Woodland", "Lat": 40.4534733407, "Lon": 114.81332476, "Province": "河北", "Province_pinyin": "Hebei", "Province code": 13, "City": "张家口市", "City_pinyin": "Zhangjiakou", "City code": 1307, "County": "宣化县", "County_pinyin": "Xuanhua xian", "County code": 130721, "Township": "深井镇", "Township_pinyin": "shen jing zhen" }, "geometry": { "type": "Polygon", "coordinates": [ [ [ 114.813383988580313, 40.453128302729056 ], [ 114.812962382807768, 40.453106730691104 ], [ 114.812817986760706, 40.453131101419274 ], [ 114.812746382739419, 40.453156765372455 ], [ 114.81266991968107, 40.453225530234079 ], [ 114.812650924200852, 40.453265711043798 ], [ 114.812646983371678, 40.453387186969167 ], [ 114.812694757157374, 40.453550211573031 ], [ 114.812779190907008, 40.453673430384583 ], [ 114.812832766219231, 40.453716552876642 ], [ 114.812991202482067, 40.453788201864086 ], [ 114.81321970222757, 40.453833066343009 ], [ 114.813573175361853, 40.453839756399702 ], [ 114.813715438216946, 40.453815425241714 ], [ 114.813896479838718, 40.453736684200692 ], [ 114.813970898738035, 40.453682471269076 ], [ 114.814045100001408, 40.453575792788683 ], [ 114.814048601961417, 40.453467845364798 ], [ 114.813998203054666, 40.453385803811841 ], [ 114.813909036173186, 40.453300373613388 ], [ 114.813682757753099, 40.453188008719678 ], [ 114.813383988580313, 40.453128302729056 ] ] ] } },
{ "type": "Feature", "properties": { "PV_Area": 0.070922966355000006, "Inst_time": 20141023.0, "Inst_year": 2014, "Major_type": "Cropland", "Lat": 40.468943953500002, "Lon": 114.817724961, "Province": "河北", "Province_pinyin": "Hebei", "Province code": 13, "City": "张家口市", "City_pinyin": "Zhangjiakou", "City code": 1307, "County": "宣化县", "County_pinyin": "Xuanhua xian", "County code": 130721, "Township": "深井镇", "Township_pinyin": "shen jing zhen" }, "geometry": { "type": "Polygon", "coordinates": [ [ [ 114.817769284325095, 40.466831368073258 ], [ 114.817522263042065, 40.466813190076721 ], [ 114.817361400408345, 40.466864193327922 ], [ 114.817248674886514, 40.466959316419377 ], [ 114.817192578774552, 40.467052829724366 ], [ 114.817172990641097, 40.467108138030198 ], [ 114.817163527974458, 40.467403537443374 ], [ 114.817194515914252, 40.467539243341434 ], [ 114.817243621595935, 40.467661752587844 ], [ 114.817294034891802, 40.467743793241539 ], [ 114.817491876748818, 40.467979404825712 ], [ 114.817500607367151, 40.468041558770949 ], [ 114.817486637298543, 40.468087247928224 ], [ 114.817380020871383, 40.468180155989444 ], [ 114.816996339509501, 40.468303085219247 ], [ 114.816867844375565, 40.468383185135963 ], [ 114.816829692436386, 40.468424212207708 ], [ 114.816754599045566, 40.468557902725081 ], [ 114.816734731222937, 40.468625088377166 ], [ 114.816722810709166, 40.468989794043807 ], [ 114.81669932941054, 40.469123207570021 ], [ 114.816653355168228, 40.469233539995912 ], [ 114.816552465623886, 40.469363462353954 ], [ 114.816472946669251, 40.469419635807583 ], [ 114.816317740771183, 40.469474803819196 ], [ 114.815930978332062, 40.469512553761376 ], [ 114.815752429630948, 40.469563217968187 ], [ 114.815639706807133, 40.469658329368485 ], [ 114.815618088004385, 40.469779470746005 ], [ 114.81568443009246, 40.469915834947869 ], [ 114.815735720227394, 40.469970849175411 ], [ 114.815995800565815, 40.470193531206576 ], [ 114.816153423841456, 40.470292194029582 ], [ 114.816345722277333, 40.47036338256413 ], [ 114.817240934421648, 40.470582979920664 ], [ 114.817435326479199, 40.470586653651196 ], [ 114.817506947587617, 40.470560987899319 ], [ 114.817637360076219, 40.470466199355656 ], [ 114.817811751211366, 40.470199360612071 ], [ 114.817865703339635, 40.470157461197914 ], [ 114.81803607720326, 40.470112767590194 ], [ 114.818317949913535, 40.470103377768737 ], [ 114.818496046255632, 40.470066206090564 ], [ 114.818871753328835, 40.469938184000057 ], [ 114.81905608017405, 40.46981738706279 ], [ 114.819111740114749, 40.469737377078332 ], [ 114.819151473062107, 40.469603005774161 ], [ 114.819299001447803, 40.468874510850071 ], [ 114.819303212073692, 40.468741156679073 ], [ 114.819227914536668, 40.46833437443189 ], [ 114.819179677600118, 40.468184836061369 ], [ 114.819056002832326, 40.468071740018843 ], [ 114.818688938244009, 40.46793822936587 ], [ 114.818586542335083, 40.467859502713907 ], [ 114.818556096686621, 40.467787466118693 ], [ 114.818564133028417, 40.467524632056154 ], [ 114.818515898789769, 40.4673751143701 ], [ 114.818413757389067, 40.46725156640673 ], [ 114.818186174952075, 40.467068938380862 ], [ 114.817961132200594, 40.466916055431682 ], [ 114.817769284325095, 40.466831368073258 ] ] ] } },
{ "type": "Feature", "properties": { "PV_Area": 0.0548724462513, "Inst_time": 20171109.0, "Inst_year": 2017, "Major_type": "Grassland", "Lat": 40.471227559500001, "Lon": 114.82313266200001, "Province": "河北", "Province_pinyin": "Hebei", "Province code": 13, "City": "张家口市", "City_pinyin": "Zhangjiakou", "City code": 1307, "County": "宣化县", "County_pinyin": "Xuanhua xian", "County code": 130721, "Township": "深井镇", "Township_pinyin": "shen jing zhen" }, "geometry": { "type": "Polygon", "coordinates": [ [ [ 114.822367025118183, 40.471789305332209 ], [ 114.822695930572763, 40.471753827077521 ], [ 114.822975079236585, 40.471758775147407 ], [ 114.823534432368206, 40.471836723885758 ], [ 114.823834594590949, 40.471855891136499 ], [ 114.824152807106429, 40.471861882420001 ], [ 114.824241649332748, 40.471850044643872 ], [ 114.824492233729643, 40.47176018888166 ], [ 114.825104330300633, 40.471433912145358 ], [ 114.825699171579572, 40.47109379484283 ], [ 114.82577522814438, 40.471038503624072 ], [ 114.825830435726061, 40.470972002356064 ], [ 114.825849431206393, 40.470931817949065 ], [ 114.825852478109482, 40.470837348664759 ], [ 114.825819299421141, 40.470769174657732 ], [ 114.825768001192387, 40.470714164926846 ], [ 114.825695170495806, 40.470669587331656 ], [ 114.825414887786906, 40.470583245220666 ], [ 114.825204011156302, 40.470538739571225 ], [ 114.825060860670192, 40.470522452848968 ], [ 114.824481038069507, 40.470510416322725 ], [ 114.823988331896089, 40.470380737680955 ], [ 114.823794688074486, 40.470350057309361 ], [ 114.823582574876013, 40.470346064319472 ], [ 114.823404886826097, 40.470369738073032 ], [ 114.82317242017109, 40.470446425062505 ], [ 114.822756088023084, 40.470682480911819 ], [ 114.82264932320777, 40.470728011788367 ], [ 114.822561326344157, 40.470745612420103 ], [ 114.822393794338154, 40.470742174311965 ], [ 114.822241575088697, 40.470712561435619 ], [ 114.822013916209357, 40.470708349910467 ], [ 114.821942751057122, 40.470720520435748 ], [ 114.821727963274952, 40.470797536577095 ], [ 114.821028761967796, 40.471081614425032 ], [ 114.820898344982652, 40.471176411961892 ], [ 114.820787465768944, 40.471322934006253 ], [ 114.820449525725053, 40.471924605636104 ], [ 114.820446906899292, 40.472005567103281 ], [ 114.820536533334462, 40.472077479592087 ], [ 114.820746959404687, 40.472135491259962 ], [ 114.82120706155672, 40.472130657403966 ], [ 114.821474010916972, 40.472081644352443 ], [ 114.82217976378513, 40.471828198312778 ], [ 114.822367025118183, 40.471789305332209 ] ] ] } },
{ "type": "Feature", "properties": { "PV_Area": 0.13070416516899999, "Inst_time": 20150714.0, "Inst_year": 2015, "Major_type": "Cropland", "Lat": 40.490569688400001, "Lon": 114.78919372199999, "Province": "河北", "Province_pinyin": "Hebei", "Province code": 13, "City": "张家口市", "City_pinyin": "Zhangjiakou", "City code": 1307, "County": "宣化县", "County_pinyin": "Xuanhua xian", "County code": 130721, "Township": "深井镇", "Township_pinyin": "shen jing zhen" }, "geometry": { "type": "Polygon", "coordinates": [ [ [ 114.787899822418922, 40.491758265731448 ], [ 114.788131817829139, 40.491704160718484 ], [ 114.788519529053133, 40.491723572584874 ], [ 114.788646328065624, 40.491698897885897 ], [ 114.788790061312397, 40.491634093638538 ], [ 114.788949265596216, 40.49150487724836 ], [ 114.789087141558412, 40.491419994737043 ], [ 114.789209294673242, 40.491376394704901 ], [ 114.78934960240224, 40.491348734256746 ], [ 114.789637005043801, 40.49136913717598 ], [ 114.79015691570919, 40.491511604177219 ], [ 114.790369076571665, 40.491515667314275 ], [ 114.790478160738644, 40.491476128620491 ], [ 114.790570772922933, 40.491408767600603 ], [ 114.790668361955454, 40.491298470248239 ], [ 114.790787875560113, 40.491212227962023 ], [ 114.790843590359486, 40.491191469810531 ], [ 114.791098473515831, 40.49115164693103 ], [ 114.79163817016547, 40.491134581395841 ], [ 114.791780980707699, 40.491096781091642 ], [ 114.791857513913214, 40.491028027021855 ], [ 114.791847462190731, 40.490798025408594 ], [ 114.79187590414972, 40.490729167017491 ], [ 114.791949751979587, 40.490644786327891 ], [ 114.792082285968831, 40.490590280217305 ], [ 114.792183162922697, 40.490595529560096 ], [ 114.792276511651721, 40.490651453002215 ], [ 114.792318641292354, 40.490740734097642 ], [ 114.792314936984781, 40.49090164979134 ], [ 114.792348089592679, 40.49096983279162 ], [ 114.79238598342647, 40.491000248762532 ], [ 114.792526135572757, 40.49104345669025 ], [ 114.792667189739063, 40.491059664272143 ], [ 114.793092487228591, 40.491040765918683 ], [ 114.793325059104291, 40.490964143680344 ], [ 114.793473673871063, 40.490856218739566 ], [ 114.793547954274686, 40.49074955284965 ], [ 114.7935678526743, 40.490682372593483 ], [ 114.793573156875709, 40.490520384008562 ], [ 114.793528064868383, 40.490276310703223 ], [ 114.793479430431375, 40.490140266660035 ], [ 114.793443992646189, 40.490097848337086 ], [ 114.793303611172746, 40.489999136950644 ], [ 114.793180681942999, 40.489969760596011 ], [ 114.792722822700171, 40.489946301780435 ], [ 114.79179781421783, 40.489794343334324 ], [ 114.791681387086442, 40.489763551446799 ], [ 114.791625870137864, 40.489700439723549 ], [ 114.79162136993034, 40.48965795575009 ], [ 114.791787727421706, 40.489378237815458 ], [ 114.791826204016161, 40.489284384566758 ], [ 114.791830188012796, 40.489162911339349 ], [ 114.791780235169767, 40.489067382653616 ], [ 114.791621196361234, 40.488953578844644 ], [ 114.791428431177224, 40.488895851362486 ], [ 114.791146777002268, 40.488849931079528 ], [ 114.790846627370001, 40.488830680191768 ], [ 114.790650780209376, 40.488867468758713 ], [ 114.790541249079411, 40.488920516168946 ], [ 114.790411939159753, 40.489027709960908 ], [ 114.790179421243351, 40.489299735994052 ], [ 114.79007600910063, 40.489390177214943 ], [ 114.78983685418757, 40.489563841697986 ], [ 114.789105724249794, 40.490054664691058 ], [ 114.788963441609553, 40.490127472904589 ], [ 114.788630178939684, 40.490231460613472 ], [ 114.788479902225731, 40.490256998661607 ], [ 114.788362116218764, 40.490256129916531 ], [ 114.788200270626021, 40.490221271294672 ], [ 114.788096592283978, 40.490170465894323 ], [ 114.787869788659918, 40.490016804132267 ], [ 114.787365751028688, 40.489736911729153 ], [ 114.787261410785504, 40.489680867777906 ], [ 114.787121263135873, 40.489637653554894 ], [ 114.786785738670915, 40.489617713786515 ], [ 114.786625671037996, 40.489641670826472 ], [ 114.786464731961928, 40.489692629111573 ], [ 114.786297974272202, 40.489813712033254 ], [ 114.786010602207625, 40.490138726121359 ], [ 114.785693948217158, 40.490449352855421 ], [ 114.785275108759379, 40.490780476038196 ], [ 114.785218948795546, 40.490873972256054 ], [ 114.785198596238274, 40.490954654034113 ], [ 114.785165807855833, 40.49141337392814 ], [ 114.785215310138483, 40.491522407732987 ], [ 114.785357099950261, 40.491622378170291 ], [ 114.785883257306523, 40.491767577311919 ], [ 114.78618260654207, 40.49181385012912 ], [ 114.78685336858814, 40.491867230288506 ], [ 114.787419296663302, 40.491878079709636 ], [ 114.787704031915609, 40.491829486641564 ], [ 114.787899822418922, 40.491758265731448 ] ], [ [ 114.789300068643342, 40.49061849464789 ], [ 114.789351841714165, 40.490604530874464 ], [ 114.789433912944787, 40.490631792922954 ], [ 114.78944635056871, 40.490693615917678 ], [ 114.789385605861071, 40.490743470734628 ], [ 114.789295202411722, 40.49074484310006 ], [ 114.789254323728073, 40.490710622996914 ], [ 114.789251928833551, 40.490664344783738 ], [ 114.789300068643342, 40.49061849464789 ] ] ] } },
{ "type": "Feature", "properties": { "PV_Area": 0.000246070045917, "Inst_time": 20170421.0, "Inst_year": 2017, "Major_type": "Cropland", "Lat": 34.697742259599998, "Lon": 115.79513082699999, "Province": "山东", "Province_pinyin": "Shandong", "Province code": 37, "City": "菏泽市", "City_pinyin": "Heze", "City code": 3717, "County": "曹县", "County_pinyin": "Cao xian", "County code": 371721, "Township": "青固集镇", "Township_pinyin": "qing gu ji zhen" }, "geometry": { "type": "Polygon", "coordinates": [ [ [ 115.795265573747315, 34.697697344356982 ], [ 115.79499608020501, 34.697697344356982 ], [ 115.79499608020501, 34.697787174938242 ], [ 115.795265573747315, 34.697787174938242 ], [ 115.795265573747315, 34.697697344356982 ] ] ] } },
{ "type": "Feature", "properties": { "PV_Area": 0.000246070045917, "Inst_time": 20170421.0, "Inst_year": 2017, "Major_type": "Cropland", "Lat": 34.697742259599998, "Lon": 115.79513082699999, "Province": "山东", "Province_pinyin": "Shandong", "Province code": 37, "City": "菏泽市", "City_pinyin": "Heze", "City code": 3717, "County": "曹县", "County_pinyin": "Cao xian", "County code": 371721, "Township": "青固集镇", "Township_pinyin": "qing gu ji zhen" }, "geometry": { "type": "Polygon", "coordinates": [ [ [ 115.795265573747315, 34.697697344356982 ], [ 115.79499608020501, 34.697697344356982 ], [ 115.79499608020501, 34.697787174938242 ], [ 115.795265573747315, 34.697787174938242 ], [ 115.795265573747315, 34.697697344356982 ] ] ] } },
{ "type": "Feature", "properties": { "PV_Area": 0.52811294597400005, "Inst_time": 20160531.0, "Inst_year": 2016, "Major_type": "Cropland", "Lat": 34.586487951199999, "Lon": 115.75830347, "Province": "山东", "Province_pinyin": "Shandong", "Province code": 37, "City": "菏泽市", "City_pinyin": "Heze", "City code": 3717, "County": "曹县", "County_pinyin": "Cao xian", "County code": 371721, "Township": "青固集镇", "Township_pinyin": "qing gu ji zhen" }, "geometry": { "type": "Polygon", "coordinates": [ [ [ 115.751876946164202, 34.589450351852292 ], [ 115.751876946164202, 34.58936052037177 ], [ 115.753583745193737, 34.58936052037177 ], [ 115.753853240534681, 34.589270688891247 ], [ 115.753853239635419, 34.589180857410668 ], [ 115.754661722960236, 34.589180857410668 ], [ 115.755200712742749, 34.589091025930145 ], [ 115.756188859028725, 34.5888215305892 ], [ 115.757177006213965, 34.588641867628155 ], [ 115.757446500655533, 34.588552037046952 ], [ 115.757715995996477, 34.58837237408585 ], [ 115.757985490438045, 34.588282541706008 ], [ 115.75834481636025, 34.588192711124748 ], [ 115.75924313116559, 34.588102878744905 ], [ 115.759602456188418, 34.588013048163702 ], [ 115.759602457087794, 34.58792321578386 ], [ 115.760051615389784, 34.587833384303281 ], [ 115.760949930195238, 34.587833384303281 ], [ 115.761399088497228, 34.587743552822758 ], [ 115.761668582938796, 34.587653721342235 ], [ 115.761848245899841, 34.587563889861656 ], [ 115.76247706716299, 34.58738422690061 ], [ 115.762836393085081, 34.587294395420088 ], [ 115.763465213448853, 34.587114731559666 ], [ 115.764004202332103, 34.586935068598564 ], [ 115.764094033812626, 34.586845238017361 ], [ 115.764273696773785, 34.586665575056315 ], [ 115.764273697673048, 34.586126585273746 ], [ 115.76436352915357, 34.586036753793223 ], [ 115.764722855975037, 34.586036753793223 ], [ 115.76499234861808, 34.585946922312644 ], [ 115.765172011579125, 34.585857090832121 ], [ 115.765800832842274, 34.585497764909974 ], [ 115.765980495803319, 34.585407933429451 ], [ 115.766160158764364, 34.585318101948872 ], [ 115.766609316167091, 34.585228269569029 ], [ 115.766788979128137, 34.585138438987826 ], [ 115.767327968910649, 34.584868943646882 ], [ 115.767597464251594, 34.584599449205257 ], [ 115.767687294832854, 34.584509617724734 ], [ 115.767687294832854, 34.58370113439986 ], [ 115.767597464251594, 34.583611302919337 ], [ 115.767507631871808, 34.583521471438814 ], [ 115.767327968910649, 34.583521471438814 ], [ 115.767327968910649, 34.583611302919337 ], [ 115.767058473569705, 34.58370113439986 ], [ 115.766609317965731, 34.58370113439986 ], [ 115.76633982172541, 34.583880797360962 ], [ 115.765621169881115, 34.583970628841485 ], [ 115.765351675439547, 34.584150291802587 ], [ 115.765172011579125, 34.584240123283109 ], [ 115.764812685657034, 34.584240123283109 ], [ 115.76445335973483, 34.584419786244212 ], [ 115.764363528254307, 34.584509617724734 ], [ 115.764183864393885, 34.584509617724734 ], [ 115.764094033812626, 34.584419786244212 ], [ 115.764094033812626, 34.584150291802587 ], [ 115.764004202332103, 34.584060460322064 ], [ 115.76391437085158, 34.583970628841485 ], [ 115.76355504492949, 34.583970628841485 ], [ 115.76355504492949, 34.584060460322064 ], [ 115.762926223666341, 34.584150291802587 ], [ 115.762297403302568, 34.584150291802587 ], [ 115.762297402403306, 34.584060460322064 ], [ 115.761039761675761, 34.584060460322064 ], [ 115.761039762575024, 34.584150291802587 ], [ 115.760590604273034, 34.584240123283109 ], [ 115.760051616289161, 34.584329954763632 ], [ 115.759512625607272, 34.584329954763632 ], [ 115.759063468204545, 34.584509617724734 ], [ 115.758614310801818, 34.584599449205257 ], [ 115.758075321918682, 34.58468928068578 ], [ 115.757895657158883, 34.584779112166359 ], [ 115.757087174733442, 34.584868943646882 ], [ 115.75645835436967, 34.585138438987826 ], [ 115.756278690509248, 34.585228269569029 ], [ 115.755739701625998, 34.585318101948872 ], [ 115.755021049781703, 34.585318101948872 ], [ 115.754571891479713, 34.585407933429451 ], [ 115.754212565557509, 34.585497764909974 ], [ 115.753853240534681, 34.585677427871076 ], [ 115.753134586891747, 34.585857090832121 ], [ 115.752326103566929, 34.585946922312644 ], [ 115.752056609125248, 34.585946922312644 ], [ 115.75178711468368, 34.585946922312644 ], [ 115.751427787862212, 34.586036753793223 ], [ 115.751068461940008, 34.586126585273746 ], [ 115.750888798978963, 34.586306248234848 ], [ 115.750798968397703, 34.586935068598564 ], [ 115.750798968397703, 34.587653721342235 ], [ 115.750888798978963, 34.58792321578386 ], [ 115.750978631358862, 34.58792321578386 ], [ 115.750978631358862, 34.589091025930145 ], [ 115.751068461940008, 34.589270688891247 ], [ 115.751248124901053, 34.58936052037177 ], [ 115.751517620241998, 34.589450351852292 ], [ 115.751876946164202, 34.589450351852292 ] ] ] } },
{ "type": "Feature", "properties": { "PV_Area": 0.52811294597400005, "Inst_time": 20160531.0, "Inst_year": 2016, "Major_type": "Cropland", "Lat": 34.586487951199999, "Lon": 115.75830347, "Province": "山东", "Province_pinyin": "Shandong", "Province code": 37, "City": "菏泽市", "City_pinyin": "Heze", "City code": 3717, "County": "曹县", "County_pinyin": "Cao xian", "County code": 371721, "Township": "青固集镇", "Township_pinyin": "qing gu ji zhen" }, "geometry": { "type": "Polygon", "coordinates": [ [ [ 115.751876946164202, 34.589450351852292 ], [ 115.751876946164202, 34.58936052037177 ], [ 115.753583745193737, 34.58936052037177 ], [ 115.753853240534681, 34.589270688891247 ], [ 115.753853239635419, 34.589180857410668 ], [ 115.754661722960236, 34.589180857410668 ], [ 115.755200712742749, 34.589091025930145 ], [ 115.756188859028725, 34.5888215305892 ], [ 115.757177006213965, 34.588641867628155 ], [ 115.757446500655533, 34.588552037046952 ], [ 115.757715995996477, 34.58837237408585 ], [ 115.757985490438045, 34.588282541706008 ], [ 115.75834481636025, 34.588192711124748 ], [ 115.75924313116559, 34.588102878744905 ], [ 115.759602456188418, 34.588013048163702 ], [ 115.759602457087794, 34.58792321578386 ], [ 115.760051615389784, 34.587833384303281 ], [ 115.760949930195238, 34.587833384303281 ], [ 115.761399088497228, 34.587743552822758 ], [ 115.761668582938796, 34.587653721342235 ], [ 115.761848245899841, 34.587563889861656 ], [ 115.76247706716299, 34.58738422690061 ], [ 115.762836393085081, 34.587294395420088 ], [ 115.763465213448853, 34.587114731559666 ], [ 115.764004202332103, 34.586935068598564 ], [ 115.764094033812626, 34.586845238017361 ], [ 115.764273696773785, 34.586665575056315 ], [ 115.764273697673048, 34.586126585273746 ], [ 115.76436352915357, 34.586036753793223 ], [ 115.764722855975037, 34.586036753793223 ], [ 115.76499234861808, 34.585946922312644 ], [ 115.765172011579125, 34.585857090832121 ], [ 115.765800832842274, 34.585497764909974 ], [ 115.765980495803319, 34.585407933429451 ], [ 115.766160158764364, 34.585318101948872 ], [ 115.766609316167091, 34.585228269569029 ], [ 115.766788979128137, 34.585138438987826 ], [ 115.767327968910649, 34.584868943646882 ], [ 115.767597464251594, 34.584599449205257 ], [ 115.767687294832854, 34.584509617724734 ], [ 115.767687294832854, 34.58370113439986 ], [ 115.767597464251594, 34.583611302919337 ], [ 115.767507631871808, 34.583521471438814 ], [ 115.767327968910649, 34.583521471438814 ], [ 115.767327968910649, 34.583611302919337 ], [ 115.767058473569705, 34.58370113439986 ], [ 115.766609317965731, 34.58370113439986 ], [ 115.76633982172541, 34.583880797360962 ], [ 115.765621169881115, 34.583970628841485 ], [ 115.765351675439547, 34.584150291802587 ], [ 115.765172011579125, 34.584240123283109 ], [ 115.764812685657034, 34.584240123283109 ], [ 115.76445335973483, 34.584419786244212 ], [ 115.764363528254307, 34.584509617724734 ], [ 115.764183864393885, 34.584509617724734 ], [ 115.764094033812626, 34.584419786244212 ], [ 115.764094033812626, 34.584150291802587 ], [ 115.764004202332103, 34.584060460322064 ], [ 115.76391437085158, 34.583970628841485 ], [ 115.76355504492949, 34.583970628841485 ], [ 115.76355504492949, 34.584060460322064 ], [ 115.762926223666341, 34.584150291802587 ], [ 115.762297403302568, 34.584150291802587 ], [ 115.762297402403306, 34.584060460322064 ], [ 115.761039761675761, 34.584060460322064 ], [ 115.761039762575024, 34.584150291802587 ], [ 115.760590604273034, 34.584240123283109 ], [ 115.760051616289161, 34.584329954763632 ], [ 115.759512625607272, 34.584329954763632 ], [ 115.759063468204545, 34.584509617724734 ], [ 115.758614310801818, 34.584599449205257 ], [ 115.758075321918682, 34.58468928068578 ], [ 115.757895657158883, 34.584779112166359 ], [ 115.757087174733442, 34.584868943646882 ], [ 115.75645835436967, 34.585138438987826 ], [ 115.756278690509248, 34.585228269569029 ], [ 115.755739701625998, 34.585318101948872 ], [ 115.755021049781703, 34.585318101948872 ], [ 115.754571891479713, 34.585407933429451 ], [ 115.754212565557509, 34.585497764909974 ], [ 115.753853240534681, 34.585677427871076 ], [ 115.753134586891747, 34.585857090832121 ], [ 115.752326103566929, 34.585946922312644 ], [ 115.752056609125248, 34.585946922312644 ], [ 115.75178711468368, 34.585946922312644 ], [ 115.751427787862212, 34.586036753793223 ], [ 115.751068461940008, 34.586126585273746 ], [ 115.750888798978963, 34.586306248234848 ], [ 115.750798968397703, 34.586935068598564 ], [ 115.750798968397703, 34.587653721342235 ], [ 115.750888798978963, 34.58792321578386 ], [ 115.750978631358862, 34.58792321578386 ], [ 115.750978631358862, 34.589091025930145 ], [ 115.751068461940008, 34.589270688891247 ], [ 115.751248124901053, 34.58936052037177 ], [ 115.751517620241998, 34.589450351852292 ], [ 115.751876946164202, 34.589450351852292 ] ] ] } },
{ "type": "Feature", "properties": { "PV_Area": 0.010281723597300001, "Inst_time": 20161014.0, "Inst_year": 2016, "Major_type": "Woodland", "Lat": 36.0943566133, "Lon": 117.972892204, "Province": "山东", "Province_pinyin": "Shandong", "Province code": 37, "City": "淄博市", "City_pinyin": "Zibo", "City code": 3703, "County": "沂源县", "County_pinyin": "Yiyuan xian", "County code": 370323, "Township": "大张庄镇", "Township_pinyin": "da zhang zhuang zhen" }, "geometry": { "type": "Polygon", "coordinates": [ [ [ 117.973051318363673, 36.095116600250947 ], [ 117.973141148944933, 36.095026767871104 ], [ 117.973230981324832, 36.094667441948957 ], [ 117.973320811905978, 36.094487778987855 ], [ 117.973410644285877, 36.094308116026809 ], [ 117.97341064518514, 36.094038620685865 ], [ 117.973320811905978, 36.093858957724763 ], [ 117.973141148045556, 36.09376912714356 ], [ 117.972781823022729, 36.09376912714356 ], [ 117.972602160061683, 36.093858957724763 ], [ 117.972512327681784, 36.093948789205285 ], [ 117.972422497100638, 36.094038620685865 ], [ 117.972332663821476, 36.094128453065707 ], [ 117.972332665620115, 36.094487778987855 ], [ 117.972602160061683, 36.094757274328799 ], [ 117.972781823022729, 36.094936937289901 ], [ 117.972871655402628, 36.095116600250947 ], [ 117.973051318363673, 36.095116600250947 ] ] ] } },
{ "type": "Feature", "properties": { "PV_Area": 0.0021370047073699999, "Inst_time": 20180620.0, "Inst_year": 2018, "Major_type": "Woodland", "Lat": 36.093284940700002, "Lon": 117.973210642, "Province": "山东", "Province_pinyin": "Shandong", "Province code": 37, "City": "淄博市", "City_pinyin": "Zibo", "City code": 3703, "County": "沂源县", "County_pinyin": "Yiyuan xian", "County code": 370323, "Township": "大张庄镇", "Township_pinyin": "da zhang zhuang zhen" }, "geometry": { "type": "Polygon", "coordinates": [ [ [ 117.973410644285877, 36.093499631802615 ], [ 117.973500474867137, 36.093319968841513 ], [ 117.973500473967761, 36.09323013826031 ], [ 117.973410644285877, 36.093140305880468 ], [ 117.973320811905978, 36.093050475299265 ], [ 117.973051318363673, 36.093050475299265 ], [ 117.97296148688315, 36.093140305880468 ], [ 117.972961485983888, 36.093499631802615 ], [ 117.973410644285877, 36.093499631802615 ] ] ] } },
{ "type": "Feature", "properties": { "PV_Area": 0.0062498539817100003, "Inst_time": 20170207.0, "Inst_year": 2017, "Major_type": "Woodland", "Lat": 36.0919891096, "Lon": 117.97278684600001, "Province": "山东", "Province_pinyin": "Shandong", "Province code": 37, "City": "淄博市", "City_pinyin": "Zibo", "City code": 3703, "County": "沂源县", "County_pinyin": "Yiyuan xian", "County code": 370323, "Township": "大张庄镇", "Township_pinyin": "da zhang zhuang zhen" }, "geometry": { "type": "Polygon", "coordinates": [ [ [ 117.972961485983888, 36.092691147578478 ], [ 117.97305131746441, 36.092601316997218 ], [ 117.973051318363673, 36.091613169811978 ], [ 117.972871655402628, 36.091433506850933 ], [ 117.972781823022729, 36.091343675370354 ], [ 117.972512327681784, 36.091343675370354 ], [ 117.972422497100638, 36.091433506850933 ], [ 117.972422497100638, 36.091613169811978 ], [ 117.972512328581161, 36.091792832773081 ], [ 117.972602160061683, 36.091792832773081 ], [ 117.972602160061683, 36.092511484617376 ], [ 117.972691990642943, 36.092691147578478 ], [ 117.972961485983888, 36.092691147578478 ] ] ] } },
{ "type": "Feature", "properties": { "PV_Area": 0.046127424780600002, "Inst_time": 20180823.0, "Inst_year": 2018, "Major_type": "Woodland", "Lat": 36.092912586600001, "Lon": 117.97567297400001, "Province": "山东", "Province_pinyin": "Shandong", "Province code": 37, "City": "淄博市", "City_pinyin": "Zibo", "City code": 3703, "County": "沂源县", "County_pinyin": "Yiyuan xian", "County code": 370323, "Township": "大张庄镇", "Township_pinyin": "da zhang zhuang zhen" }, "geometry": { "type": "Polygon", "coordinates": [ [ [ 117.974847947974467, 36.095386093793252 ], [ 117.974847947974467, 36.095296263212049 ], [ 117.974937780354367, 36.09520643083215 ], [ 117.975027610935513, 36.095116600250947 ], [ 117.975297106276457, 36.094847104910002 ], [ 117.975566599818762, 36.094308116026809 ], [ 117.975656432198662, 36.09421828364691 ], [ 117.975746262779921, 36.094128453065707 ], [ 117.975836095159707, 36.094128453065707 ], [ 117.97592592664023, 36.094038619786545 ], [ 117.975925925740967, 36.093679294763717 ], [ 117.975836095159707, 36.093679293864398 ], [ 117.975836096059084, 36.093050475299265 ], [ 117.975925925740967, 36.092960642919365 ], [ 117.976285252562434, 36.092960642919365 ], [ 117.976285251663057, 36.09323013826031 ], [ 117.976285252562434, 36.093499631802615 ], [ 117.976375084042957, 36.093589464182458 ], [ 117.976554747004002, 36.093589464182458 ], [ 117.976734409965161, 36.093499631802615 ], [ 117.976734409965161, 36.09323013826031 ], [ 117.976734409965161, 36.092870811438843 ], [ 117.976824243244323, 36.092691147578478 ], [ 117.976824242344946, 36.091882665152923 ], [ 117.976734409965161, 36.091792832773081 ], [ 117.976644580283164, 36.091703002191878 ], [ 117.976375084942333, 36.091703002191878 ], [ 117.976285252562434, 36.091613169811978 ], [ 117.976285252562434, 36.091253843889831 ], [ 117.97637508314358, 36.091253843889831 ], [ 117.976375084042957, 36.090984349448206 ], [ 117.976195420182535, 36.090804685587841 ], [ 117.97592592664023, 36.090804685587841 ], [ 117.975386936857717, 36.090984349448206 ], [ 117.975117444214789, 36.091074180928786 ], [ 117.975117443315412, 36.091343675370354 ], [ 117.975297105377194, 36.091433506850933 ], [ 117.975836095159707, 36.091523339230775 ], [ 117.976105589601389, 36.091703002191878 ], [ 117.976195421081911, 36.091792832773081 ], [ 117.976285252562434, 36.092062328114025 ], [ 117.976285252562434, 36.092152158695228 ], [ 117.976195421081911, 36.09224199107507 ], [ 117.975925925740967, 36.09224199107507 ], [ 117.975746262779921, 36.092062328114025 ], [ 117.975566600718139, 36.091972495734126 ], [ 117.975386936857717, 36.091882665152923 ], [ 117.974937780354367, 36.091882665152923 ], [ 117.974847947974467, 36.091972495734126 ], [ 117.974758117393321, 36.092062328114025 ], [ 117.974758117393321, 36.09224199107507 ], [ 117.974847947974467, 36.092421654036173 ], [ 117.974937780354367, 36.092421654036173 ], [ 117.975027610935513, 36.092511484617376 ], [ 117.975117443315412, 36.092601316997218 ], [ 117.975207272997295, 36.09278097995832 ], [ 117.975297106276457, 36.093050475299265 ], [ 117.975297107175834, 36.093319968841513 ], [ 117.975297106276457, 36.093409801221412 ], [ 117.97502761003625, 36.094038620685865 ], [ 117.974937780354367, 36.09421828364691 ], [ 117.974847948873844, 36.094308116026809 ], [ 117.974488622052377, 36.094577611367697 ], [ 117.974398789672478, 36.094667441948957 ], [ 117.974398788773101, 36.095116600250947 ], [ 117.974668285013422, 36.095386093793252 ], [ 117.974847947974467, 36.095386093793252 ] ] ] } },
{ "type": "Feature", "properties": { "PV_Area": 0.023951122738499999, "Inst_time": 20170601.0, "Inst_year": 2017, "Major_type": "Woodland", "Lat": 36.091736574899997, "Lon": 117.980128701, "Province": "山东", "Province_pinyin": "Shandong", "Province code": 37, "City": "淄博市", "City_pinyin": "Zibo", "City code": 3703, "County": "沂源县", "County_pinyin": "Yiyuan xian", "County code": 370323, "Township": "大张庄镇", "Township_pinyin": "da zhang zhuang zhen" }, "geometry": { "type": "Polygon", "coordinates": [ [ [ 117.978980197877945, 36.092960642919365 ], [ 117.979159859939614, 36.092870811438843 ], [ 117.979249693218776, 36.09278097995832 ], [ 117.979339524699412, 36.092691146679101 ], [ 117.979339524699412, 36.092421654036173 ], [ 117.979429356179935, 36.092331821656273 ], [ 117.979519187660458, 36.09224199107507 ], [ 117.98005817744297, 36.092152158695228 ], [ 117.980507333946321, 36.091972495734126 ], [ 117.980686996008103, 36.091882665152923 ], [ 117.980776829287265, 36.091792832773081 ], [ 117.981405650550414, 36.091343675370354 ], [ 117.981585312612197, 36.091253843889831 ], [ 117.981944639433664, 36.091253843889831 ], [ 117.98203447001481, 36.091164012409308 ], [ 117.98203447001481, 36.090804685587841 ], [ 117.981405649651037, 36.090714855006581 ], [ 117.981136154310093, 36.090714855006581 ], [ 117.981046323728947, 36.090804685587841 ], [ 117.980956492248424, 36.090894517967683 ], [ 117.980956492248424, 36.091433506850933 ], [ 117.980866661667164, 36.091523339230775 ], [ 117.980776829287265, 36.091613169811978 ], [ 117.98068699690748, 36.091613169811978 ], [ 117.980507333946321, 36.091433506850933 ], [ 117.980417503365175, 36.091343675370354 ], [ 117.980327670985275, 36.091074180928786 ], [ 117.980237840404129, 36.090984349448206 ], [ 117.979878513582548, 36.090984349448206 ], [ 117.979788682102026, 36.091074180928786 ], [ 117.979788682102026, 36.091253843889831 ], [ 117.979878513582548, 36.091253843889831 ], [ 117.979968345063185, 36.091433506850933 ], [ 117.979968345063185, 36.091613169811978 ], [ 117.979878513582548, 36.091703002191878 ], [ 117.979519187660458, 36.091703002191878 ], [ 117.979519187660458, 36.091613169811978 ], [ 117.97915986083899, 36.091613169811978 ], [ 117.978980197877945, 36.091792832773081 ], [ 117.978980197877945, 36.092062328114025 ], [ 117.979070030257731, 36.092062328114025 ], [ 117.979070030257731, 36.09224199107507 ], [ 117.978890367296685, 36.092421654036173 ], [ 117.978800534916786, 36.092511484617376 ], [ 117.978531041374481, 36.092511484617376 ], [ 117.978441208994695, 36.092601316997218 ], [ 117.978351378413436, 36.092691147578478 ], [ 117.978351378413436, 36.09278097995832 ], [ 117.978441208994695, 36.092870811438843 ], [ 117.978531041374481, 36.092960642919365 ], [ 117.978980197877945, 36.092960642919365 ] ] ] } },
{ "type": "Feature", "properties": { "PV_Area": 0.065924999778600002, "Inst_time": 20161013.0, "Inst_year": 2016, "Major_type": "Woodland", "Lat": 36.093024982300001, "Lon": 117.970855711, "Province": "山东", "Province_pinyin": "Shandong", "Province code": 37, "City": "淄博市", "City_pinyin": "Zibo", "City code": 3703, "County": "沂源县", "County_pinyin": "Yiyuan xian", "County code": 370323, "Township": "大张庄镇", "Township_pinyin": "da zhang zhuang zhen" }, "geometry": { "type": "Polygon", "coordinates": [ [ [ 117.972063171178434, 36.096643736319436 ], [ 117.972063171178434, 36.096553903939594 ], [ 117.972242834139593, 36.096464073358334 ], [ 117.972512327681784, 36.096374240978491 ], [ 117.97296148688315, 36.096194578017389 ], [ 117.973141148944933, 36.096014915056344 ], [ 117.973141148944933, 36.095655589134196 ], [ 117.973051318363673, 36.095565756754297 ], [ 117.972871655402628, 36.095565756754297 ], [ 117.972781822123466, 36.095655589134196 ], [ 117.972691990642943, 36.095925082676501 ], [ 117.97260215916242, 36.096014915056344 ], [ 117.972512327681784, 36.096104745637547 ], [ 117.972332664720739, 36.096194578017389 ], [ 117.971973337899271, 36.096194578017389 ], [ 117.971614011977181, 36.095835252095242 ], [ 117.971524182295184, 36.095655589134196 ], [ 117.971524182295184, 36.095386093793252 ], [ 117.971614012876444, 36.095386093793252 ], [ 117.971614012876444, 36.095296263212049 ], [ 117.97152418319456, 36.09520643083215 ], [ 117.971434349915398, 36.095116600250947 ], [ 117.971075023993194, 36.095116600250947 ], [ 117.970985191613408, 36.095026767871104 ], [ 117.970985191613408, 36.09376912714356 ], [ 117.971075023993194, 36.09376912714356 ], [ 117.971164854574454, 36.093589464182458 ], [ 117.971164854574454, 36.092960642919365 ], [ 117.971075023093931, 36.092960642919365 ], [ 117.971075023993194, 36.091972495734126 ], [ 117.971164854574454, 36.091972495734126 ], [ 117.971164854574454, 36.090355529084434 ], [ 117.971075023993194, 36.090175866123388 ], [ 117.970985190714032, 36.090086033743489 ], [ 117.970895361032149, 36.089996203162286 ], [ 117.970625865691204, 36.089547044860296 ], [ 117.970536035109944, 36.089457213379774 ], [ 117.970266538869737, 36.089457213379774 ], [ 117.970176709187854, 36.089547044860296 ], [ 117.970086876807954, 36.089726707821342 ], [ 117.970086876807954, 36.089996203162286 ], [ 117.970176708288477, 36.089996203162286 ], [ 117.970176709187854, 36.090625022626739 ], [ 117.970086876807954, 36.090625022626739 ], [ 117.969997046226808, 36.090804685587841 ], [ 117.969997047126071, 36.091074180928786 ], [ 117.970086876807954, 36.091074180928786 ], [ 117.970086875908692, 36.091433506850933 ], [ 117.969997046226808, 36.091523339230775 ], [ 117.969817383265649, 36.091523339230775 ], [ 117.969727550885864, 36.091613169811978 ], [ 117.969727550885864, 36.091882665152923 ], [ 117.969907213846909, 36.091972495734126 ], [ 117.970086876807954, 36.092062328114025 ], [ 117.970176709187854, 36.092152158695228 ], [ 117.970266539769113, 36.09224199107507 ], [ 117.970356372148899, 36.092421654036173 ], [ 117.970356371249636, 36.093319968841513 ], [ 117.970086876807954, 36.093589464182458 ], [ 117.969997046226808, 36.093679294763717 ], [ 117.969907213846909, 36.093858957724763 ], [ 117.969907213846909, 36.094038620685865 ], [ 117.969997046226808, 36.09421828364691 ], [ 117.970086876807954, 36.094308116926129 ], [ 117.970356372148899, 36.094577610468377 ], [ 117.970446202730159, 36.094667441948957 ], [ 117.970536035109944, 36.094757274328799 ], [ 117.970536035109944, 36.095026767871104 ], [ 117.970715697171727, 36.095475926173094 ], [ 117.970985191613408, 36.095835252095242 ], [ 117.971614011977181, 36.096553903939594 ], [ 117.971703845256343, 36.096643736319436 ], [ 117.972063171178434, 36.096643736319436 ] ] ] } },
{ "type": "Feature", "properties": { "PV_Area": 0.065924999778600002, "Inst_time": 20161013.0, "Inst_year": 2016, "Major_type": "Woodland", "Lat": 36.093024982300001, "Lon": 117.970855711, "Province": "山东", "Province_pinyin": "Shandong", "Province code": 37, "City": "淄博市", "City_pinyin": "Zibo", "City code": 3703, "County": "沂源县", "County_pinyin": "Yiyuan xian", "County code": 370323, "Township": "鲁村镇", "Township_pinyin": "lu cun zhen" }, "geometry": { "type": "Polygon", "coordinates": [ [ [ 117.972063171178434, 36.096643736319436 ], [ 117.972063171178434, 36.096553903939594 ], [ 117.972242834139593, 36.096464073358334 ], [ 117.972512327681784, 36.096374240978491 ], [ 117.97296148688315, 36.096194578017389 ], [ 117.973141148944933, 36.096014915056344 ], [ 117.973141148944933, 36.095655589134196 ], [ 117.973051318363673, 36.095565756754297 ], [ 117.972871655402628, 36.095565756754297 ], [ 117.972781822123466, 36.095655589134196 ], [ 117.972691990642943, 36.095925082676501 ], [ 117.97260215916242, 36.096014915056344 ], [ 117.972512327681784, 36.096104745637547 ], [ 117.972332664720739, 36.096194578017389 ], [ 117.971973337899271, 36.096194578017389 ], [ 117.971614011977181, 36.095835252095242 ], [ 117.971524182295184, 36.095655589134196 ], [ 117.971524182295184, 36.095386093793252 ], [ 117.971614012876444, 36.095386093793252 ], [ 117.971614012876444, 36.095296263212049 ], [ 117.97152418319456, 36.09520643083215 ], [ 117.971434349915398, 36.095116600250947 ], [ 117.971075023993194, 36.095116600250947 ], [ 117.970985191613408, 36.095026767871104 ], [ 117.970985191613408, 36.09376912714356 ], [ 117.971075023993194, 36.09376912714356 ], [ 117.971164854574454, 36.093589464182458 ], [ 117.971164854574454, 36.092960642919365 ], [ 117.971075023093931, 36.092960642919365 ], [ 117.971075023993194, 36.091972495734126 ], [ 117.971164854574454, 36.091972495734126 ], [ 117.971164854574454, 36.090355529084434 ], [ 117.971075023993194, 36.090175866123388 ], [ 117.970985190714032, 36.090086033743489 ], [ 117.970895361032149, 36.089996203162286 ], [ 117.970625865691204, 36.089547044860296 ], [ 117.970536035109944, 36.089457213379774 ], [ 117.970266538869737, 36.089457213379774 ], [ 117.970176709187854, 36.089547044860296 ], [ 117.970086876807954, 36.089726707821342 ], [ 117.970086876807954, 36.089996203162286 ], [ 117.970176708288477, 36.089996203162286 ], [ 117.970176709187854, 36.090625022626739 ], [ 117.970086876807954, 36.090625022626739 ], [ 117.969997046226808, 36.090804685587841 ], [ 117.969997047126071, 36.091074180928786 ], [ 117.970086876807954, 36.091074180928786 ], [ 117.970086875908692, 36.091433506850933 ], [ 117.969997046226808, 36.091523339230775 ], [ 117.969817383265649, 36.091523339230775 ], [ 117.969727550885864, 36.091613169811978 ], [ 117.969727550885864, 36.091882665152923 ], [ 117.969907213846909, 36.091972495734126 ], [ 117.970086876807954, 36.092062328114025 ], [ 117.970176709187854, 36.092152158695228 ], [ 117.970266539769113, 36.09224199107507 ], [ 117.970356372148899, 36.092421654036173 ], [ 117.970356371249636, 36.093319968841513 ], [ 117.970086876807954, 36.093589464182458 ], [ 117.969997046226808, 36.093679294763717 ], [ 117.969907213846909, 36.093858957724763 ], [ 117.969907213846909, 36.094038620685865 ], [ 117.969997046226808, 36.09421828364691 ], [ 117.970086876807954, 36.094308116926129 ], [ 117.970356372148899, 36.094577610468377 ], [ 117.970446202730159, 36.094667441948957 ], [ 117.970536035109944, 36.094757274328799 ], [ 117.970536035109944, 36.095026767871104 ], [ 117.970715697171727, 36.095475926173094 ], [ 117.970985191613408, 36.095835252095242 ], [ 117.971614011977181, 36.096553903939594 ], [ 117.971703845256343, 36.096643736319436 ], [ 117.972063171178434, 36.096643736319436 ] ] ] } },
{ "type": "Feature", "properties": { "PV_Area": 0.065924999778600002, "Inst_time": 20161013.0, "Inst_year": 2016, "Major_type": "Woodland", "Lat": 36.093024982300001, "Lon": 117.970855711, "Province": "山东", "Province_pinyin": "Shandong", "Province code": 37, "City": "淄博市", "City_pinyin": "Zibo", "City code": 3703, "County": "沂源县", "County_pinyin": "Yiyuan xian", "County code": 370323, "Township": "鲁村镇", "Township_pinyin": "lu cun zhen" }, "geometry": { "type": "Polygon", "coordinates": [ [ [ 117.972063171178434, 36.096643736319436 ], [ 117.972063171178434, 36.096553903939594 ], [ 117.972242834139593, 36.096464073358334 ], [ 117.972512327681784, 36.096374240978491 ], [ 117.97296148688315, 36.096194578017389 ], [ 117.973141148944933, 36.096014915056344 ], [ 117.973141148944933, 36.095655589134196 ], [ 117.973051318363673, 36.095565756754297 ], [ 117.972871655402628, 36.095565756754297 ], [ 117.972781822123466, 36.095655589134196 ], [ 117.972691990642943, 36.095925082676501 ], [ 117.97260215916242, 36.096014915056344 ], [ 117.972512327681784, 36.096104745637547 ], [ 117.972332664720739, 36.096194578017389 ], [ 117.971973337899271, 36.096194578017389 ], [ 117.971614011977181, 36.095835252095242 ], [ 117.971524182295184, 36.095655589134196 ], [ 117.971524182295184, 36.095386093793252 ], [ 117.971614012876444, 36.095386093793252 ], [ 117.971614012876444, 36.095296263212049 ], [ 117.97152418319456, 36.09520643083215 ], [ 117.971434349915398, 36.095116600250947 ], [ 117.971075023993194, 36.095116600250947 ], [ 117.970985191613408, 36.095026767871104 ], [ 117.970985191613408, 36.09376912714356 ], [ 117.971075023993194, 36.09376912714356 ], [ 117.971164854574454, 36.093589464182458 ], [ 117.971164854574454, 36.092960642919365 ], [ 117.971075023093931, 36.092960642919365 ], [ 117.971075023993194, 36.091972495734126 ], [ 117.971164854574454, 36.091972495734126 ], [ 117.971164854574454, 36.090355529084434 ], [ 117.971075023993194, 36.090175866123388 ], [ 117.970985190714032, 36.090086033743489 ], [ 117.970895361032149, 36.089996203162286 ], [ 117.970625865691204, 36.089547044860296 ], [ 117.970536035109944, 36.089457213379774 ], [ 117.970266538869737, 36.089457213379774 ], [ 117.970176709187854, 36.089547044860296 ], [ 117.970086876807954, 36.089726707821342 ], [ 117.970086876807954, 36.089996203162286 ], [ 117.970176708288477, 36.089996203162286 ], [ 117.970176709187854, 36.090625022626739 ], [ 117.970086876807954, 36.090625022626739 ], [ 117.969997046226808, 36.090804685587841 ], [ 117.969997047126071, 36.091074180928786 ], [ 117.970086876807954, 36.091074180928786 ], [ 117.970086875908692, 36.091433506850933 ], [ 117.969997046226808, 36.091523339230775 ], [ 117.969817383265649, 36.091523339230775 ], [ 117.969727550885864, 36.091613169811978 ], [ 117.969727550885864, 36.091882665152923 ], [ 117.969907213846909, 36.091972495734126 ], [ 117.970086876807954, 36.092062328114025 ], [ 117.970176709187854, 36.092152158695228 ], [ 117.970266539769113, 36.09224199107507 ], [ 117.970356372148899, 36.092421654036173 ], [ 117.970356371249636, 36.093319968841513 ], [ 117.970086876807954, 36.093589464182458 ], [ 117.969997046226808, 36.093679294763717 ], [ 117.969907213846909, 36.093858957724763 ], [ 117.969907213846909, 36.094038620685865 ], [ 117.969997046226808, 36.09421828364691 ], [ 117.970086876807954, 36.094308116926129 ], [ 117.970356372148899, 36.094577610468377 ], [ 117.970446202730159, 36.094667441948957 ], [ 117.970536035109944, 36.094757274328799 ], [ 117.970536035109944, 36.095026767871104 ], [ 117.970715697171727, 36.095475926173094 ], [ 117.970985191613408, 36.095835252095242 ], [ 117.971614011977181, 36.096553903939594 ], [ 117.971703845256343, 36.096643736319436 ], [ 117.972063171178434, 36.096643736319436 ] ] ] } },
{ "type": "Feature", "properties": { "PV_Area": 0.0092339355726799993, "Inst_time": 20161207.0, "Inst_year": 2016, "Major_type": "Woodland", "Lat": 36.089555152499997, "Lon": 117.98215712299999, "Province": "山东", "Province_pinyin": "Shandong", "Province code": 37, "City": "淄博市", "City_pinyin": "Zibo", "City code": 3703, "County": "沂源县", "County_pinyin": "Yiyuan xian", "County code": 370323, "Township": "大张庄镇", "Township_pinyin": "da zhang zhuang zhen" }, "geometry": { "type": "Polygon", "coordinates": [ [ [ 117.982303965355754, 36.090535192045536 ], [ 117.982393796836277, 36.090355529084434 ], [ 117.982393796836277, 36.090265696704591 ], [ 117.982393796836277, 36.089277550418672 ], [ 117.982393796836277, 36.089008055977047 ], [ 117.982393796836277, 36.088469067093797 ], [ 117.982214133875232, 36.088469067093797 ], [ 117.982124302394709, 36.088558898574377 ], [ 117.981944639433664, 36.089008055977047 ], [ 117.981854807053764, 36.089636876340819 ], [ 117.981854807053764, 36.090086033743489 ], [ 117.981944639433664, 36.090355529084434 ], [ 117.982124302394709, 36.090535192045536 ], [ 117.982303965355754, 36.090535192045536 ] ] ] } },
{ "type": "Feature", "properties": { "PV_Area": 0.000806479503088, "Inst_time": 20161207.0, "Inst_year": 2016, "Major_type": "Cropland", "Lat": 36.087570751199998, "Lon": 117.98234888099999, "Province": "山东", "Province_pinyin": "Shandong", "Province code": 37, "City": "淄博市", "City_pinyin": "Zibo", "City code": 3703, "County": "沂源县", "County_pinyin": "Yiyuan xian", "County code": 370323, "Township": "大张庄镇", "Township_pinyin": "da zhang zhuang zhen" }, "geometry": { "type": "Polygon", "coordinates": [ [ [ 117.982393796836277, 36.087750414350182 ], [ 117.9824836283168, 36.08766058286966 ], [ 117.9824836283168, 36.087480919908558 ], [ 117.982393796836277, 36.087391087528715 ], [ 117.982303965355754, 36.087391088428035 ], [ 117.982214132975969, 36.087480919908558 ], [ 117.982214132975969, 36.08766058286966 ], [ 117.982303965355754, 36.087750414350182 ], [ 117.982393796836277, 36.087750414350182 ] ] ] } },
{ "type": "Feature", "properties": { "PV_Area": 0.022177904110799999, "Inst_time": 20161109.0, "Inst_year": 2016, "Major_type": "Grassland", "Lat": 36.088363773300003, "Lon": 117.98712606700001, "Province": "山东", "Province_pinyin": "Shandong", "Province code": 37, "City": "淄博市", "City_pinyin": "Zibo", "City code": 3703, "County": "沂源县", "County_pinyin": "Yiyuan xian", "County code": 370323, "Township": "大张庄镇", "Township_pinyin": "da zhang zhuang zhen" }, "geometry": { "type": "Polygon", "coordinates": [ [ [ 117.9867057097008, 36.089457213379774 ], [ 117.9867057097008, 36.089367381899194 ], [ 117.98715486800279, 36.089277550418672 ], [ 117.987514193924994, 36.08909788655825 ], [ 117.98760402630478, 36.088918223597204 ], [ 117.98769385688604, 36.088648730054899 ], [ 117.98769385688604, 36.088289404132752 ], [ 117.987604025405517, 36.08810974027233 ], [ 117.987514193924994, 36.088019908791807 ], [ 117.987514193924994, 36.087930077311285 ], [ 117.987514193924994, 36.087750414350182 ], [ 117.987693855986777, 36.08766058286966 ], [ 117.987873519847085, 36.087570751389137 ], [ 117.988143014288767, 36.087480919908558 ], [ 117.988232845769289, 36.087391088428035 ], [ 117.988232845769289, 36.08721142456767 ], [ 117.988143014288767, 36.08712159398641 ], [ 117.987783688366562, 36.08712159398641 ], [ 117.987514193924994, 36.08721142456767 ], [ 117.987334530963949, 36.087301256947512 ], [ 117.98724469858405, 36.087391088428035 ], [ 117.98715486800279, 36.087480919908558 ], [ 117.98715486800279, 36.087840245830705 ], [ 117.986975204142368, 36.088019908791807 ], [ 117.986795541181323, 36.08810974027233 ], [ 117.986346382879333, 36.08810974027233 ], [ 117.986256552298073, 36.088199571752909 ], [ 117.98616672081755, 36.088289404132752 ], [ 117.986166721716927, 36.088379234713955 ], [ 117.986256552298073, 36.088379234713955 ], [ 117.986346383778596, 36.088648730054899 ], [ 117.986346383778596, 36.089277550418672 ], [ 117.986526046739755, 36.089457213379774 ], [ 117.9867057097008, 36.089457213379774 ] ] ] } },
{ "type": "Feature", "properties": { "PV_Area": 0.0022984708336899998, "Inst_time": 20211112.0, "Inst_year": 2021, "Major_type": "Cropland", "Lat": 36.086937727500001, "Lon": 117.986716216, "Province": "山东", "Province_pinyin": "Shandong", "Province code": 37, "City": "淄博市", "City_pinyin": "Zibo", "City code": 3703, "County": "沂源县", "County_pinyin": "Yiyuan xian", "County code": 370323, "Township": "大张庄镇", "Township_pinyin": "da zhang zhuang zhen" }, "geometry": { "type": "Polygon", "coordinates": [ [ [ 117.986615878220277, 36.08721142456767 ], [ 117.986615877320901, 36.08712159398641 ], [ 117.986795541181323, 36.087031761606568 ], [ 117.986975203243105, 36.087031761606568 ], [ 117.987065034723628, 36.086941931025365 ], [ 117.987065035623004, 36.086762268064263 ], [ 117.986975204142368, 36.08667243568442 ], [ 117.98679554028206, 36.08667243568442 ], [ 117.986436216158495, 36.086941931025365 ], [ 117.986346383778596, 36.087031761606568 ], [ 117.986346383778596, 36.08721142456767 ], [ 117.986615878220277, 36.08721142456767 ] ] ] } },
{ "type": "Feature", "properties": { "PV_Area": 0.065648310847500002, "Inst_time": 20170607.0, "Inst_year": 2017, "Major_type": "Cropland", "Lat": 36.086277979199998, "Lon": 117.985467731, "Province": "山东", "Province_pinyin": "Shandong", "Province code": 37, "City": "淄博市", "City_pinyin": "Zibo", "City code": 3703, "County": "沂源县", "County_pinyin": "Yiyuan xian", "County code": 370323, "Township": "大张庄镇", "Township_pinyin": "da zhang zhuang zhen" }, "geometry": { "type": "Polygon", "coordinates": [ [ [ 117.983831101424244, 36.088648730054899 ], [ 117.983920932904766, 36.088469067093797 ], [ 117.984010765284665, 36.08810974027233 ], [ 117.984100595865812, 36.088019908791807 ], [ 117.984190427346448, 36.087930077311285 ], [ 117.984280258826971, 36.087840245830705 ], [ 117.984549753268539, 36.087750414350182 ], [ 117.985178573632311, 36.087750414350182 ], [ 117.985358236593356, 36.08766058286966 ], [ 117.985448068073993, 36.087570751389137 ], [ 117.985717562515561, 36.08712159398641 ], [ 117.985987057856505, 36.086852098645466 ], [ 117.98616672081755, 36.086492772723318 ], [ 117.986436215259232, 36.086043615320648 ], [ 117.986526046739755, 36.085953783840125 ], [ 117.986615878220277, 36.085863952359546 ], [ 117.986795541181323, 36.085774120879023 ], [ 117.986975204142368, 36.0856842893985 ], [ 117.987154868902167, 36.0856842893985 ], [ 117.987334530963949, 36.085594457917978 ], [ 117.987514193924994, 36.085414794956876 ], [ 117.987514193924994, 36.084696142213261 ], [ 117.987424363343735, 36.084606310732681 ], [ 117.987334530963949, 36.084516479252159 ], [ 117.986256552298073, 36.084516479252159 ], [ 117.986256552298073, 36.084606310732681 ], [ 117.985448068073993, 36.084606310732681 ], [ 117.985358236593356, 36.084696142213261 ], [ 117.985358236593356, 36.084965636654886 ], [ 117.985358236593356, 36.085235131995773 ], [ 117.985268405112834, 36.085324962577033 ], [ 117.985178573632311, 36.085414794956876 ], [ 117.985088741252525, 36.085594458817297 ], [ 117.985088742151788, 36.086043615320648 ], [ 117.984909079190743, 36.086402941242795 ], [ 117.984819246810844, 36.086492772723318 ], [ 117.984639585648438, 36.086582604203898 ], [ 117.984100595865812, 36.086762268064263 ], [ 117.983920932904766, 36.086941931025365 ], [ 117.983741269044344, 36.08712159398641 ], [ 117.983561605184036, 36.087301256947512 ], [ 117.983471774602776, 36.087391088428035 ], [ 117.983381943122254, 36.087570751389137 ], [ 117.983381943122254, 36.08810974027233 ], [ 117.983471774602776, 36.088379234713955 ], [ 117.983561606083299, 36.088558897675057 ], [ 117.983741269044344, 36.088648730054899 ], [ 117.983831101424244, 36.088648730054899 ] ] ] } },
{ "type": "Feature", "properties": { "PV_Area": 0.46312296644399997, "Inst_time": 20180909.0, "Inst_year": 2018, "Major_type": "Cropland", "Lat": 36.246563842699999, "Lon": 115.271673581, "Province": "河北", "Province_pinyin": "Hebei", "Province code": 13, "City": "邯郸市", "City_pinyin": "Handan", "City code": 1304, "County": "大名县", "County_pinyin": "Daming xian", "County code": 130425, "Township": "龙王庙镇", "Township_pinyin": "long wang miao zhen" }, "geometry": { "type": "Polygon", "coordinates": [ [ [ 115.269481637567537, 36.25034548135892 ], [ 115.269481637567537, 36.250255648979078 ], [ 115.269751132908482, 36.250165818397875 ], [ 115.270110458830686, 36.250165818397875 ], [ 115.270290121791732, 36.249986155436773 ], [ 115.270290121791732, 36.249716660095828 ], [ 115.270200291210585, 36.249626828615305 ], [ 115.27011045793131, 36.249536997134783 ], [ 115.270200290311209, 36.249447164754883 ], [ 115.270918943954143, 36.249806491576351 ], [ 115.271637594899175, 36.249806491576351 ], [ 115.271817257860221, 36.249716660095828 ], [ 115.272176583782425, 36.249536997134783 ], [ 115.272715573564938, 36.249536997134783 ], [ 115.273434227207872, 36.249267501793838 ], [ 115.273703719850801, 36.249177671212635 ], [ 115.274063045773005, 36.249087838832736 ], [ 115.274422372594472, 36.248998008251533 ], [ 115.274871529997199, 36.248908175871691 ], [ 115.275410518880449, 36.248818345290431 ], [ 115.275680014221393, 36.248728512910589 ], [ 115.275859677182439, 36.248548849949543 ], [ 115.275859677182439, 36.247381039803201 ], [ 115.275680014221393, 36.247201376842099 ], [ 115.275590181841494, 36.247021713881054 ], [ 115.275590181841494, 36.246572557377647 ], [ 115.275680015120656, 36.246572557377647 ], [ 115.275680014221393, 36.245853903734712 ], [ 115.275769843903277, 36.245674240773667 ], [ 115.275769844802539, 36.245404747231362 ], [ 115.275590182740757, 36.244686093588427 ], [ 115.275500352159611, 36.244506430627325 ], [ 115.27523085591929, 36.244326767666223 ], [ 115.275141025338144, 36.24423693708502 ], [ 115.275051192958244, 36.24378777878303 ], [ 115.274961362376985, 36.243608115821928 ], [ 115.274871529997199, 36.243428452860883 ], [ 115.274781699415939, 36.243338622279623 ], [ 115.27469186703604, 36.243248789899781 ], [ 115.274602036454894, 36.243158959318578 ], [ 115.273613889269654, 36.243158959318578 ], [ 115.273434226308609, 36.243248789899781 ], [ 115.27325456334745, 36.243338622279623 ], [ 115.273074900386405, 36.243518285240725 ], [ 115.272535909704516, 36.243518285240725 ], [ 115.272266416162211, 36.243608116721248 ], [ 115.272266417061587, 36.243697947302451 ], [ 115.272086754100428, 36.24378777878303 ], [ 115.271457931938016, 36.24378777878303 ], [ 115.27091894305488, 36.243877611162873 ], [ 115.270739280093721, 36.243967441744076 ], [ 115.270649447713936, 36.244057274123975 ], [ 115.270379954171631, 36.244057274123975 ], [ 115.270020628249426, 36.244057274123975 ], [ 115.269751132908482, 36.244147104705178 ], [ 115.269212144025232, 36.244147104705178 ], [ 115.269212144025232, 36.243967441744076 ], [ 115.269391806087015, 36.243877611162873 ], [ 115.269840965288381, 36.24378777878303 ], [ 115.270020628249426, 36.243697948201827 ], [ 115.270200291210585, 36.243518285240725 ], [ 115.270379954171631, 36.243428452860883 ], [ 115.270649447713936, 36.243428452860883 ], [ 115.270649447713936, 36.243518285240725 ], [ 115.271637593999799, 36.243518285240725 ], [ 115.271996920821266, 36.243428452860883 ], [ 115.271996920821266, 36.243158959318578 ], [ 115.270379954171631, 36.243158959318578 ], [ 115.270379955070894, 36.243248789899781 ], [ 115.269481638466914, 36.243248789899781 ], [ 115.269481638466914, 36.243338622279623 ], [ 115.269032481064187, 36.243428452860883 ], [ 115.268493491281674, 36.243428452860883 ], [ 115.268403659801152, 36.243518285240725 ], [ 115.268313829219892, 36.243608115821928 ], [ 115.268223996839993, 36.243697948201827 ], [ 115.268223997739369, 36.244057274123975 ], [ 115.268313829219892, 36.244147103805858 ], [ 115.268762985723242, 36.244147104705178 ], [ 115.268762985723242, 36.244326767666223 ], [ 115.268583322762197, 36.244416600046122 ], [ 115.268403659801152, 36.244506430627325 ], [ 115.268313829219892, 36.244596263007168 ], [ 115.268223997739369, 36.245135251890417 ], [ 115.268044333878947, 36.245584410192407 ], [ 115.267864670917902, 36.245764073153509 ], [ 115.267415512615912, 36.245764073153509 ], [ 115.267325682934029, 36.245853903734712 ], [ 115.267235849654753, 36.245943736114555 ], [ 115.267235849654753, 36.246842050919952 ], [ 115.267325682934029, 36.247381039803201 ], [ 115.267415512615912, 36.247470872183044 ], [ 115.267595175576957, 36.247560702764247 ], [ 115.267774839437379, 36.247650535144146 ], [ 115.267864670917902, 36.247740365725349 ], [ 115.267954502398425, 36.247830198105191 ], [ 115.267954501499162, 36.248009861066294 ], [ 115.268044334778324, 36.248189524027339 ], [ 115.268223996839993, 36.248369186988441 ], [ 115.268403659801152, 36.248459019368283 ], [ 115.268583322762197, 36.248548849949543 ], [ 115.268852817203765, 36.248548849949543 ], [ 115.26912231254471, 36.248638682329386 ], [ 115.269301974606492, 36.248728512011269 ], [ 115.269391806986391, 36.248818345290431 ], [ 115.269391806986391, 36.248908175871691 ], [ 115.269301974606492, 36.248998008251533 ], [ 115.269122311645447, 36.248998008251533 ], [ 115.268762985723242, 36.248908175871691 ], [ 115.268493491281674, 36.248908175871691 ], [ 115.268403658901775, 36.248998008251533 ], [ 115.268313828320629, 36.249087838832736 ], [ 115.268313828320629, 36.249536997134783 ], [ 115.268403660700415, 36.249716660095828 ], [ 115.268583322762197, 36.250165818397875 ], [ 115.268673155142096, 36.25034548135892 ], [ 115.269481637567537, 36.25034548135892 ] ] ] } },
{ "type": "Feature", "properties": { "PV_Area": 0.012798503277, "Inst_time": 20170825.0, "Inst_year": 2017, "Major_type": "Cropland", "Lat": 36.240020692999998, "Lon": 115.381372834, "Province": "河北", "Province_pinyin": "Hebei", "Province code": 13, "City": "邯郸市", "City_pinyin": "Handan", "City code": 1304, "County": "大名县", "County_pinyin": "Daming xian", "County code": 130425, "Township": "北峰乡", "Township_pinyin": "bei feng xiang" }, "geometry": { "type": "Polygon", "coordinates": [ [ [ 115.381681217014602, 36.240553843685007 ], [ 115.381860880875024, 36.240464013103747 ], [ 115.382040543836069, 36.240374180723904 ], [ 115.382130374417329, 36.240194517762859 ], [ 115.382130376215969, 36.240014854801757 ], [ 115.382040543836069, 36.239925023321234 ], [ 115.381950711456284, 36.239835191840655 ], [ 115.381860880875024, 36.239655528879609 ], [ 115.381771049394501, 36.239565697399087 ], [ 115.381591386433342, 36.239475865918507 ], [ 115.380962565170307, 36.239475865918507 ], [ 115.380782902209262, 36.239565697399087 ], [ 115.380693070728739, 36.239745360360132 ], [ 115.380693071628002, 36.240014854801757 ], [ 115.380782902209262, 36.240284350142701 ], [ 115.380872733689785, 36.240464013103747 ], [ 115.38105239665083, 36.240553843685007 ], [ 115.381681217014602, 36.240553843685007 ] ] ] } },
{ "type": "Feature", "properties": { "PV_Area": 0.0083714721997900001, "Inst_time": 20170823.0, "Inst_year": 2017, "Major_type": "Cropland", "Lat": 36.238787445100002, "Lon": 115.380695518, "Province": "河北", "Province_pinyin": "Hebei", "Province code": 13, "City": "邯郸市", "City_pinyin": "Handan", "City code": 1304, "County": "大名县", "County_pinyin": "Daming xian", "County code": 130425, "Township": "北峰乡", "Township_pinyin": "bei feng xiang" }, "geometry": { "type": "Polygon", "coordinates": [ [ [ 115.381142228131353, 36.23920637057762 ], [ 115.381142228131353, 36.23911653999636 ], [ 115.381232059611875, 36.239026707616517 ], [ 115.381321891092512, 36.239026707616517 ], [ 115.381321891092512, 36.238847044655415 ], [ 115.381232059611875, 36.23866738169437 ], [ 115.381052395751567, 36.238487718733268 ], [ 115.380962565170307, 36.238397887252745 ], [ 115.380872733689785, 36.238308055772222 ], [ 115.380693071628002, 36.238308055772222 ], [ 115.380243913326012, 36.238487718733268 ], [ 115.380154080946113, 36.238577551113167 ], [ 115.380064250364967, 36.23866738169437 ], [ 115.380064250364967, 36.238847044655415 ], [ 115.38015408184549, 36.239026707616517 ], [ 115.380333745705911, 36.23911653999636 ], [ 115.380782902209262, 36.23920637057762 ], [ 115.381142228131353, 36.23920637057762 ] ] ] } },
{ "type": "Feature", "properties": { "PV_Area": 0.0069635729604500003, "Inst_time": 20201217.0, "Inst_year": 2020, "Major_type": "Cropland", "Lat": 36.230199159500003, "Lon": 115.376040351, "Province": "河北", "Province_pinyin": "Hebei", "Province code": 13, "City": "邯郸市", "City_pinyin": "Handan", "City code": 1304, "County": "大名县", "County_pinyin": "Daming xian", "County code": 130425, "Township": "北峰乡", "Township_pinyin": "bei feng xiang" }, "geometry": { "type": "Polygon", "coordinates": [ [ [ 115.37638115696484, 36.23058254484863 ], [ 115.376470989344739, 36.230492713368108 ], [ 115.376560819026622, 36.230402880988208 ], [ 115.376560820825262, 36.229953723585538 ], [ 115.376470990244115, 36.229863892105016 ], [ 115.376201494003794, 36.229863892105016 ], [ 115.375931999562226, 36.229863892105016 ], [ 115.375572673640022, 36.229863892105016 ], [ 115.375482842159499, 36.229953723585538 ], [ 115.375482842159499, 36.230313050407005 ], [ 115.375572673640022, 36.230402880988208 ], [ 115.375752335701804, 36.230492713368108 ], [ 115.375931999562226, 36.23058254484863 ], [ 115.37638115696484, 36.23058254484863 ] ] ] } },
{ "type": "Feature", "properties": { "PV_Area": 0.3115349221, "Inst_time": 20190606.0, "Inst_year": 2019, "Major_type": "Cropland", "Lat": 36.233866026299999, "Lon": 115.375810832, "Province": "河北", "Province_pinyin": "Hebei", "Province code": 13, "City": "邯郸市", "City_pinyin": "Handan", "City code": 1304, "County": "大名县", "County_pinyin": "Daming xian", "County code": 130425, "Township": "北峰乡", "Township_pinyin": "bei feng xiang" }, "geometry": { "type": "Polygon", "coordinates": [ [ [ 115.37916593466025, 36.238487718733268 ], [ 115.37916593466025, 36.238397887252745 ], [ 115.379615092062863, 36.238308055772222 ], [ 115.38006424946559, 36.23812839281112 ], [ 115.380243913326012, 36.238038561330598 ], [ 115.380333745705911, 36.237948728950755 ], [ 115.380423576287058, 36.237769066888973 ], [ 115.380603240147479, 36.23767923540845 ], [ 115.380962565170307, 36.23767923540845 ], [ 115.381232059611875, 36.237589403927927 ], [ 115.381411722573034, 36.237499572447348 ], [ 115.38159138553408, 36.237319908586983 ], [ 115.381591386433342, 36.237140245625881 ], [ 115.38150155495282, 36.236960582664835 ], [ 115.381321891092512, 36.236780919703733 ], [ 115.38105239665083, 36.23669108822321 ], [ 115.380782902209262, 36.23669108822321 ], [ 115.380693071628002, 36.236601256742631 ], [ 115.380603239248103, 36.236331762301063 ], [ 115.38051340776758, 36.236241930820484 ], [ 115.380423576287058, 36.236152099339961 ], [ 115.380333744806535, 36.236062267859438 ], [ 115.380243912426636, 36.235972436378916 ], [ 115.379974417985068, 36.235882604898336 ], [ 115.379704924442763, 36.235702941937291 ], [ 115.379615092062863, 36.235613109557391 ], [ 115.379525260582341, 36.235433446596346 ], [ 115.379435429101818, 36.235343616015143 ], [ 115.378986271699091, 36.234984289193619 ], [ 115.378896440218568, 36.234714794752051 ], [ 115.378806608738046, 36.234624963271472 ], [ 115.37871677635826, 36.234535131790949 ], [ 115.378447281916579, 36.234265637349324 ], [ 115.378267618955533, 36.234175805868801 ], [ 115.377998125413228, 36.234175805868801 ], [ 115.377998126312491, 36.234265637349324 ], [ 115.377818461552806, 36.234355468829847 ], [ 115.377279472669557, 36.234355468829847 ], [ 115.377189641189034, 36.234265637349324 ], [ 115.377189641189034, 36.234085974388279 ], [ 115.377279472669557, 36.233996142907699 ], [ 115.377818461552806, 36.233996142907699 ], [ 115.377908293033329, 36.233816479946654 ], [ 115.377908293033329, 36.233726647566812 ], [ 115.377818462452183, 36.233636816086232 ], [ 115.377638798591761, 36.233546984605709 ], [ 115.377459135630716, 36.233546984605709 ], [ 115.377459135630716, 36.233636816086232 ], [ 115.377189641189034, 36.233636816086232 ], [ 115.377099809708511, 36.233546984605709 ], [ 115.377099809708511, 36.233367321644607 ], [ 115.377189641189034, 36.233367321644607 ], [ 115.377189641189034, 36.233187658683562 ], [ 115.377099809708511, 36.23300799572246 ], [ 115.377009979127251, 36.232918164241937 ], [ 115.376830315266943, 36.232828332761414 ], [ 115.37638115696484, 36.23255883831979 ], [ 115.376111663422535, 36.232379175358687 ], [ 115.375931999562226, 36.232289343878165 ], [ 115.3753930097796, 36.232199512397642 ], [ 115.375123515338032, 36.232109680917119 ], [ 115.37494385327625, 36.231930017056698 ], [ 115.37494385327625, 36.231480859654027 ], [ 115.374225200532692, 36.230762207809676 ], [ 115.37395570609101, 36.230313050407005 ], [ 115.373865873711111, 36.230223218027163 ], [ 115.373776043129965, 36.230133387445903 ], [ 115.373686211649442, 36.230043555066061 ], [ 115.37350654778902, 36.229953723585538 ], [ 115.37341671720776, 36.229774060624436 ], [ 115.373326883928598, 36.229414734702289 ], [ 115.373237054246715, 36.229324903221766 ], [ 115.37305739128567, 36.229235071741243 ], [ 115.37260823298368, 36.229235071741243 ], [ 115.372428570022521, 36.229324903221766 ], [ 115.372338739441375, 36.229414734702289 ], [ 115.372248907960739, 36.229684229143913 ], [ 115.372159074681576, 36.229774060624436 ], [ 115.371979411720531, 36.229863892105016 ], [ 115.371799748759486, 36.229863892105016 ], [ 115.371620084899064, 36.229684229143913 ], [ 115.371620085798327, 36.229504566182811 ], [ 115.371530255217181, 36.229414734702289 ], [ 115.371440421938019, 36.229324903221766 ], [ 115.371081096915191, 36.229324903221766 ], [ 115.370901433954032, 36.229504566182811 ], [ 115.370811603372886, 36.229594397663391 ], [ 115.370631938613087, 36.229863893004335 ], [ 115.370452275652042, 36.230133387445903 ], [ 115.370452275652042, 36.230492713368108 ], [ 115.370631938613087, 36.230672376329153 ], [ 115.371260759876236, 36.230672376329153 ], [ 115.371350592256135, 36.23058254484863 ], [ 115.371530254317804, 36.230402880988208 ], [ 115.371709917278963, 36.230402880988208 ], [ 115.371799748759486, 36.230492713368108 ], [ 115.371799748759486, 36.230672376329153 ], [ 115.371620085798327, 36.230672376329153 ], [ 115.371260760775499, 36.230941870770778 ], [ 115.371170929294976, 36.231121533731823 ], [ 115.371170929294976, 36.231480859654027 ], [ 115.371260759876236, 36.231660522615073 ], [ 115.371350592256135, 36.231840185576175 ], [ 115.371440422837281, 36.231930017056698 ], [ 115.371889581139271, 36.232379175358687 ], [ 115.37251840240242, 36.23255883831979 ], [ 115.372698066262842, 36.232738501280835 ], [ 115.372698065363466, 36.233187658683562 ], [ 115.372787895944725, 36.233367321644607 ], [ 115.372967558905771, 36.233546984605709 ], [ 115.37305739128567, 36.233636816086232 ], [ 115.373237054246715, 36.233726647566812 ], [ 115.37350654778902, 36.233726647566812 ], [ 115.373776043129965, 36.234085974388279 ], [ 115.373865873711111, 36.234175805868801 ], [ 115.37395570609101, 36.234265637349324 ], [ 115.374135369052055, 36.234355468829847 ], [ 115.37449469497426, 36.234355468829847 ], [ 115.374764191214467, 36.234714794752051 ], [ 115.374854021795727, 36.234804626232574 ], [ 115.375213346818555, 36.234804626232574 ], [ 115.375303178299077, 36.234714794752051 ], [ 115.3753930097796, 36.234624963271472 ], [ 115.375662505120545, 36.234355468829847 ], [ 115.375752336601067, 36.234265637349324 ], [ 115.375752336601067, 36.233996142907699 ], [ 115.375662505120545, 36.233816479946654 ], [ 115.375572673640022, 36.233726647566812 ], [ 115.375482842159499, 36.233726647566812 ], [ 115.375482843058876, 36.233546984605709 ], [ 115.375572674539399, 36.233546984605709 ], [ 115.375752336601067, 36.233636816086232 ], [ 115.375842168081704, 36.233726647566812 ], [ 115.375932000461489, 36.233816479946654 ], [ 115.376111664321911, 36.234085974388279 ], [ 115.376291326383694, 36.234265637349324 ], [ 115.376470989344739, 36.234355468829847 ], [ 115.376560819925999, 36.234445300310426 ], [ 115.376560819925999, 36.234894457713096 ], [ 115.37638115696484, 36.234894457713096 ], [ 115.376291326383694, 36.234804626232574 ], [ 115.376111663422535, 36.234535131790949 ], [ 115.375931999562226, 36.234535131790949 ], [ 115.375482842159499, 36.234804626232574 ], [ 115.3753930097796, 36.234894457713096 ], [ 115.3753930097796, 36.235163952154721 ], [ 115.375662505120545, 36.235433446596346 ], [ 115.375842168081704, 36.235702941937291 ], [ 115.375931999562226, 36.235972436378916 ], [ 115.376021831042749, 36.236062267859438 ], [ 115.376111663422535, 36.236152099339961 ], [ 115.37638115696484, 36.236241930820484 ], [ 115.376650653205161, 36.236601256742631 ], [ 115.376740483786307, 36.23669108822321 ], [ 115.376830315266943, 36.236780919703733 ], [ 115.377009979127251, 36.236870752083576 ], [ 115.377638799491024, 36.236870752083576 ], [ 115.377728630072284, 36.236960582664835 ], [ 115.377818461552806, 36.237050415044678 ], [ 115.377908293033329, 36.237319908586983 ], [ 115.377998125413228, 36.237409740966825 ], [ 115.378357451335319, 36.237589403927927 ], [ 115.378447281916579, 36.23767923540845 ], [ 115.378537115195741, 36.237858898369495 ], [ 115.378537114296478, 36.238218224291643 ], [ 115.378626944877624, 36.238397888152065 ], [ 115.378806608738046, 36.238487718733268 ], [ 115.37916593466025, 36.238487718733268 ] ] ] } },
{ "type": "Feature", "properties": { "PV_Area": 0.00032202177090500002, "Inst_time": 20190606.0, "Inst_year": 2019, "Major_type": "Cropland", "Lat": 36.228785913599999, "Lon": 115.37179975, "Province": "河北", "Province_pinyin": "Hebei", "Province code": 13, "City": "邯郸市", "City_pinyin": "Handan", "City code": 1304, "County": "大名县", "County_pinyin": "Daming xian", "County code": 130425, "Township": "北峰乡", "Township_pinyin": "bei feng xiang" }, "geometry": { "type": "Polygon", "coordinates": [ [ [ 115.371889581139271, 36.228696081958674 ], [ 115.371709918178226, 36.228696081958674 ], [ 115.371709917278963, 36.228875744919719 ], [ 115.371889582038648, 36.228875744919719 ], [ 115.371889581139271, 36.228696081958674 ] ] ] } },
{ "type": "Feature", "properties": { "PV_Area": 0.083850892950899994, "Inst_time": 20190517.0, "Inst_year": 2019, "Major_type": "Cropland", "Lat": 36.2242218859, "Lon": 115.36807054099999, "Province": "河北", "Province_pinyin": "Hebei", "Province code": 13, "City": "邯郸市", "City_pinyin": "Handan", "City code": 1304, "County": "大名县", "County_pinyin": "Daming xian", "County code": 130425, "Township": "北峰乡", "Township_pinyin": "bei feng xiang" }, "geometry": { "type": "Polygon", "coordinates": [ [ [ 115.372877728324511, 36.226989282929139 ], [ 115.372967558006508, 36.22689945234788 ], [ 115.372967558905771, 36.226629957006935 ], [ 115.372877727425248, 36.226540126425732 ], [ 115.372787895944725, 36.226360462565367 ], [ 115.372698064464203, 36.226180799604265 ], [ 115.37260823298368, 36.22591130516264 ], [ 115.372518403301683, 36.225731642201595 ], [ 115.372338739441375, 36.225641809821695 ], [ 115.371799748759486, 36.22546214686065 ], [ 115.371709917278963, 36.225372316279447 ], [ 115.371530254317804, 36.225102820938503 ], [ 115.371440422837281, 36.225012990357243 ], [ 115.371260759876236, 36.2249231579774 ], [ 115.371081096915191, 36.224833327396198 ], [ 115.370542107132565, 36.224833327396198 ], [ 115.370362445070896, 36.224743495016355 ], [ 115.370272612690997, 36.224653664435095 ], [ 115.370272612690997, 36.224563832055253 ], [ 115.370182782109737, 36.22447400057473 ], [ 115.370092949729951, 36.224384169094208 ], [ 115.369643792327224, 36.224294337613628 ], [ 115.369194634924497, 36.224114673753263 ], [ 115.368745476622507, 36.224114673753263 ], [ 115.368386150700303, 36.224024843172003 ], [ 115.367577668274862, 36.223755347831116 ], [ 115.367038677592973, 36.223575684870013 ], [ 115.366769184050668, 36.223485854288811 ], [ 115.366140362787519, 36.223485854288811 ], [ 115.365960699826474, 36.223306191327708 ], [ 115.365870869245327, 36.223126528366663 ], [ 115.365781035966052, 36.222767202444516 ], [ 115.365691206284168, 36.222677370064616 ], [ 115.365601373005006, 36.222587537684774 ], [ 115.365242047082916, 36.222318044142469 ], [ 115.365062385021133, 36.222228211762626 ], [ 115.364613227618406, 36.222228211762626 ], [ 115.364433563757984, 36.222048548801524 ], [ 115.364343732277462, 36.221779055259219 ], [ 115.364253901696316, 36.221689222879377 ], [ 115.364074237835894, 36.221599392298174 ], [ 115.363445416572745, 36.221599392298174 ], [ 115.363355585991599, 36.221689222879377 ], [ 115.363355585991599, 36.222138381181423 ], [ 115.363535248952644, 36.222318044142469 ], [ 115.363625080433167, 36.222407874723672 ], [ 115.363984406355371, 36.222497707103571 ], [ 115.364164069316416, 36.222587537684774 ], [ 115.364433564657361, 36.222857033025718 ], [ 115.364523395238507, 36.222946865405561 ], [ 115.364613226719143, 36.223036695986764 ], [ 115.364703059098929, 36.223216358947866 ], [ 115.364792889680189, 36.223306191327708 ], [ 115.364972552641234, 36.223396021908911 ], [ 115.365242047982179, 36.223396021908911 ], [ 115.365421710943224, 36.223485854288811 ], [ 115.365511543323123, 36.223845180210958 ], [ 115.365960699826474, 36.224204506133105 ], [ 115.366409858128463, 36.224384169094208 ], [ 115.366589521089622, 36.22447400057473 ], [ 115.367038677592973, 36.224563832055253 ], [ 115.36784716091779, 36.224563832055253 ], [ 115.36784716091779, 36.224653664435095 ], [ 115.368655646041248, 36.224653664435095 ], [ 115.368925140482929, 36.224653664435095 ], [ 115.369284467304396, 36.224653664435095 ], [ 115.369374297885656, 36.224743495016355 ], [ 115.369464130265442, 36.225012990357243 ], [ 115.369553960846702, 36.225102820938503 ], [ 115.369733623807747, 36.225192653318345 ], [ 115.370182782109737, 36.225372316279447 ], [ 115.370272612690997, 36.22546214686065 ], [ 115.370452275652042, 36.225551979240493 ], [ 115.370631938613087, 36.225641809821695 ], [ 115.371081097814454, 36.225731642201595 ], [ 115.371260759876236, 36.225821473682117 ], [ 115.371350592256135, 36.22591130516264 ], [ 115.371440422837281, 36.22600113664322 ], [ 115.371709918178226, 36.226360462565367 ], [ 115.372248907061476, 36.226629957006935 ], [ 115.372338740340638, 36.226719789386834 ], [ 115.372428569123258, 36.226809619968037 ], [ 115.372428570022521, 36.22689945234788 ], [ 115.37260823298368, 36.226989282929139 ], [ 115.372877728324511, 36.226989282929139 ] ] ] } },
{ "type": "Feature", "properties": { "PV_Area": 0.036898564949199998, "Inst_time": 20180623.0, "Inst_year": 2018, "Major_type": "Grassland", "Lat": 36.170027823600002, "Lon": 117.923275237, "Province": "山东", "Province_pinyin": "Shandong", "Province code": 37, "City": "淄博市", "City_pinyin": "Zibo", "City code": 3703, "County": "沂源县", "County_pinyin": "Yiyuan xian", "County code": 370323, "Township": "鲁村镇", "Township_pinyin": "lu cun zhen" }, "geometry": { "type": "Polygon", "coordinates": [ [ [ 117.922027008639589, 36.171203903837124 ], [ 117.922027009538965, 36.171114073255922 ], [ 117.922206671600634, 36.170934410294876 ], [ 117.922296503980533, 36.170844577914977 ], [ 117.922476166941578, 36.170754748233094 ], [ 117.922565999321478, 36.170754747333774 ], [ 117.922655829902737, 36.170844577914977 ], [ 117.922655830802, 36.170934409395556 ], [ 117.923015155824828, 36.170934410294876 ], [ 117.923284652065149, 36.170844577914977 ], [ 117.923554144708078, 36.170664914953932 ], [ 117.923823640049022, 36.170575085271992 ], [ 117.924093135389967, 36.170575084372672 ], [ 117.924272798351012, 36.170485251992829 ], [ 117.924362628932272, 36.170395419612987 ], [ 117.924452461312057, 36.170215756651885 ], [ 117.924452461312057, 36.169676767768692 ], [ 117.924542290993941, 36.16949710480759 ], [ 117.924632124273217, 36.16949710480759 ], [ 117.924632124273217, 36.169137778885442 ], [ 117.924452461312057, 36.16904794830424 ], [ 117.923913472428922, 36.168688620583453 ], [ 117.923464314126818, 36.168688620583453 ], [ 117.923374481747032, 36.168778452963295 ], [ 117.923284651165773, 36.168868285343137 ], [ 117.92328465026651, 36.169227611265285 ], [ 117.923194818785873, 36.16949710480759 ], [ 117.923104988204727, 36.169676767768692 ], [ 117.923015155824828, 36.169766600148535 ], [ 117.922835492863783, 36.169766600148535 ], [ 117.9227456631819, 36.169856430729737 ], [ 117.922655829902737, 36.16994626310958 ], [ 117.922565998422101, 36.170125926070682 ], [ 117.922565998422101, 36.170395419612987 ], [ 117.922476166941578, 36.170575084372672 ], [ 117.922296503980533, 36.170664914953932 ], [ 117.922206671600634, 36.170664914953932 ], [ 117.922116841019488, 36.170575084372672 ], [ 117.922116841019488, 36.170485251992829 ], [ 117.921667682717498, 36.170485251992829 ], [ 117.921308356795294, 36.170664914953932 ], [ 117.921128694733511, 36.170754747333774 ], [ 117.921128693834248, 36.171024240876079 ], [ 117.921757515097283, 36.171203903837124 ], [ 117.922027008639589, 36.171203903837124 ] ] ] } },
{ "type": "Feature", "properties": { "PV_Area": 0.036898564949199998, "Inst_time": 20180623.0, "Inst_year": 2018, "Major_type": "Grassland", "Lat": 36.170027823600002, "Lon": 117.923275237, "Province": "山东", "Province_pinyin": "Shandong", "Province code": 37, "City": "淄博市", "City_pinyin": "Zibo", "City code": 3703, "County": "沂源县", "County_pinyin": "Yiyuan xian", "County code": 370323, "Township": "鲁村镇", "Township_pinyin": "lu cun zhen" }, "geometry": { "type": "Polygon", "coordinates": [ [ [ 117.922027008639589, 36.171203903837124 ], [ 117.922027009538965, 36.171114073255922 ], [ 117.922206671600634, 36.170934410294876 ], [ 117.922296503980533, 36.170844577914977 ], [ 117.922476166941578, 36.170754748233094 ], [ 117.922565999321478, 36.170754747333774 ], [ 117.922655829902737, 36.170844577914977 ], [ 117.922655830802, 36.170934409395556 ], [ 117.923015155824828, 36.170934410294876 ], [ 117.923284652065149, 36.170844577914977 ], [ 117.923554144708078, 36.170664914953932 ], [ 117.923823640049022, 36.170575085271992 ], [ 117.924093135389967, 36.170575084372672 ], [ 117.924272798351012, 36.170485251992829 ], [ 117.924362628932272, 36.170395419612987 ], [ 117.924452461312057, 36.170215756651885 ], [ 117.924452461312057, 36.169676767768692 ], [ 117.924542290993941, 36.16949710480759 ], [ 117.924632124273217, 36.16949710480759 ], [ 117.924632124273217, 36.169137778885442 ], [ 117.924452461312057, 36.16904794830424 ], [ 117.923913472428922, 36.168688620583453 ], [ 117.923464314126818, 36.168688620583453 ], [ 117.923374481747032, 36.168778452963295 ], [ 117.923284651165773, 36.168868285343137 ], [ 117.92328465026651, 36.169227611265285 ], [ 117.923194818785873, 36.16949710480759 ], [ 117.923104988204727, 36.169676767768692 ], [ 117.923015155824828, 36.169766600148535 ], [ 117.922835492863783, 36.169766600148535 ], [ 117.9227456631819, 36.169856430729737 ], [ 117.922655829902737, 36.16994626310958 ], [ 117.922565998422101, 36.170125926070682 ], [ 117.922565998422101, 36.170395419612987 ], [ 117.922476166941578, 36.170575084372672 ], [ 117.922296503980533, 36.170664914953932 ], [ 117.922206671600634, 36.170664914953932 ], [ 117.922116841019488, 36.170575084372672 ], [ 117.922116841019488, 36.170485251992829 ], [ 117.921667682717498, 36.170485251992829 ], [ 117.921308356795294, 36.170664914953932 ], [ 117.921128694733511, 36.170754747333774 ], [ 117.921128693834248, 36.171024240876079 ], [ 117.921757515097283, 36.171203903837124 ], [ 117.922027008639589, 36.171203903837124 ] ] ] } },
{ "type": "Feature", "properties": { "PV_Area": 0.0010876640790299999, "Inst_time": 20180714.0, "Inst_year": 2018, "Major_type": "Grassland", "Lat": 36.166814358000003, "Lon": 117.929955474, "Province": "山东", "Province_pinyin": "Shandong", "Province code": 37, "City": "淄博市", "City_pinyin": "Zibo", "City code": 3703, "County": "沂源县", "County_pinyin": "Yiyuan xian", "County code": 370323, "Township": "鲁村镇", "Township_pinyin": "lu cun zhen" }, "geometry": { "type": "Polygon", "coordinates": [ [ [ 117.930111847284024, 36.166981821553861 ], [ 117.930111847284024, 36.166622495631714 ], [ 117.929932184322865, 36.166622495631714 ], [ 117.92984235194308, 36.166712328011556 ], [ 117.92975252136182, 36.166802158592816 ], [ 117.92975252136182, 36.166891990972658 ], [ 117.929842352842343, 36.166981821553861 ], [ 117.930111847284024, 36.166981821553861 ] ] ] } },
{ "type": "Feature", "properties": { "PV_Area": 0.0010876640790299999, "Inst_time": 20180714.0, "Inst_year": 2018, "Major_type": "Grassland", "Lat": 36.166814358000003, "Lon": 117.929955474, "Province": "山东", "Province_pinyin": "Shandong", "Province code": 37, "City": "淄博市", "City_pinyin": "Zibo", "City code": 3703, "County": "沂源县", "County_pinyin": "Yiyuan xian", "County code": 370323, "Township": "鲁村镇", "Township_pinyin": "lu cun zhen" }, "geometry": { "type": "Polygon", "coordinates": [ [ [ 117.930111847284024, 36.166981821553861 ], [ 117.930111847284024, 36.166622495631714 ], [ 117.929932184322865, 36.166622495631714 ], [ 117.92984235194308, 36.166712328011556 ], [ 117.92975252136182, 36.166802158592816 ], [ 117.92975252136182, 36.166891990972658 ], [ 117.929842352842343, 36.166981821553861 ], [ 117.930111847284024, 36.166981821553861 ] ] ] } },
{ "type": "Feature", "properties": { "PV_Area": 0.00261847910739, "Inst_time": 20180920.0, "Inst_year": 2018, "Major_type": "Cropland", "Lat": 36.165970181299997, "Lon": 117.930326982, "Province": "山东", "Province_pinyin": "Shandong", "Province code": 37, "City": "淄博市", "City_pinyin": "Zibo", "City code": 3703, "County": "沂源县", "County_pinyin": "Yiyuan xian", "County code": 370323, "Township": "鲁村镇", "Township_pinyin": "lu cun zhen" }, "geometry": { "type": "Polygon", "coordinates": [ [ [ 117.930381342624969, 36.166353002089409 ], [ 117.930381341725592, 36.166263169709566 ], [ 117.930471173206115, 36.166083506748464 ], [ 117.930561004686638, 36.166083506748464 ], [ 117.930561004686638, 36.165634349345794 ], [ 117.93029151024507, 36.165634349345794 ], [ 117.930201678764547, 36.165724180826317 ], [ 117.930111847284024, 36.165814013206216 ], [ 117.930111847284024, 36.166263169709566 ], [ 117.930201678764547, 36.166353002089409 ], [ 117.930381342624969, 36.166353002089409 ] ] ] } },
{ "type": "Feature", "properties": { "PV_Area": 0.00261847910739, "Inst_time": 20180920.0, "Inst_year": 2018, "Major_type": "Cropland", "Lat": 36.165970181299997, "Lon": 117.930326982, "Province": "山东", "Province_pinyin": "Shandong", "Province code": 37, "City": "淄博市", "City_pinyin": "Zibo", "City code": 3703, "County": "沂源县", "County_pinyin": "Yiyuan xian", "County code": 370323, "Township": "鲁村镇", "Township_pinyin": "lu cun zhen" }, "geometry": { "type": "Polygon", "coordinates": [ [ [ 117.930381342624969, 36.166353002089409 ], [ 117.930381341725592, 36.166263169709566 ], [ 117.930471173206115, 36.166083506748464 ], [ 117.930561004686638, 36.166083506748464 ], [ 117.930561004686638, 36.165634349345794 ], [ 117.93029151024507, 36.165634349345794 ], [ 117.930201678764547, 36.165724180826317 ], [ 117.930111847284024, 36.165814013206216 ], [ 117.930111847284024, 36.166263169709566 ], [ 117.930201678764547, 36.166353002089409 ], [ 117.930381342624969, 36.166353002089409 ] ] ] } },
{ "type": "Feature", "properties": { "PV_Area": 0.038551369635599998, "Inst_time": 20180526.0, "Inst_year": 2018, "Major_type": "Grassland", "Lat": 36.167438458, "Lon": 117.932167115, "Province": "山东", "Province_pinyin": "Shandong", "Province code": 37, "City": "淄博市", "City_pinyin": "Zibo", "City code": 3703, "County": "沂源县", "County_pinyin": "Yiyuan xian", "County code": 370323, "Township": "鲁村镇", "Township_pinyin": "lu cun zhen" }, "geometry": { "type": "Polygon", "coordinates": [ [ [ 117.932806792599422, 36.169766600148535 ], [ 117.932896623180682, 36.169676767768692 ], [ 117.932896624079945, 36.169317441846488 ], [ 117.932896624979321, 36.169227611265285 ], [ 117.932806793498798, 36.168868285343137 ], [ 117.932716961118899, 36.168329294661248 ], [ 117.932627129638377, 36.16752081223575 ], [ 117.932627129638377, 36.16707165393376 ], [ 117.932627130537753, 36.166712328011556 ], [ 117.932627129638377, 36.165724180826317 ], [ 117.932537298157854, 36.165634349345794 ], [ 117.932447466677331, 36.165544517865271 ], [ 117.931998309274604, 36.165544517865271 ], [ 117.931818646313559, 36.165454686384749 ], [ 117.93172881393366, 36.165364854904169 ], [ 117.93172881393366, 36.165275023423646 ], [ 117.931459320391355, 36.165275023423646 ], [ 117.931369488011569, 36.165364854904169 ], [ 117.931369487112192, 36.165544517865271 ], [ 117.931459320391355, 36.166353002089409 ], [ 117.931459320391355, 36.166981821553861 ], [ 117.931549150972614, 36.16707165393376 ], [ 117.931638983352514, 36.167161485414283 ], [ 117.931908476894705, 36.167161485414283 ], [ 117.932088140755127, 36.167251316894806 ], [ 117.93217797223565, 36.167430979855908 ], [ 117.932267803716286, 36.167880139057218 ], [ 117.932267803716286, 36.168239464080045 ], [ 117.93172881393366, 36.16895811592434 ], [ 117.931638983352514, 36.16904794830424 ], [ 117.931549150972614, 36.169227611265285 ], [ 117.931549150972614, 36.169407274226387 ], [ 117.931638983352514, 36.16949710480759 ], [ 117.931818646313559, 36.169586937187432 ], [ 117.93217797223565, 36.169586937187432 ], [ 117.93217797223565, 36.16949710480759 ], [ 117.932537298157854, 36.16949710480759 ], [ 117.932537298157854, 36.169676767768692 ], [ 117.932627129638377, 36.169766600148535 ], [ 117.932806792599422, 36.169766600148535 ] ] ] } },
{ "type": "Feature", "properties": { "PV_Area": 0.038551369635599998, "Inst_time": 20180526.0, "Inst_year": 2018, "Major_type": "Grassland", "Lat": 36.167438458, "Lon": 117.932167115, "Province": "山东", "Province_pinyin": "Shandong", "Province code": 37, "City": "淄博市", "City_pinyin": "Zibo", "City code": 3703, "County": "沂源县", "County_pinyin": "Yiyuan xian", "County code": 370323, "Township": "鲁村镇", "Township_pinyin": "lu cun zhen" }, "geometry": { "type": "Polygon", "coordinates": [ [ [ 117.932806792599422, 36.169766600148535 ], [ 117.932896623180682, 36.169676767768692 ], [ 117.932896624079945, 36.169317441846488 ], [ 117.932896624979321, 36.169227611265285 ], [ 117.932806793498798, 36.168868285343137 ], [ 117.932716961118899, 36.168329294661248 ], [ 117.932627129638377, 36.16752081223575 ], [ 117.932627129638377, 36.16707165393376 ], [ 117.932627130537753, 36.166712328011556 ], [ 117.932627129638377, 36.165724180826317 ], [ 117.932537298157854, 36.165634349345794 ], [ 117.932447466677331, 36.165544517865271 ], [ 117.931998309274604, 36.165544517865271 ], [ 117.931818646313559, 36.165454686384749 ], [ 117.93172881393366, 36.165364854904169 ], [ 117.93172881393366, 36.165275023423646 ], [ 117.931459320391355, 36.165275023423646 ], [ 117.931369488011569, 36.165364854904169 ], [ 117.931369487112192, 36.165544517865271 ], [ 117.931459320391355, 36.166353002089409 ], [ 117.931459320391355, 36.166981821553861 ], [ 117.931549150972614, 36.16707165393376 ], [ 117.931638983352514, 36.167161485414283 ], [ 117.931908476894705, 36.167161485414283 ], [ 117.932088140755127, 36.167251316894806 ], [ 117.93217797223565, 36.167430979855908 ], [ 117.932267803716286, 36.167880139057218 ], [ 117.932267803716286, 36.168239464080045 ], [ 117.93172881393366, 36.16895811592434 ], [ 117.931638983352514, 36.16904794830424 ], [ 117.931549150972614, 36.169227611265285 ], [ 117.931549150972614, 36.169407274226387 ], [ 117.931638983352514, 36.16949710480759 ], [ 117.931818646313559, 36.169586937187432 ], [ 117.93217797223565, 36.169586937187432 ], [ 117.93217797223565, 36.16949710480759 ], [ 117.932537298157854, 36.16949710480759 ], [ 117.932537298157854, 36.169676767768692 ], [ 117.932627129638377, 36.169766600148535 ], [ 117.932806792599422, 36.169766600148535 ] ] ] } },
{ "type": "Feature", "properties": { "PV_Area": 0.0048342219348000001, "Inst_time": 20180930.0, "Inst_year": 2018, "Major_type": "Cropland", "Lat": 36.164324555599997, "Lon": 117.93315688600001, "Province": "山东", "Province_pinyin": "Shandong", "Province code": 37, "City": "淄博市", "City_pinyin": "Zibo", "City code": 3703, "County": "沂源县", "County_pinyin": "Yiyuan xian", "County code": 370323, "Township": "鲁村镇", "Township_pinyin": "lu cun zhen" }, "geometry": { "type": "Polygon", "coordinates": [ [ [ 117.933345782382048, 36.164736033641077 ], [ 117.933345782382048, 36.164646203059874 ], [ 117.933435614761834, 36.164466540098772 ], [ 117.933525445343093, 36.164466540098772 ], [ 117.933525445343093, 36.164107213277305 ], [ 117.933435612963194, 36.164017381796782 ], [ 117.933345783281311, 36.163927550316259 ], [ 117.933076287041104, 36.163927550316259 ], [ 117.932896624079945, 36.164017381796782 ], [ 117.932806791700159, 36.164197044757884 ], [ 117.932806793498798, 36.164556370680032 ], [ 117.932896624079945, 36.164646203059874 ], [ 117.932986455560581, 36.164736033641077 ], [ 117.933345782382048, 36.164736033641077 ] ] ] } },
{ "type": "Feature", "properties": { "PV_Area": 0.0048342219348000001, "Inst_time": 20180930.0, "Inst_year": 2018, "Major_type": "Cropland", "Lat": 36.164324555599997, "Lon": 117.93315688600001, "Province": "山东", "Province_pinyin": "Shandong", "Province code": 37, "City": "淄博市", "City_pinyin": "Zibo", "City code": 3703, "County": "沂源县", "County_pinyin": "Yiyuan xian", "County code": 370323, "Township": "鲁村镇", "Township_pinyin": "lu cun zhen" }, "geometry": { "type": "Polygon", "coordinates": [ [ [ 117.933345782382048, 36.164736033641077 ], [ 117.933345782382048, 36.164646203059874 ], [ 117.933435614761834, 36.164466540098772 ], [ 117.933525445343093, 36.164466540098772 ], [ 117.933525445343093, 36.164107213277305 ], [ 117.933435612963194, 36.164017381796782 ], [ 117.933345783281311, 36.163927550316259 ], [ 117.933076287041104, 36.163927550316259 ], [ 117.932896624079945, 36.164017381796782 ], [ 117.932806791700159, 36.164197044757884 ], [ 117.932806793498798, 36.164556370680032 ], [ 117.932896624079945, 36.164646203059874 ], [ 117.932986455560581, 36.164736033641077 ], [ 117.933345782382048, 36.164736033641077 ] ] ] } },
{ "type": "Feature", "properties": { "PV_Area": 0.22007450753800001, "Inst_time": 20180714.0, "Inst_year": 2018, "Major_type": "Cropland", "Lat": 36.1654976644, "Lon": 117.928228553, "Province": "山东", "Province_pinyin": "Shandong", "Province code": 37, "City": "淄博市", "City_pinyin": "Zibo", "City code": 3703, "County": "沂源县", "County_pinyin": "Yiyuan xian", "County code": 370323, "Township": "鲁村镇", "Township_pinyin": "lu cun zhen" }, "geometry": { "type": "Polygon", "coordinates": [ [ [ 117.929123700098785, 36.169676767768692 ], [ 117.929123700098785, 36.169586937187432 ], [ 117.929393196338992, 36.169586937187432 ], [ 117.929572858400775, 36.16949710480759 ], [ 117.929662688981921, 36.169407274226387 ], [ 117.929662689881297, 36.169317441846488 ], [ 117.929842352842343, 36.169227611265285 ], [ 117.930201678764547, 36.169137778885442 ], [ 117.930471173206115, 36.169137778885442 ], [ 117.930471173206115, 36.169227611265285 ], [ 117.930740667647797, 36.169227611265285 ], [ 117.930920329709465, 36.169137778885442 ], [ 117.931010162089365, 36.16904794830424 ], [ 117.931099993569887, 36.168868285343137 ], [ 117.931099993569887, 36.168688620583453 ], [ 117.931010162988741, 36.168688620583453 ], [ 117.931010162089365, 36.167969968739101 ], [ 117.930920330608842, 36.167790305778055 ], [ 117.930740667647797, 36.167251316894806 ], [ 117.93065083616716, 36.167161485414283 ], [ 117.930291511144333, 36.167161485414283 ], [ 117.930201678764547, 36.167251316894806 ], [ 117.930111847284024, 36.167341149274648 ], [ 117.930111847284024, 36.16752081223575 ], [ 117.930022014904125, 36.167700475196852 ], [ 117.929932184322865, 36.167790305778055 ], [ 117.929662688981921, 36.167790305778055 ], [ 117.929572859300038, 36.167700475196852 ], [ 117.929572858400775, 36.167610642816953 ], [ 117.929662688981921, 36.167610642816953 ], [ 117.929662688981921, 36.167341149274648 ], [ 117.929572858400775, 36.167161485414283 ], [ 117.929393195439729, 36.16707165393376 ], [ 117.92930336305983, 36.166981821553861 ], [ 117.92930336305983, 36.166532665050511 ], [ 117.929393194540353, 36.166532665050511 ], [ 117.929483026020876, 36.166442832670668 ], [ 117.929572858400775, 36.166263169709566 ], [ 117.929572858400775, 36.166083506748464 ], [ 117.929483026020876, 36.166083506748464 ], [ 117.929393195439729, 36.165993676167261 ], [ 117.929393195439729, 36.165634349345794 ], [ 117.929393195439729, 36.165364854904169 ], [ 117.929123699199408, 36.165005528982022 ], [ 117.929033868618149, 36.164915696602179 ], [ 117.928944037137626, 36.164825866020976 ], [ 117.928764374176581, 36.164736033641077 ], [ 117.928584711215535, 36.164736033641077 ], [ 117.928494878835636, 36.164646203059874 ], [ 117.92840504825449, 36.164556370680032 ], [ 117.928135552913545, 36.164197044757884 ], [ 117.928135552913545, 36.16383771883568 ], [ 117.928225385293331, 36.163747887355157 ], [ 117.928315215874591, 36.163747887355157 ], [ 117.92840504825449, 36.16383771883568 ], [ 117.928494878835636, 36.163927550316259 ], [ 117.928584711215535, 36.164107213277305 ], [ 117.928944037137626, 36.164466540098772 ], [ 117.929393195439729, 36.164466540098772 ], [ 117.929932184322865, 36.164466540098772 ], [ 117.930111847284024, 36.164466540098772 ], [ 117.930291511144333, 36.16437670771893 ], [ 117.930381341725592, 36.164197044757884 ], [ 117.930381341725592, 36.163747887355157 ], [ 117.930471173206115, 36.163298729952487 ], [ 117.930561003787375, 36.163298729952487 ], [ 117.930561004686638, 36.16284957165044 ], [ 117.930471173206115, 36.162669908689395 ], [ 117.930201678764547, 36.162669908689395 ], [ 117.930022014904125, 36.16284957165044 ], [ 117.930022014904125, 36.163119066991385 ], [ 117.929932184322865, 36.163208898471964 ], [ 117.929572858400775, 36.163208897572645 ], [ 117.929483026020876, 36.163029234611543 ], [ 117.929483026020876, 36.16284957165044 ], [ 117.92930336305983, 36.162580078108192 ], [ 117.929213531579308, 36.162490245728293 ], [ 117.929123699199408, 36.162310582767248 ], [ 117.929123700098785, 36.162130920705465 ], [ 117.929213531579308, 36.1619512568451 ], [ 117.92930336305983, 36.161771593883998 ], [ 117.929483026020876, 36.161591930922953 ], [ 117.929572858400775, 36.161052942039703 ], [ 117.929662688981921, 36.160783446698758 ], [ 117.929752520462557, 36.160783446698758 ], [ 117.92975252136182, 36.160603783737656 ], [ 117.929662688981921, 36.160424120776611 ], [ 117.929572858400775, 36.160334289296088 ], [ 117.929393195439729, 36.160244457815509 ], [ 117.928944037137626, 36.160154626334986 ], [ 117.928674542696058, 36.160154626334986 ], [ 117.928494878835636, 36.160334289296088 ], [ 117.928494878835636, 36.16096310965986 ], [ 117.92840504825449, 36.161142772620906 ], [ 117.928405047355113, 36.16141226796185 ], [ 117.928494878835636, 36.161591930922953 ], [ 117.928494878835636, 36.162130919806145 ], [ 117.92840504825449, 36.162310582767248 ], [ 117.928315214975214, 36.16240041514709 ], [ 117.928135552913545, 36.162490245728293 ], [ 117.928045722332286, 36.162580078108192 ], [ 117.927955889053123, 36.162759741069237 ], [ 117.927955889952386, 36.163029234611543 ], [ 117.92786605937124, 36.163208897572645 ], [ 117.927686396410081, 36.16338856143301 ], [ 117.927596564929559, 36.163478392913532 ], [ 117.927237238108091, 36.163478392913532 ], [ 117.927147407526945, 36.16338856143301 ], [ 117.927147407526945, 36.163298729952487 ], [ 117.926788079806101, 36.163298729952487 ], [ 117.926608417744319, 36.16338856143301 ], [ 117.926518585364533, 36.163478392913532 ], [ 117.926428753883897, 36.163658055874635 ], [ 117.926338923302751, 36.16383771883568 ], [ 117.926338923302751, 36.164107213277305 ], [ 117.926249090922852, 36.164286877137727 ], [ 117.926159261240969, 36.16437670681961 ], [ 117.926069427961806, 36.16437670771893 ], [ 117.925979597380547, 36.164466540098772 ], [ 117.925889765900024, 36.164646203059874 ], [ 117.925889765000761, 36.165095359563225 ], [ 117.925979597380547, 36.165185191943124 ], [ 117.926338923302751, 36.165185191943124 ], [ 117.926428754783274, 36.165364854904169 ], [ 117.926428753883897, 36.165544517865271 ], [ 117.926338923302751, 36.165634349345794 ], [ 117.926159261240969, 36.165724180826317 ], [ 117.925799933520125, 36.165724180826317 ], [ 117.925620271458456, 36.165814012306896 ], [ 117.925530439977933, 36.165993676167261 ], [ 117.925530439078557, 36.166532665050511 ], [ 117.925620270559079, 36.166532665050511 ], [ 117.925620270559079, 36.167251316894806 ], [ 117.925530439078557, 36.167430979855908 ], [ 117.925440607598034, 36.16752081223575 ], [ 117.925260943737612, 36.167610642816953 ], [ 117.924991449296044, 36.167610642816953 ], [ 117.924991450195307, 36.167880138157898 ], [ 117.925530439078557, 36.168059801119 ], [ 117.925710102039602, 36.168239464080045 ], [ 117.926249090922852, 36.168329294661248 ], [ 117.926608417744319, 36.168329294661248 ], [ 117.926877913085264, 36.168239464080045 ], [ 117.927057575147046, 36.168149631700203 ], [ 117.927147405728306, 36.168059801119 ], [ 117.927237238108091, 36.16796996963842 ], [ 117.927327069588614, 36.167790305778055 ], [ 117.927327069588614, 36.167610642816953 ], [ 117.927237238108091, 36.167341149274648 ], [ 117.927147405728306, 36.167341149274648 ], [ 117.927147406627569, 36.167161485414283 ], [ 117.927237238108091, 36.166981821553861 ], [ 117.927327070487991, 36.166891990972658 ], [ 117.927686396410081, 36.166622495631714 ], [ 117.927955889952386, 36.166263169709566 ], [ 117.928135552913545, 36.166173339128363 ], [ 117.928584711215535, 36.166173339128363 ], [ 117.928584711215535, 36.165814013206216 ], [ 117.928135552913545, 36.165814013206216 ], [ 117.92786605937124, 36.165724180826317 ], [ 117.927776226991341, 36.165634349345794 ], [ 117.927686396410081, 36.165544517865271 ], [ 117.927686396410081, 36.165364854904169 ], [ 117.927776226991341, 36.165275023423646 ], [ 117.928584711215535, 36.165275023423646 ], [ 117.928764374176581, 36.165364854904169 ], [ 117.929213530679931, 36.165724180826317 ], [ 117.92930336305983, 36.165814013206216 ], [ 117.92930336305983, 36.165993676167261 ], [ 117.929123700098785, 36.165993676167261 ], [ 117.929033868618149, 36.166083506748464 ], [ 117.928944037137626, 36.166263169709566 ], [ 117.928764374176581, 36.166802158592816 ], [ 117.928764374176581, 36.167341149274648 ], [ 117.928764374176581, 36.167790305778055 ], [ 117.928764374176581, 36.168059801119 ], [ 117.928944037137626, 36.168239464080045 ], [ 117.929033868618149, 36.168329294661248 ], [ 117.929033867718886, 36.169137778885442 ], [ 117.928944037137626, 36.169317441846488 ], [ 117.928494878835636, 36.169317441846488 ], [ 117.92840504825449, 36.169227611265285 ], [ 117.92840504825449, 36.169137778885442 ], [ 117.928225385293331, 36.16904794830424 ], [ 117.927955889952386, 36.16895811592434 ], [ 117.92786605937124, 36.16895811592434 ], [ 117.927776226092078, 36.16904794830424 ], [ 117.927686396410081, 36.169137778885442 ], [ 117.927686396410081, 36.169227611265285 ], [ 117.927776226991341, 36.169407274226387 ], [ 117.92786605937124, 36.16949710480759 ], [ 117.928045722332286, 36.169586937187432 ], [ 117.928315215874591, 36.169676767768692 ], [ 117.929123700098785, 36.169676767768692 ] ] ] } },
{ "type": "Feature", "properties": { "PV_Area": 0.22007450753800001, "Inst_time": 20180714.0, "Inst_year": 2018, "Major_type": "Cropland", "Lat": 36.1654976644, "Lon": 117.928228553, "Province": "山东", "Province_pinyin": "Shandong", "Province code": 37, "City": "淄博市", "City_pinyin": "Zibo", "City code": 3703, "County": "沂源县", "County_pinyin": "Yiyuan xian", "County code": 370323, "Township": "鲁村镇", "Township_pinyin": "lu cun zhen" }, "geometry": { "type": "Polygon", "coordinates": [ [ [ 117.929123700098785, 36.169676767768692 ], [ 117.929123700098785, 36.169586937187432 ], [ 117.929393196338992, 36.169586937187432 ], [ 117.929572858400775, 36.16949710480759 ], [ 117.929662688981921, 36.169407274226387 ], [ 117.929662689881297, 36.169317441846488 ], [ 117.929842352842343, 36.169227611265285 ], [ 117.930201678764547, 36.169137778885442 ], [ 117.930471173206115, 36.169137778885442 ], [ 117.930471173206115, 36.169227611265285 ], [ 117.930740667647797, 36.169227611265285 ], [ 117.930920329709465, 36.169137778885442 ], [ 117.931010162089365, 36.16904794830424 ], [ 117.931099993569887, 36.168868285343137 ], [ 117.931099993569887, 36.168688620583453 ], [ 117.931010162988741, 36.168688620583453 ], [ 117.931010162089365, 36.167969968739101 ], [ 117.930920330608842, 36.167790305778055 ], [ 117.930740667647797, 36.167251316894806 ], [ 117.93065083616716, 36.167161485414283 ], [ 117.930291511144333, 36.167161485414283 ], [ 117.930201678764547, 36.167251316894806 ], [ 117.930111847284024, 36.167341149274648 ], [ 117.930111847284024, 36.16752081223575 ], [ 117.930022014904125, 36.167700475196852 ], [ 117.929932184322865, 36.167790305778055 ], [ 117.929662688981921, 36.167790305778055 ], [ 117.929572859300038, 36.167700475196852 ], [ 117.929572858400775, 36.167610642816953 ], [ 117.929662688981921, 36.167610642816953 ], [ 117.929662688981921, 36.167341149274648 ], [ 117.929572858400775, 36.167161485414283 ], [ 117.929393195439729, 36.16707165393376 ], [ 117.92930336305983, 36.166981821553861 ], [ 117.92930336305983, 36.166532665050511 ], [ 117.929393194540353, 36.166532665050511 ], [ 117.929483026020876, 36.166442832670668 ], [ 117.929572858400775, 36.166263169709566 ], [ 117.929572858400775, 36.166083506748464 ], [ 117.929483026020876, 36.166083506748464 ], [ 117.929393195439729, 36.165993676167261 ], [ 117.929393195439729, 36.165634349345794 ], [ 117.929393195439729, 36.165364854904169 ], [ 117.929123699199408, 36.165005528982022 ], [ 117.929033868618149, 36.164915696602179 ], [ 117.928944037137626, 36.164825866020976 ], [ 117.928764374176581, 36.164736033641077 ], [ 117.928584711215535, 36.164736033641077 ], [ 117.928494878835636, 36.164646203059874 ], [ 117.92840504825449, 36.164556370680032 ], [ 117.928135552913545, 36.164197044757884 ], [ 117.928135552913545, 36.16383771883568 ], [ 117.928225385293331, 36.163747887355157 ], [ 117.928315215874591, 36.163747887355157 ], [ 117.92840504825449, 36.16383771883568 ], [ 117.928494878835636, 36.163927550316259 ], [ 117.928584711215535, 36.164107213277305 ], [ 117.928944037137626, 36.164466540098772 ], [ 117.929393195439729, 36.164466540098772 ], [ 117.929932184322865, 36.164466540098772 ], [ 117.930111847284024, 36.164466540098772 ], [ 117.930291511144333, 36.16437670771893 ], [ 117.930381341725592, 36.164197044757884 ], [ 117.930381341725592, 36.163747887355157 ], [ 117.930471173206115, 36.163298729952487 ], [ 117.930561003787375, 36.163298729952487 ], [ 117.930561004686638, 36.16284957165044 ], [ 117.930471173206115, 36.162669908689395 ], [ 117.930201678764547, 36.162669908689395 ], [ 117.930022014904125, 36.16284957165044 ], [ 117.930022014904125, 36.163119066991385 ], [ 117.929932184322865, 36.163208898471964 ], [ 117.929572858400775, 36.163208897572645 ], [ 117.929483026020876, 36.163029234611543 ], [ 117.929483026020876, 36.16284957165044 ], [ 117.92930336305983, 36.162580078108192 ], [ 117.929213531579308, 36.162490245728293 ], [ 117.929123699199408, 36.162310582767248 ], [ 117.929123700098785, 36.162130920705465 ], [ 117.929213531579308, 36.1619512568451 ], [ 117.92930336305983, 36.161771593883998 ], [ 117.929483026020876, 36.161591930922953 ], [ 117.929572858400775, 36.161052942039703 ], [ 117.929662688981921, 36.160783446698758 ], [ 117.929752520462557, 36.160783446698758 ], [ 117.92975252136182, 36.160603783737656 ], [ 117.929662688981921, 36.160424120776611 ], [ 117.929572858400775, 36.160334289296088 ], [ 117.929393195439729, 36.160244457815509 ], [ 117.928944037137626, 36.160154626334986 ], [ 117.928674542696058, 36.160154626334986 ], [ 117.928494878835636, 36.160334289296088 ], [ 117.928494878835636, 36.16096310965986 ], [ 117.92840504825449, 36.161142772620906 ], [ 117.928405047355113, 36.16141226796185 ], [ 117.928494878835636, 36.161591930922953 ], [ 117.928494878835636, 36.162130919806145 ], [ 117.92840504825449, 36.162310582767248 ], [ 117.928315214975214, 36.16240041514709 ], [ 117.928135552913545, 36.162490245728293 ], [ 117.928045722332286, 36.162580078108192 ], [ 117.927955889053123, 36.162759741069237 ], [ 117.927955889952386, 36.163029234611543 ], [ 117.92786605937124, 36.163208897572645 ], [ 117.927686396410081, 36.16338856143301 ], [ 117.927596564929559, 36.163478392913532 ], [ 117.927237238108091, 36.163478392913532 ], [ 117.927147407526945, 36.16338856143301 ], [ 117.927147407526945, 36.163298729952487 ], [ 117.926788079806101, 36.163298729952487 ], [ 117.926608417744319, 36.16338856143301 ], [ 117.926518585364533, 36.163478392913532 ], [ 117.926428753883897, 36.163658055874635 ], [ 117.926338923302751, 36.16383771883568 ], [ 117.926338923302751, 36.164107213277305 ], [ 117.926249090922852, 36.164286877137727 ], [ 117.926159261240969, 36.16437670681961 ], [ 117.926069427961806, 36.16437670771893 ], [ 117.925979597380547, 36.164466540098772 ], [ 117.925889765900024, 36.164646203059874 ], [ 117.925889765000761, 36.165095359563225 ], [ 117.925979597380547, 36.165185191943124 ], [ 117.926338923302751, 36.165185191943124 ], [ 117.926428754783274, 36.165364854904169 ], [ 117.926428753883897, 36.165544517865271 ], [ 117.926338923302751, 36.165634349345794 ], [ 117.926159261240969, 36.165724180826317 ], [ 117.925799933520125, 36.165724180826317 ], [ 117.925620271458456, 36.165814012306896 ], [ 117.925530439977933, 36.165993676167261 ], [ 117.925530439078557, 36.166532665050511 ], [ 117.925620270559079, 36.166532665050511 ], [ 117.925620270559079, 36.167251316894806 ], [ 117.925530439078557, 36.167430979855908 ], [ 117.925440607598034, 36.16752081223575 ], [ 117.925260943737612, 36.167610642816953 ], [ 117.924991449296044, 36.167610642816953 ], [ 117.924991450195307, 36.167880138157898 ], [ 117.925530439078557, 36.168059801119 ], [ 117.925710102039602, 36.168239464080045 ], [ 117.926249090922852, 36.168329294661248 ], [ 117.926608417744319, 36.168329294661248 ], [ 117.926877913085264, 36.168239464080045 ], [ 117.927057575147046, 36.168149631700203 ], [ 117.927147405728306, 36.168059801119 ], [ 117.927237238108091, 36.16796996963842 ], [ 117.927327069588614, 36.167790305778055 ], [ 117.927327069588614, 36.167610642816953 ], [ 117.927237238108091, 36.167341149274648 ], [ 117.927147405728306, 36.167341149274648 ], [ 117.927147406627569, 36.167161485414283 ], [ 117.927237238108091, 36.166981821553861 ], [ 117.927327070487991, 36.166891990972658 ], [ 117.927686396410081, 36.166622495631714 ], [ 117.927955889952386, 36.166263169709566 ], [ 117.928135552913545, 36.166173339128363 ], [ 117.928584711215535, 36.166173339128363 ], [ 117.928584711215535, 36.165814013206216 ], [ 117.928135552913545, 36.165814013206216 ], [ 117.92786605937124, 36.165724180826317 ], [ 117.927776226991341, 36.165634349345794 ], [ 117.927686396410081, 36.165544517865271 ], [ 117.927686396410081, 36.165364854904169 ], [ 117.927776226991341, 36.165275023423646 ], [ 117.928584711215535, 36.165275023423646 ], [ 117.928764374176581, 36.165364854904169 ], [ 117.929213530679931, 36.165724180826317 ], [ 117.92930336305983, 36.165814013206216 ], [ 117.92930336305983, 36.165993676167261 ], [ 117.929123700098785, 36.165993676167261 ], [ 117.929033868618149, 36.166083506748464 ], [ 117.928944037137626, 36.166263169709566 ], [ 117.928764374176581, 36.166802158592816 ], [ 117.928764374176581, 36.167341149274648 ], [ 117.928764374176581, 36.167790305778055 ], [ 117.928764374176581, 36.168059801119 ], [ 117.928944037137626, 36.168239464080045 ], [ 117.929033868618149, 36.168329294661248 ], [ 117.929033867718886, 36.169137778885442 ], [ 117.928944037137626, 36.169317441846488 ], [ 117.928494878835636, 36.169317441846488 ], [ 117.92840504825449, 36.169227611265285 ], [ 117.92840504825449, 36.169137778885442 ], [ 117.928225385293331, 36.16904794830424 ], [ 117.927955889952386, 36.16895811592434 ], [ 117.92786605937124, 36.16895811592434 ], [ 117.927776226092078, 36.16904794830424 ], [ 117.927686396410081, 36.169137778885442 ], [ 117.927686396410081, 36.169227611265285 ], [ 117.927776226991341, 36.169407274226387 ], [ 117.92786605937124, 36.16949710480759 ], [ 117.928045722332286, 36.169586937187432 ], [ 117.928315215874591, 36.169676767768692 ], [ 117.929123700098785, 36.169676767768692 ] ] ] } },
{ "type": "Feature", "properties": { "PV_Area": 0.21728959392899999, "Inst_time": 20180702.0, "Inst_year": 2018, "Major_type": "Cropland", "Lat": 36.182209678900001, "Lon": 117.98858955199999, "Province": "山东", "Province_pinyin": "Shandong", "Province code": 37, "City": "淄博市", "City_pinyin": "Zibo", "City code": 3703, "County": "沂源县", "County_pinyin": "Yiyuan xian", "County code": 370323, "Township": "鲁村镇", "Township_pinyin": "lu cun zhen" }, "geometry": { "type": "Polygon", "coordinates": [ [ [ 117.988861667032324, 36.184948127554094 ], [ 117.988861667032324, 36.184858296972891 ], [ 117.988951497613584, 36.184768464592992 ], [ 117.989041329993483, 36.184768464592992 ], [ 117.989041329094107, 36.184948127554094 ], [ 117.988861667032324, 36.184948127554094 ], [ 117.988861667032324, 36.185127791414516 ], [ 117.988771834652539, 36.185127791414516 ], [ 117.988771834652539, 36.185217622895038 ], [ 117.988861667032324, 36.185307454375561 ], [ 117.989490487396097, 36.185307454375561 ], [ 117.989670150357256, 36.185217622895038 ], [ 117.990029476279346, 36.184858296972891 ], [ 117.990119307759869, 36.184768464592992 ], [ 117.990298970721028, 36.184678634011789 ], [ 117.990837959604164, 36.184588801631946 ], [ 117.991017622565323, 36.184498970151424 ], [ 117.991107454045846, 36.184409138670844 ], [ 117.991107454945109, 36.184139644229276 ], [ 117.991107454945109, 36.183959981268174 ], [ 117.990927791984063, 36.183870149787651 ], [ 117.990658296643119, 36.183690486826549 ], [ 117.990568465162596, 36.183600655346027 ], [ 117.990568466061973, 36.183420992384924 ], [ 117.990658297542495, 36.183331160904402 ], [ 117.990837959604164, 36.183331160904402 ], [ 117.990927791984063, 36.183241329423879 ], [ 117.991017622565323, 36.1831514979433 ], [ 117.991017622565323, 36.18216335075806 ], [ 117.990927791984063, 36.182073519277537 ], [ 117.990837959604164, 36.181983687797015 ], [ 117.990658296643119, 36.181983687797015 ], [ 117.990658296643119, 36.182073519277537 ], [ 117.990478633682073, 36.18216335075806 ], [ 117.990209139240392, 36.18216335075806 ], [ 117.989939644798824, 36.182073519277537 ], [ 117.989759981837778, 36.181893856316492 ], [ 117.989759982737041, 36.181534530394288 ], [ 117.989670151256519, 36.181444698014445 ], [ 117.989490487396097, 36.1812650350534 ], [ 117.98913116057463, 36.1812650350534 ], [ 117.989041329993483, 36.18117520357282 ], [ 117.989041330892746, 36.180995540611775 ], [ 117.98913116057463, 36.180366720248003 ], [ 117.989220992954529, 36.18027688876748 ], [ 117.990209139240392, 36.18027688876748 ], [ 117.990568466061973, 36.180636214689628 ], [ 117.990658296643119, 36.180815877650673 ], [ 117.990658296643119, 36.18117520357282 ], [ 117.990837959604164, 36.1812650350534 ], [ 117.990927791984063, 36.1812650350534 ], [ 117.991017623464586, 36.18117520357282 ], [ 117.991017622565323, 36.181085372092298 ], [ 117.990927791984063, 36.180905709131196 ], [ 117.990837959604164, 36.18072604617015 ], [ 117.990837959604164, 36.179917561945956 ], [ 117.99092779288344, 36.179827731364753 ], [ 117.991107454945109, 36.179737898984911 ], [ 117.991287117006891, 36.179648069303028 ], [ 117.991287117906268, 36.179468405442606 ], [ 117.991197286425745, 36.179378573062763 ], [ 117.991107455844485, 36.179288741582184 ], [ 117.990927791984063, 36.179288741582184 ], [ 117.990748129023018, 36.179378573062763 ], [ 117.990748129023018, 36.179468405442606 ], [ 117.990568466061973, 36.179558236023809 ], [ 117.990388803100814, 36.179558236023809 ], [ 117.990388803100814, 36.179019247140616 ], [ 117.990209139240392, 36.178839584179514 ], [ 117.989400655915574, 36.178839584179514 ], [ 117.98913116057463, 36.179109078621138 ], [ 117.989041329993483, 36.179198910101661 ], [ 117.989041329094107, 36.179378573062763 ], [ 117.988951497613584, 36.179468405442606 ], [ 117.988771834652539, 36.179558236023809 ], [ 117.988592170792117, 36.179558236023809 ], [ 117.98859217169138, 36.179468405442606 ], [ 117.988232845769289, 36.179468405442606 ], [ 117.987963351327608, 36.179558236023809 ], [ 117.987604025405517, 36.179737898984911 ], [ 117.987514193924994, 36.179917561945956 ], [ 117.987514193924994, 36.180187057286901 ], [ 117.987424362444472, 36.18027688876748 ], [ 117.98724469858405, 36.180366720248003 ], [ 117.986795541181323, 36.180366720248003 ], [ 117.986615878220277, 36.180456551728525 ], [ 117.986526046739755, 36.180546383209048 ], [ 117.986436215259232, 36.180636214689628 ], [ 117.986346383778596, 36.180815877650673 ], [ 117.986346382879333, 36.181354867433242 ], [ 117.98616672081755, 36.181804024835913 ], [ 117.985987057856505, 36.181983687797015 ], [ 117.9857175643142, 36.182073519277537 ], [ 117.985627731934301, 36.18216335075806 ], [ 117.985627731934301, 36.182522676680264 ], [ 117.98580739489546, 36.18270233964131 ], [ 117.986076889337028, 36.183061665563457 ], [ 117.98616672081755, 36.183331160904402 ], [ 117.986256552298073, 36.183690486826549 ], [ 117.986256552298073, 36.183870149787651 ], [ 117.986436215259232, 36.184049812748697 ], [ 117.9867057097008, 36.184139644229276 ], [ 117.987334530963949, 36.184139644229276 ], [ 117.987334530963949, 36.184319307190322 ], [ 117.98724469858405, 36.184409138670844 ], [ 117.987065035623004, 36.184409138670844 ], [ 117.986975204142368, 36.184498970151424 ], [ 117.986975204142368, 36.184768464592992 ], [ 117.987065035623004, 36.184858296972891 ], [ 117.98724469858405, 36.184858296073571 ], [ 117.987424362444472, 36.184768464592992 ], [ 117.98760402630478, 36.184588801631946 ], [ 117.987783688366562, 36.184498970151424 ], [ 117.988322678149189, 36.184229475709799 ], [ 117.988502341110234, 36.184229475709799 ], [ 117.98859217169138, 36.184319307190322 ], [ 117.988592170792117, 36.184498970151424 ], [ 117.98859217169138, 36.184768464592992 ], [ 117.988682004071279, 36.184858296972891 ], [ 117.988861667032324, 36.184948127554094 ] ], [ [ 117.98913116057463, 36.183959981268174 ], [ 117.98913116057463, 36.183690486826549 ], [ 117.989220992954529, 36.183600655346027 ], [ 117.989400655915574, 36.183600655346027 ], [ 117.989400655915574, 36.183780318307072 ], [ 117.989400655915574, 36.183870149787651 ], [ 117.989400655915574, 36.184049812748697 ], [ 117.989220992954529, 36.184049812748697 ], [ 117.98913116057463, 36.183959981268174 ] ] ] } },
{ "type": "Feature", "properties": { "PV_Area": 0.21728959392899999, "Inst_time": 20180702.0, "Inst_year": 2018, "Major_type": "Cropland", "Lat": 36.182209678900001, "Lon": 117.98858955199999, "Province": "山东", "Province_pinyin": "Shandong", "Province code": 37, "City": "淄博市", "City_pinyin": "Zibo", "City code": 3703, "County": "沂源县", "County_pinyin": "Yiyuan xian", "County code": 370323, "Township": "鲁村镇", "Township_pinyin": "lu cun zhen" }, "geometry": { "type": "Polygon", "coordinates": [ [ [ 117.988861667032324, 36.184948127554094 ], [ 117.988861667032324, 36.184858296972891 ], [ 117.988951497613584, 36.184768464592992 ], [ 117.989041329993483, 36.184768464592992 ], [ 117.989041329094107, 36.184948127554094 ], [ 117.988861667032324, 36.184948127554094 ], [ 117.988861667032324, 36.185127791414516 ], [ 117.988771834652539, 36.185127791414516 ], [ 117.988771834652539, 36.185217622895038 ], [ 117.988861667032324, 36.185307454375561 ], [ 117.989490487396097, 36.185307454375561 ], [ 117.989670150357256, 36.185217622895038 ], [ 117.990029476279346, 36.184858296972891 ], [ 117.990119307759869, 36.184768464592992 ], [ 117.990298970721028, 36.184678634011789 ], [ 117.990837959604164, 36.184588801631946 ], [ 117.991017622565323, 36.184498970151424 ], [ 117.991107454045846, 36.184409138670844 ], [ 117.991107454945109, 36.184139644229276 ], [ 117.991107454945109, 36.183959981268174 ], [ 117.990927791984063, 36.183870149787651 ], [ 117.990658296643119, 36.183690486826549 ], [ 117.990568465162596, 36.183600655346027 ], [ 117.990568466061973, 36.183420992384924 ], [ 117.990658297542495, 36.183331160904402 ], [ 117.990837959604164, 36.183331160904402 ], [ 117.990927791984063, 36.183241329423879 ], [ 117.991017622565323, 36.1831514979433 ], [ 117.991017622565323, 36.18216335075806 ], [ 117.990927791984063, 36.182073519277537 ], [ 117.990837959604164, 36.181983687797015 ], [ 117.990658296643119, 36.181983687797015 ], [ 117.990658296643119, 36.182073519277537 ], [ 117.990478633682073, 36.18216335075806 ], [ 117.990209139240392, 36.18216335075806 ], [ 117.989939644798824, 36.182073519277537 ], [ 117.989759981837778, 36.181893856316492 ], [ 117.989759982737041, 36.181534530394288 ], [ 117.989670151256519, 36.181444698014445 ], [ 117.989490487396097, 36.1812650350534 ], [ 117.98913116057463, 36.1812650350534 ], [ 117.989041329993483, 36.18117520357282 ], [ 117.989041330892746, 36.180995540611775 ], [ 117.98913116057463, 36.180366720248003 ], [ 117.989220992954529, 36.18027688876748 ], [ 117.990209139240392, 36.18027688876748 ], [ 117.990568466061973, 36.180636214689628 ], [ 117.990658296643119, 36.180815877650673 ], [ 117.990658296643119, 36.18117520357282 ], [ 117.990837959604164, 36.1812650350534 ], [ 117.990927791984063, 36.1812650350534 ], [ 117.991017623464586, 36.18117520357282 ], [ 117.991017622565323, 36.181085372092298 ], [ 117.990927791984063, 36.180905709131196 ], [ 117.990837959604164, 36.18072604617015 ], [ 117.990837959604164, 36.179917561945956 ], [ 117.99092779288344, 36.179827731364753 ], [ 117.991107454945109, 36.179737898984911 ], [ 117.991287117006891, 36.179648069303028 ], [ 117.991287117906268, 36.179468405442606 ], [ 117.991197286425745, 36.179378573062763 ], [ 117.991107455844485, 36.179288741582184 ], [ 117.990927791984063, 36.179288741582184 ], [ 117.990748129023018, 36.179378573062763 ], [ 117.990748129023018, 36.179468405442606 ], [ 117.990568466061973, 36.179558236023809 ], [ 117.990388803100814, 36.179558236023809 ], [ 117.990388803100814, 36.179019247140616 ], [ 117.990209139240392, 36.178839584179514 ], [ 117.989400655915574, 36.178839584179514 ], [ 117.98913116057463, 36.179109078621138 ], [ 117.989041329993483, 36.179198910101661 ], [ 117.989041329094107, 36.179378573062763 ], [ 117.988951497613584, 36.179468405442606 ], [ 117.988771834652539, 36.179558236023809 ], [ 117.988592170792117, 36.179558236023809 ], [ 117.98859217169138, 36.179468405442606 ], [ 117.988232845769289, 36.179468405442606 ], [ 117.987963351327608, 36.179558236023809 ], [ 117.987604025405517, 36.179737898984911 ], [ 117.987514193924994, 36.179917561945956 ], [ 117.987514193924994, 36.180187057286901 ], [ 117.987424362444472, 36.18027688876748 ], [ 117.98724469858405, 36.180366720248003 ], [ 117.986795541181323, 36.180366720248003 ], [ 117.986615878220277, 36.180456551728525 ], [ 117.986526046739755, 36.180546383209048 ], [ 117.986436215259232, 36.180636214689628 ], [ 117.986346383778596, 36.180815877650673 ], [ 117.986346382879333, 36.181354867433242 ], [ 117.98616672081755, 36.181804024835913 ], [ 117.985987057856505, 36.181983687797015 ], [ 117.9857175643142, 36.182073519277537 ], [ 117.985627731934301, 36.18216335075806 ], [ 117.985627731934301, 36.182522676680264 ], [ 117.98580739489546, 36.18270233964131 ], [ 117.986076889337028, 36.183061665563457 ], [ 117.98616672081755, 36.183331160904402 ], [ 117.986256552298073, 36.183690486826549 ], [ 117.986256552298073, 36.183870149787651 ], [ 117.986436215259232, 36.184049812748697 ], [ 117.9867057097008, 36.184139644229276 ], [ 117.987334530963949, 36.184139644229276 ], [ 117.987334530963949, 36.184319307190322 ], [ 117.98724469858405, 36.184409138670844 ], [ 117.987065035623004, 36.184409138670844 ], [ 117.986975204142368, 36.184498970151424 ], [ 117.986975204142368, 36.184768464592992 ], [ 117.987065035623004, 36.184858296972891 ], [ 117.98724469858405, 36.184858296073571 ], [ 117.987424362444472, 36.184768464592992 ], [ 117.98760402630478, 36.184588801631946 ], [ 117.987783688366562, 36.184498970151424 ], [ 117.988322678149189, 36.184229475709799 ], [ 117.988502341110234, 36.184229475709799 ], [ 117.98859217169138, 36.184319307190322 ], [ 117.988592170792117, 36.184498970151424 ], [ 117.98859217169138, 36.184768464592992 ], [ 117.988682004071279, 36.184858296972891 ], [ 117.988861667032324, 36.184948127554094 ] ], [ [ 117.98913116057463, 36.183959981268174 ], [ 117.98913116057463, 36.183690486826549 ], [ 117.989220992954529, 36.183600655346027 ], [ 117.989400655915574, 36.183600655346027 ], [ 117.989400655915574, 36.183780318307072 ], [ 117.989400655915574, 36.183870149787651 ], [ 117.989400655915574, 36.184049812748697 ], [ 117.989220992954529, 36.184049812748697 ], [ 117.98913116057463, 36.183959981268174 ] ] ] } },
{ "type": "Feature", "properties": { "PV_Area": 0.12464014675, "Inst_time": 20170207.0, "Inst_year": 2017, "Major_type": "Grassland", "Lat": 36.165631503999997, "Lon": 118.25648735599999, "Province": "山东", "Province_pinyin": "Shandong", "Province code": 37, "City": "淄博市", "City_pinyin": "Zibo", "City code": 3703, "County": "沂源县", "County_pinyin": "Yiyuan xian", "County code": 370323, "Township": "悦庄镇", "Township_pinyin": "yue zhuang zhen" }, "geometry": { "type": "Polygon", "coordinates": [ [ [ 118.257188442392817, 36.167430979855908 ], [ 118.257368105353862, 36.167251316894806 ], [ 118.257457936834385, 36.167161485414283 ], [ 118.25817658867868, 36.166532665050511 ], [ 118.258356251639725, 36.166442832670668 ], [ 118.259164736763296, 36.166442832670668 ], [ 118.259164735863919, 36.166532665050511 ], [ 118.259613893266646, 36.166532665050511 ], [ 118.259703723847792, 36.166442833569988 ], [ 118.259703724747169, 36.166173339128363 ], [ 118.259793556227692, 36.166083506748464 ], [ 118.259883387708214, 36.165993676167261 ], [ 118.26006305066926, 36.165903843787419 ], [ 118.260242713630419, 36.165814013206216 ], [ 118.260422376591464, 36.165814013206216 ], [ 118.260512208071987, 36.165724180826317 ], [ 118.260602039552509, 36.165544517865271 ], [ 118.260602039552509, 36.165364854904169 ], [ 118.260512208071987, 36.165185191943124 ], [ 118.260422376591464, 36.165005528982022 ], [ 118.260332545110941, 36.164915696602179 ], [ 118.260152881250519, 36.164825866020976 ], [ 118.259524061786124, 36.164825866020976 ], [ 118.259524061786124, 36.164915696602179 ], [ 118.258625746081407, 36.164915696602179 ], [ 118.258266420159202, 36.164915696602179 ], [ 118.257637598896167, 36.164915696602179 ], [ 118.2572782720747, 36.165185191943124 ], [ 118.25718844329208, 36.165275023423646 ], [ 118.255751136905474, 36.165275023423646 ], [ 118.255212148022224, 36.165364854904169 ], [ 118.254852822100133, 36.165544517865271 ], [ 118.254762990619611, 36.165634349345794 ], [ 118.254583327658452, 36.165634349345794 ], [ 118.254493497077306, 36.165454686384749 ], [ 118.254493496177929, 36.165275023423646 ], [ 118.254583326759189, 36.165185191943124 ], [ 118.254583327658452, 36.165005528982022 ], [ 118.254493496177929, 36.164915696602179 ], [ 118.254134169356462, 36.164915696602179 ], [ 118.254134170255838, 36.164286877137727 ], [ 118.253685011953849, 36.163747887355157 ], [ 118.25350534899269, 36.163658055874635 ], [ 118.253325686031644, 36.163568224394112 ], [ 118.25296636010944, 36.163478392913532 ], [ 118.252427371226304, 36.16338856143301 ], [ 118.251798549963155, 36.163298729952487 ], [ 118.25054090923561, 36.163298729952487 ], [ 118.25054090923561, 36.163568224394112 ], [ 118.25063073981687, 36.163658055874635 ], [ 118.250810402777915, 36.163747887355157 ], [ 118.251888382343054, 36.163747887355157 ], [ 118.252607034187349, 36.163837719735056 ], [ 118.252786697148395, 36.163927550316259 ], [ 118.25296636010944, 36.164017381796782 ], [ 118.253146023070599, 36.164107213277305 ], [ 118.253325686031644, 36.164197044757884 ], [ 118.253595181372589, 36.16437670771893 ], [ 118.253685011953849, 36.164556370680032 ], [ 118.253685011953849, 36.165005528982022 ], [ 118.254044337875939, 36.165185191943124 ], [ 118.254224000836984, 36.165275023423646 ], [ 118.254224000836984, 36.165544517865271 ], [ 118.254134170255838, 36.165634350245114 ], [ 118.254134170255838, 36.165903843787419 ], [ 118.254134170255838, 36.166442832670668 ], [ 118.254223999937722, 36.166532665050511 ], [ 118.254313833216884, 36.166622495631714 ], [ 118.254762991518874, 36.166712327112236 ], [ 118.254942653580656, 36.166891990972658 ], [ 118.2553019813015, 36.166981821553861 ], [ 118.256020632246418, 36.166981821553861 ], [ 118.256200295207464, 36.16707165393376 ], [ 118.2562901266881, 36.167161485414283 ], [ 118.256379958168623, 36.167251316894806 ], [ 118.256379958168623, 36.167341149274648 ], [ 118.256559621129668, 36.167430979855908 ], [ 118.257188442392817, 36.167430979855908 ] ] ] } },
{ "type": "Feature", "properties": { "PV_Area": 0.12464014675, "Inst_time": 20170207.0, "Inst_year": 2017, "Major_type": "Grassland", "Lat": 36.165631503999997, "Lon": 118.25648735599999, "Province": "山东", "Province_pinyin": "Shandong", "Province code": 37, "City": "淄博市", "City_pinyin": "Zibo", "City code": 3703, "County": "沂源县", "County_pinyin": "Yiyuan xian", "County code": 370323, "Township": "悦庄镇", "Township_pinyin": "yue zhuang zhen" }, "geometry": { "type": "Polygon", "coordinates": [ [ [ 118.257188442392817, 36.167430979855908 ], [ 118.257368105353862, 36.167251316894806 ], [ 118.257457936834385, 36.167161485414283 ], [ 118.25817658867868, 36.166532665050511 ], [ 118.258356251639725, 36.166442832670668 ], [ 118.259164736763296, 36.166442832670668 ], [ 118.259164735863919, 36.166532665050511 ], [ 118.259613893266646, 36.166532665050511 ], [ 118.259703723847792, 36.166442833569988 ], [ 118.259703724747169, 36.166173339128363 ], [ 118.259793556227692, 36.166083506748464 ], [ 118.259883387708214, 36.165993676167261 ], [ 118.26006305066926, 36.165903843787419 ], [ 118.260242713630419, 36.165814013206216 ], [ 118.260422376591464, 36.165814013206216 ], [ 118.260512208071987, 36.165724180826317 ], [ 118.260602039552509, 36.165544517865271 ], [ 118.260602039552509, 36.165364854904169 ], [ 118.260512208071987, 36.165185191943124 ], [ 118.260422376591464, 36.165005528982022 ], [ 118.260332545110941, 36.164915696602179 ], [ 118.260152881250519, 36.164825866020976 ], [ 118.259524061786124, 36.164825866020976 ], [ 118.259524061786124, 36.164915696602179 ], [ 118.258625746081407, 36.164915696602179 ], [ 118.258266420159202, 36.164915696602179 ], [ 118.257637598896167, 36.164915696602179 ], [ 118.2572782720747, 36.165185191943124 ], [ 118.25718844329208, 36.165275023423646 ], [ 118.255751136905474, 36.165275023423646 ], [ 118.255212148022224, 36.165364854904169 ], [ 118.254852822100133, 36.165544517865271 ], [ 118.254762990619611, 36.165634349345794 ], [ 118.254583327658452, 36.165634349345794 ], [ 118.254493497077306, 36.165454686384749 ], [ 118.254493496177929, 36.165275023423646 ], [ 118.254583326759189, 36.165185191943124 ], [ 118.254583327658452, 36.165005528982022 ], [ 118.254493496177929, 36.164915696602179 ], [ 118.254134169356462, 36.164915696602179 ], [ 118.254134170255838, 36.164286877137727 ], [ 118.253685011953849, 36.163747887355157 ], [ 118.25350534899269, 36.163658055874635 ], [ 118.253325686031644, 36.163568224394112 ], [ 118.25296636010944, 36.163478392913532 ], [ 118.252427371226304, 36.16338856143301 ], [ 118.251798549963155, 36.163298729952487 ], [ 118.25054090923561, 36.163298729952487 ], [ 118.25054090923561, 36.163568224394112 ], [ 118.25063073981687, 36.163658055874635 ], [ 118.250810402777915, 36.163747887355157 ], [ 118.251888382343054, 36.163747887355157 ], [ 118.252607034187349, 36.163837719735056 ], [ 118.252786697148395, 36.163927550316259 ], [ 118.25296636010944, 36.164017381796782 ], [ 118.253146023070599, 36.164107213277305 ], [ 118.253325686031644, 36.164197044757884 ], [ 118.253595181372589, 36.16437670771893 ], [ 118.253685011953849, 36.164556370680032 ], [ 118.253685011953849, 36.165005528982022 ], [ 118.254044337875939, 36.165185191943124 ], [ 118.254224000836984, 36.165275023423646 ], [ 118.254224000836984, 36.165544517865271 ], [ 118.254134170255838, 36.165634350245114 ], [ 118.254134170255838, 36.165903843787419 ], [ 118.254134170255838, 36.166442832670668 ], [ 118.254223999937722, 36.166532665050511 ], [ 118.254313833216884, 36.166622495631714 ], [ 118.254762991518874, 36.166712327112236 ], [ 118.254942653580656, 36.166891990972658 ], [ 118.2553019813015, 36.166981821553861 ], [ 118.256020632246418, 36.166981821553861 ], [ 118.256200295207464, 36.16707165393376 ], [ 118.2562901266881, 36.167161485414283 ], [ 118.256379958168623, 36.167251316894806 ], [ 118.256379958168623, 36.167341149274648 ], [ 118.256559621129668, 36.167430979855908 ], [ 118.257188442392817, 36.167430979855908 ] ] ] } },
{ "type": "Feature", "properties": { "PV_Area": 0.12464014675, "Inst_time": 20170207.0, "Inst_year": 2017, "Major_type": "Grassland", "Lat": 36.165631503999997, "Lon": 118.25648735599999, "Province": "山东", "Province_pinyin": "Shandong", "Province code": 37, "City": "淄博市", "City_pinyin": "Zibo", "City code": 3703, "County": "沂源县", "County_pinyin": "Yiyuan xian", "County code": 370323, "Township": "悦庄镇", "Township_pinyin": "yue zhuang zhen" }, "geometry": { "type": "Polygon", "coordinates": [ [ [ 118.257188442392817, 36.167430979855908 ], [ 118.257368105353862, 36.167251316894806 ], [ 118.257457936834385, 36.167161485414283 ], [ 118.25817658867868, 36.166532665050511 ], [ 118.258356251639725, 36.166442832670668 ], [ 118.259164736763296, 36.166442832670668 ], [ 118.259164735863919, 36.166532665050511 ], [ 118.259613893266646, 36.166532665050511 ], [ 118.259703723847792, 36.166442833569988 ], [ 118.259703724747169, 36.166173339128363 ], [ 118.259793556227692, 36.166083506748464 ], [ 118.259883387708214, 36.165993676167261 ], [ 118.26006305066926, 36.165903843787419 ], [ 118.260242713630419, 36.165814013206216 ], [ 118.260422376591464, 36.165814013206216 ], [ 118.260512208071987, 36.165724180826317 ], [ 118.260602039552509, 36.165544517865271 ], [ 118.260602039552509, 36.165364854904169 ], [ 118.260512208071987, 36.165185191943124 ], [ 118.260422376591464, 36.165005528982022 ], [ 118.260332545110941, 36.164915696602179 ], [ 118.260152881250519, 36.164825866020976 ], [ 118.259524061786124, 36.164825866020976 ], [ 118.259524061786124, 36.164915696602179 ], [ 118.258625746081407, 36.164915696602179 ], [ 118.258266420159202, 36.164915696602179 ], [ 118.257637598896167, 36.164915696602179 ], [ 118.2572782720747, 36.165185191943124 ], [ 118.25718844329208, 36.165275023423646 ], [ 118.255751136905474, 36.165275023423646 ], [ 118.255212148022224, 36.165364854904169 ], [ 118.254852822100133, 36.165544517865271 ], [ 118.254762990619611, 36.165634349345794 ], [ 118.254583327658452, 36.165634349345794 ], [ 118.254493497077306, 36.165454686384749 ], [ 118.254493496177929, 36.165275023423646 ], [ 118.254583326759189, 36.165185191943124 ], [ 118.254583327658452, 36.165005528982022 ], [ 118.254493496177929, 36.164915696602179 ], [ 118.254134169356462, 36.164915696602179 ], [ 118.254134170255838, 36.164286877137727 ], [ 118.253685011953849, 36.163747887355157 ], [ 118.25350534899269, 36.163658055874635 ], [ 118.253325686031644, 36.163568224394112 ], [ 118.25296636010944, 36.163478392913532 ], [ 118.252427371226304, 36.16338856143301 ], [ 118.251798549963155, 36.163298729952487 ], [ 118.25054090923561, 36.163298729952487 ], [ 118.25054090923561, 36.163568224394112 ], [ 118.25063073981687, 36.163658055874635 ], [ 118.250810402777915, 36.163747887355157 ], [ 118.251888382343054, 36.163747887355157 ], [ 118.252607034187349, 36.163837719735056 ], [ 118.252786697148395, 36.163927550316259 ], [ 118.25296636010944, 36.164017381796782 ], [ 118.253146023070599, 36.164107213277305 ], [ 118.253325686031644, 36.164197044757884 ], [ 118.253595181372589, 36.16437670771893 ], [ 118.253685011953849, 36.164556370680032 ], [ 118.253685011953849, 36.165005528982022 ], [ 118.254044337875939, 36.165185191943124 ], [ 118.254224000836984, 36.165275023423646 ], [ 118.254224000836984, 36.165544517865271 ], [ 118.254134170255838, 36.165634350245114 ], [ 118.254134170255838, 36.165903843787419 ], [ 118.254134170255838, 36.166442832670668 ], [ 118.254223999937722, 36.166532665050511 ], [ 118.254313833216884, 36.166622495631714 ], [ 118.254762991518874, 36.166712327112236 ], [ 118.254942653580656, 36.166891990972658 ], [ 118.2553019813015, 36.166981821553861 ], [ 118.256020632246418, 36.166981821553861 ], [ 118.256200295207464, 36.16707165393376 ], [ 118.2562901266881, 36.167161485414283 ], [ 118.256379958168623, 36.167251316894806 ], [ 118.256379958168623, 36.167341149274648 ], [ 118.256559621129668, 36.167430979855908 ], [ 118.257188442392817, 36.167430979855908 ] ] ] } },
{ "type": "Feature", "properties": { "PV_Area": 0.0033040559602499999, "Inst_time": 20160826.0, "Inst_year": 2016, "Major_type": "Grassland", "Lat": 36.148011302199997, "Lon": 118.24962689100001, "Province": "山东", "Province_pinyin": "Shandong", "Province code": 37, "City": "淄博市", "City_pinyin": "Zibo", "City code": 3703, "County": "沂源县", "County_pinyin": "Yiyuan xian", "County code": 370323, "Township": "悦庄镇", "Township_pinyin": "yue zhuang zhen" }, "geometry": { "type": "Polygon", "coordinates": [ [ [ 118.249822257391315, 36.148296863709334 ], [ 118.249912087972575, 36.148207033128131 ], [ 118.249912087972575, 36.147757874826141 ], [ 118.249822257391315, 36.147668044244881 ], [ 118.24964259443027, 36.147668044244881 ], [ 118.249462929670585, 36.147757874826141 ], [ 118.249462929670585, 36.147847707205983 ], [ 118.249373099089325, 36.147937537787186 ], [ 118.249283266709426, 36.147937537787186 ], [ 118.249283266709426, 36.148207033128131 ], [ 118.249373099089325, 36.148296863709334 ], [ 118.249822257391315, 36.148296863709334 ] ] ] } },
{ "type": "Feature", "properties": { "PV_Area": 0.0033040559602499999, "Inst_time": 20160826.0, "Inst_year": 2016, "Major_type": "Grassland", "Lat": 36.148011302199997, "Lon": 118.24962689100001, "Province": "山东", "Province_pinyin": "Shandong", "Province code": 37, "City": "淄博市", "City_pinyin": "Zibo", "City code": 3703, "County": "沂源县", "County_pinyin": "Yiyuan xian", "County code": 370323, "Township": "悦庄镇", "Township_pinyin": "yue zhuang zhen" }, "geometry": { "type": "Polygon", "coordinates": [ [ [ 118.249822257391315, 36.148296863709334 ], [ 118.249912087972575, 36.148207033128131 ], [ 118.249912087972575, 36.147757874826141 ], [ 118.249822257391315, 36.147668044244881 ], [ 118.24964259443027, 36.147668044244881 ], [ 118.249462929670585, 36.147757874826141 ], [ 118.249462929670585, 36.147847707205983 ], [ 118.249373099089325, 36.147937537787186 ], [ 118.249283266709426, 36.147937537787186 ], [ 118.249283266709426, 36.148207033128131 ], [ 118.249373099089325, 36.148296863709334 ], [ 118.249822257391315, 36.148296863709334 ] ] ] } },
{ "type": "Feature", "properties": { "PV_Area": 0.0033040559602499999, "Inst_time": 20160826.0, "Inst_year": 2016, "Major_type": "Grassland", "Lat": 36.148011302199997, "Lon": 118.24962689100001, "Province": "山东", "Province_pinyin": "Shandong", "Province code": 37, "City": "淄博市", "City_pinyin": "Zibo", "City code": 3703, "County": "沂源县", "County_pinyin": "Yiyuan xian", "County code": 370323, "Township": "悦庄镇", "Township_pinyin": "yue zhuang zhen" }, "geometry": { "type": "Polygon", "coordinates": [ [ [ 118.249822257391315, 36.148296863709334 ], [ 118.249912087972575, 36.148207033128131 ], [ 118.249912087972575, 36.147757874826141 ], [ 118.249822257391315, 36.147668044244881 ], [ 118.24964259443027, 36.147668044244881 ], [ 118.249462929670585, 36.147757874826141 ], [ 118.249462929670585, 36.147847707205983 ], [ 118.249373099089325, 36.147937537787186 ], [ 118.249283266709426, 36.147937537787186 ], [ 118.249283266709426, 36.148207033128131 ], [ 118.249373099089325, 36.148296863709334 ], [ 118.249822257391315, 36.148296863709334 ] ] ] } },
{ "type": "Feature", "properties": { "PV_Area": 0.102628836046, "Inst_time": 20170809.0, "Inst_year": 2017, "Major_type": "Grassland", "Lat": 36.146805068799999, "Lon": 118.252847184, "Province": "山东", "Province_pinyin": "Shandong", "Province code": 37, "City": "淄博市", "City_pinyin": "Zibo", "City code": 3703, "County": "沂源县", "County_pinyin": "Yiyuan xian", "County code": 370323, "Township": "悦庄镇", "Township_pinyin": "yue zhuang zhen" }, "geometry": { "type": "Polygon", "coordinates": [ [ [ 118.251259561079905, 36.1487460229107 ], [ 118.25152905642085, 36.148566359050278 ], [ 118.2520680453041, 36.148476528469075 ], [ 118.252247708265145, 36.148386696988553 ], [ 118.252337538846405, 36.148296863709334 ], [ 118.252337539745781, 36.148027370167028 ], [ 118.252247708265145, 36.147937537787186 ], [ 118.2520680453041, 36.147937537787186 ], [ 118.2519782129242, 36.147847708105303 ], [ 118.2519782129242, 36.147488382183155 ], [ 118.2520680453041, 36.147398548903936 ], [ 118.252157875885359, 36.147308718322734 ], [ 118.252337538846405, 36.147308718322734 ], [ 118.252427371226304, 36.147398548903936 ], [ 118.252427371226304, 36.147757875725461 ], [ 118.25251720180745, 36.147937537787186 ], [ 118.252696865667872, 36.148027370167028 ], [ 118.253146023070599, 36.148027370167028 ], [ 118.253325686031644, 36.147847708105303 ], [ 118.253685011953849, 36.147668044244881 ], [ 118.253864674914894, 36.147578211865039 ], [ 118.254044337875939, 36.147488382183155 ], [ 118.254583327658452, 36.147488382183155 ], [ 118.254852822100133, 36.147578211865039 ], [ 118.255571473944428, 36.147668044244881 ], [ 118.255751136905474, 36.147757875725461 ], [ 118.256649452610191, 36.147757875725461 ], [ 118.256649453509567, 36.147398548903936 ], [ 118.2562901266881, 36.147218886842211 ], [ 118.255661306324328, 36.147218886842211 ], [ 118.255661306324328, 36.147308718322734 ], [ 118.255391810983383, 36.147308718322734 ], [ 118.255301980402123, 36.147218886842211 ], [ 118.255301980402123, 36.14676973033886 ], [ 118.255391810983383, 36.14676973033886 ], [ 118.255391810983383, 36.146590065579119 ], [ 118.255212148022224, 36.146410401718697 ], [ 118.255122318340341, 36.146320571137494 ], [ 118.254852822100133, 36.146230739656971 ], [ 118.254673160038351, 36.146140909075768 ], [ 118.254493495278666, 36.146051075796549 ], [ 118.253954507294793, 36.146051075796549 ], [ 118.253954507294793, 36.146140909075768 ], [ 118.253685011953849, 36.146140909075768 ], [ 118.253595181372589, 36.146051075796549 ], [ 118.253595181372589, 36.145512087812676 ], [ 118.25350534899269, 36.145422256332097 ], [ 118.253325686931021, 36.145332423952254 ], [ 118.252786697148395, 36.145332423952254 ], [ 118.252696865667872, 36.145242594270371 ], [ 118.252696865667872, 36.145152760991152 ], [ 118.252427371226304, 36.145152760991152 ], [ 118.252337539745781, 36.145242594270371 ], [ 118.252337539745781, 36.145422256332097 ], [ 118.252517200908187, 36.145691749874402 ], [ 118.252607034187349, 36.145961245215346 ], [ 118.252607034187349, 36.146230739656971 ], [ 118.252427371226304, 36.146410401718697 ], [ 118.252247709164521, 36.146410401718697 ], [ 118.252157874985983, 36.146320571137494 ], [ 118.251708719382009, 36.146051075796549 ], [ 118.25161888700211, 36.145961245215346 ], [ 118.25152905642085, 36.145871413734824 ], [ 118.25152905642085, 36.145691749874402 ], [ 118.251708719382009, 36.145242594270371 ], [ 118.251888382343054, 36.144883266549584 ], [ 118.251888381443678, 36.144793435069005 ], [ 118.251798549963155, 36.144703601789843 ], [ 118.251529055521587, 36.144703601789843 ], [ 118.25116972870012, 36.144973098929427 ], [ 118.25107989811886, 36.14506292861131 ], [ 118.250990065738961, 36.145152760991152 ], [ 118.250900235157815, 36.145332423952254 ], [ 118.25063073981687, 36.145601920192519 ], [ 118.25054090923561, 36.145691749874402 ], [ 118.250451076855825, 36.145781582254244 ], [ 118.250361246274565, 36.145871413734824 ], [ 118.250361246274565, 36.146051075796549 ], [ 118.250451077755088, 36.146140909075768 ], [ 118.25054090923561, 36.146500234997916 ], [ 118.250540908336347, 36.146949392400586 ], [ 118.25063073981687, 36.147039222981789 ], [ 118.250900235157815, 36.147039222981789 ], [ 118.250990066638337, 36.146949392400586 ], [ 118.251079899018237, 36.146679897059641 ], [ 118.251169729599383, 36.146590065579119 ], [ 118.251349392560428, 36.146590065579119 ], [ 118.251439224041064, 36.146679897059641 ], [ 118.251439224041064, 36.147578211865039 ], [ 118.25152905642085, 36.147757875725461 ], [ 118.25161888700211, 36.147847709004623 ], [ 118.251798549963155, 36.147847708105303 ], [ 118.251888382343054, 36.147937537787186 ], [ 118.251888382343054, 36.148027370167028 ], [ 118.251708719382009, 36.148207033128131 ], [ 118.250990065738961, 36.148296863709334 ], [ 118.250810402777915, 36.148296863709334 ], [ 118.25054090923561, 36.148207033128131 ], [ 118.250271413894666, 36.14820703402745 ], [ 118.25009175093362, 36.148296863709334 ], [ 118.25009175093362, 36.148476528469075 ], [ 118.250271414794042, 36.148656191430121 ], [ 118.250810402777915, 36.1487460229107 ], [ 118.251259561079905, 36.1487460229107 ] ] ] } },
{ "type": "Feature", "properties": { "PV_Area": 0.102628836046, "Inst_time": 20170809.0, "Inst_year": 2017, "Major_type": "Grassland", "Lat": 36.146805068799999, "Lon": 118.252847184, "Province": "山东", "Province_pinyin": "Shandong", "Province code": 37, "City": "淄博市", "City_pinyin": "Zibo", "City code": 3703, "County": "沂源县", "County_pinyin": "Yiyuan xian", "County code": 370323, "Township": "悦庄镇", "Township_pinyin": "yue zhuang zhen" }, "geometry": { "type": "Polygon", "coordinates": [ [ [ 118.251259561079905, 36.1487460229107 ], [ 118.25152905642085, 36.148566359050278 ], [ 118.2520680453041, 36.148476528469075 ], [ 118.252247708265145, 36.148386696988553 ], [ 118.252337538846405, 36.148296863709334 ], [ 118.252337539745781, 36.148027370167028 ], [ 118.252247708265145, 36.147937537787186 ], [ 118.2520680453041, 36.147937537787186 ], [ 118.2519782129242, 36.147847708105303 ], [ 118.2519782129242, 36.147488382183155 ], [ 118.2520680453041, 36.147398548903936 ], [ 118.252157875885359, 36.147308718322734 ], [ 118.252337538846405, 36.147308718322734 ], [ 118.252427371226304, 36.147398548903936 ], [ 118.252427371226304, 36.147757875725461 ], [ 118.25251720180745, 36.147937537787186 ], [ 118.252696865667872, 36.148027370167028 ], [ 118.253146023070599, 36.148027370167028 ], [ 118.253325686031644, 36.147847708105303 ], [ 118.253685011953849, 36.147668044244881 ], [ 118.253864674914894, 36.147578211865039 ], [ 118.254044337875939, 36.147488382183155 ], [ 118.254583327658452, 36.147488382183155 ], [ 118.254852822100133, 36.147578211865039 ], [ 118.255571473944428, 36.147668044244881 ], [ 118.255751136905474, 36.147757875725461 ], [ 118.256649452610191, 36.147757875725461 ], [ 118.256649453509567, 36.147398548903936 ], [ 118.2562901266881, 36.147218886842211 ], [ 118.255661306324328, 36.147218886842211 ], [ 118.255661306324328, 36.147308718322734 ], [ 118.255391810983383, 36.147308718322734 ], [ 118.255301980402123, 36.147218886842211 ], [ 118.255301980402123, 36.14676973033886 ], [ 118.255391810983383, 36.14676973033886 ], [ 118.255391810983383, 36.146590065579119 ], [ 118.255212148022224, 36.146410401718697 ], [ 118.255122318340341, 36.146320571137494 ], [ 118.254852822100133, 36.146230739656971 ], [ 118.254673160038351, 36.146140909075768 ], [ 118.254493495278666, 36.146051075796549 ], [ 118.253954507294793, 36.146051075796549 ], [ 118.253954507294793, 36.146140909075768 ], [ 118.253685011953849, 36.146140909075768 ], [ 118.253595181372589, 36.146051075796549 ], [ 118.253595181372589, 36.145512087812676 ], [ 118.25350534899269, 36.145422256332097 ], [ 118.253325686931021, 36.145332423952254 ], [ 118.252786697148395, 36.145332423952254 ], [ 118.252696865667872, 36.145242594270371 ], [ 118.252696865667872, 36.145152760991152 ], [ 118.252427371226304, 36.145152760991152 ], [ 118.252337539745781, 36.145242594270371 ], [ 118.252337539745781, 36.145422256332097 ], [ 118.252517200908187, 36.145691749874402 ], [ 118.252607034187349, 36.145961245215346 ], [ 118.252607034187349, 36.146230739656971 ], [ 118.252427371226304, 36.146410401718697 ], [ 118.252247709164521, 36.146410401718697 ], [ 118.252157874985983, 36.146320571137494 ], [ 118.251708719382009, 36.146051075796549 ], [ 118.25161888700211, 36.145961245215346 ], [ 118.25152905642085, 36.145871413734824 ], [ 118.25152905642085, 36.145691749874402 ], [ 118.251708719382009, 36.145242594270371 ], [ 118.251888382343054, 36.144883266549584 ], [ 118.251888381443678, 36.144793435069005 ], [ 118.251798549963155, 36.144703601789843 ], [ 118.251529055521587, 36.144703601789843 ], [ 118.25116972870012, 36.144973098929427 ], [ 118.25107989811886, 36.14506292861131 ], [ 118.250990065738961, 36.145152760991152 ], [ 118.250900235157815, 36.145332423952254 ], [ 118.25063073981687, 36.145601920192519 ], [ 118.25054090923561, 36.145691749874402 ], [ 118.250451076855825, 36.145781582254244 ], [ 118.250361246274565, 36.145871413734824 ], [ 118.250361246274565, 36.146051075796549 ], [ 118.250451077755088, 36.146140909075768 ], [ 118.25054090923561, 36.146500234997916 ], [ 118.250540908336347, 36.146949392400586 ], [ 118.25063073981687, 36.147039222981789 ], [ 118.250900235157815, 36.147039222981789 ], [ 118.250990066638337, 36.146949392400586 ], [ 118.251079899018237, 36.146679897059641 ], [ 118.251169729599383, 36.146590065579119 ], [ 118.251349392560428, 36.146590065579119 ], [ 118.251439224041064, 36.146679897059641 ], [ 118.251439224041064, 36.147578211865039 ], [ 118.25152905642085, 36.147757875725461 ], [ 118.25161888700211, 36.147847709004623 ], [ 118.251798549963155, 36.147847708105303 ], [ 118.251888382343054, 36.147937537787186 ], [ 118.251888382343054, 36.148027370167028 ], [ 118.251708719382009, 36.148207033128131 ], [ 118.250990065738961, 36.148296863709334 ], [ 118.250810402777915, 36.148296863709334 ], [ 118.25054090923561, 36.148207033128131 ], [ 118.250271413894666, 36.14820703402745 ], [ 118.25009175093362, 36.148296863709334 ], [ 118.25009175093362, 36.148476528469075 ], [ 118.250271414794042, 36.148656191430121 ], [ 118.250810402777915, 36.1487460229107 ], [ 118.251259561079905, 36.1487460229107 ] ] ] } },
{ "type": "Feature", "properties": { "PV_Area": 0.102628836046, "Inst_time": 20170809.0, "Inst_year": 2017, "Major_type": "Grassland", "Lat": 36.146805068799999, "Lon": 118.252847184, "Province": "山东", "Province_pinyin": "Shandong", "Province code": 37, "City": "淄博市", "City_pinyin": "Zibo", "City code": 3703, "County": "沂源县", "County_pinyin": "Yiyuan xian", "County code": 370323, "Township": "悦庄镇", "Township_pinyin": "yue zhuang zhen" }, "geometry": { "type": "Polygon", "coordinates": [ [ [ 118.251259561079905, 36.1487460229107 ], [ 118.25152905642085, 36.148566359050278 ], [ 118.2520680453041, 36.148476528469075 ], [ 118.252247708265145, 36.148386696988553 ], [ 118.252337538846405, 36.148296863709334 ], [ 118.252337539745781, 36.148027370167028 ], [ 118.252247708265145, 36.147937537787186 ], [ 118.2520680453041, 36.147937537787186 ], [ 118.2519782129242, 36.147847708105303 ], [ 118.2519782129242, 36.147488382183155 ], [ 118.2520680453041, 36.147398548903936 ], [ 118.252157875885359, 36.147308718322734 ], [ 118.252337538846405, 36.147308718322734 ], [ 118.252427371226304, 36.147398548903936 ], [ 118.252427371226304, 36.147757875725461 ], [ 118.25251720180745, 36.147937537787186 ], [ 118.252696865667872, 36.148027370167028 ], [ 118.253146023070599, 36.148027370167028 ], [ 118.253325686031644, 36.147847708105303 ], [ 118.253685011953849, 36.147668044244881 ], [ 118.253864674914894, 36.147578211865039 ], [ 118.254044337875939, 36.147488382183155 ], [ 118.254583327658452, 36.147488382183155 ], [ 118.254852822100133, 36.147578211865039 ], [ 118.255571473944428, 36.147668044244881 ], [ 118.255751136905474, 36.147757875725461 ], [ 118.256649452610191, 36.147757875725461 ], [ 118.256649453509567, 36.147398548903936 ], [ 118.2562901266881, 36.147218886842211 ], [ 118.255661306324328, 36.147218886842211 ], [ 118.255661306324328, 36.147308718322734 ], [ 118.255391810983383, 36.147308718322734 ], [ 118.255301980402123, 36.147218886842211 ], [ 118.255301980402123, 36.14676973033886 ], [ 118.255391810983383, 36.14676973033886 ], [ 118.255391810983383, 36.146590065579119 ], [ 118.255212148022224, 36.146410401718697 ], [ 118.255122318340341, 36.146320571137494 ], [ 118.254852822100133, 36.146230739656971 ], [ 118.254673160038351, 36.146140909075768 ], [ 118.254493495278666, 36.146051075796549 ], [ 118.253954507294793, 36.146051075796549 ], [ 118.253954507294793, 36.146140909075768 ], [ 118.253685011953849, 36.146140909075768 ], [ 118.253595181372589, 36.146051075796549 ], [ 118.253595181372589, 36.145512087812676 ], [ 118.25350534899269, 36.145422256332097 ], [ 118.253325686931021, 36.145332423952254 ], [ 118.252786697148395, 36.145332423952254 ], [ 118.252696865667872, 36.145242594270371 ], [ 118.252696865667872, 36.145152760991152 ], [ 118.252427371226304, 36.145152760991152 ], [ 118.252337539745781, 36.145242594270371 ], [ 118.252337539745781, 36.145422256332097 ], [ 118.252517200908187, 36.145691749874402 ], [ 118.252607034187349, 36.145961245215346 ], [ 118.252607034187349, 36.146230739656971 ], [ 118.252427371226304, 36.146410401718697 ], [ 118.252247709164521, 36.146410401718697 ], [ 118.252157874985983, 36.146320571137494 ], [ 118.251708719382009, 36.146051075796549 ], [ 118.25161888700211, 36.145961245215346 ], [ 118.25152905642085, 36.145871413734824 ], [ 118.25152905642085, 36.145691749874402 ], [ 118.251708719382009, 36.145242594270371 ], [ 118.251888382343054, 36.144883266549584 ], [ 118.251888381443678, 36.144793435069005 ], [ 118.251798549963155, 36.144703601789843 ], [ 118.251529055521587, 36.144703601789843 ], [ 118.25116972870012, 36.144973098929427 ], [ 118.25107989811886, 36.14506292861131 ], [ 118.250990065738961, 36.145152760991152 ], [ 118.250900235157815, 36.145332423952254 ], [ 118.25063073981687, 36.145601920192519 ], [ 118.25054090923561, 36.145691749874402 ], [ 118.250451076855825, 36.145781582254244 ], [ 118.250361246274565, 36.145871413734824 ], [ 118.250361246274565, 36.146051075796549 ], [ 118.250451077755088, 36.146140909075768 ], [ 118.25054090923561, 36.146500234997916 ], [ 118.250540908336347, 36.146949392400586 ], [ 118.25063073981687, 36.147039222981789 ], [ 118.250900235157815, 36.147039222981789 ], [ 118.250990066638337, 36.146949392400586 ], [ 118.251079899018237, 36.146679897059641 ], [ 118.251169729599383, 36.146590065579119 ], [ 118.251349392560428, 36.146590065579119 ], [ 118.251439224041064, 36.146679897059641 ], [ 118.251439224041064, 36.147578211865039 ], [ 118.25152905642085, 36.147757875725461 ], [ 118.25161888700211, 36.147847709004623 ], [ 118.251798549963155, 36.147847708105303 ], [ 118.251888382343054, 36.147937537787186 ], [ 118.251888382343054, 36.148027370167028 ], [ 118.251708719382009, 36.148207033128131 ], [ 118.250990065738961, 36.148296863709334 ], [ 118.250810402777915, 36.148296863709334 ], [ 118.25054090923561, 36.148207033128131 ], [ 118.250271413894666, 36.14820703402745 ], [ 118.25009175093362, 36.148296863709334 ], [ 118.25009175093362, 36.148476528469075 ], [ 118.250271414794042, 36.148656191430121 ], [ 118.250810402777915, 36.1487460229107 ], [ 118.251259561079905, 36.1487460229107 ] ] ] } },
{ "type": "Feature", "properties": { "PV_Area": 0.017893576457200001, "Inst_time": 20170824.0, "Inst_year": 2017, "Major_type": "Grassland", "Lat": 36.1331561378, "Lon": 118.219359252, "Province": "山东", "Province_pinyin": "Shandong", "Province code": 37, "City": "淄博市", "City_pinyin": "Zibo", "City code": 3703, "County": "沂源县", "County_pinyin": "Yiyuan xian", "County code": 370323, "Township": "燕崖镇", "Township_pinyin": "yan ya zhen" }, "geometry": { "type": "Polygon", "coordinates": [ [ [ 118.2186507156581, 36.134103482589694 ], [ 118.218650716557363, 36.134013651109171 ], [ 118.219010041580191, 36.134013651109171 ], [ 118.219099874859353, 36.133923819628649 ], [ 118.219189705440613, 36.133833988148069 ], [ 118.219279536921135, 36.133564493706444 ], [ 118.219369368401658, 36.133384830745399 ], [ 118.219459199882181, 36.133294999264876 ], [ 118.21954903226208, 36.133205167784297 ], [ 118.21999818876543, 36.133115336303774 ], [ 118.220177851726589, 36.133025504823252 ], [ 118.220267684106375, 36.132935673342729 ], [ 118.220357514687635, 36.132845841862149 ], [ 118.22044734706742, 36.132666178901104 ], [ 118.220716839710462, 36.13239668356016 ], [ 118.220806672989625, 36.132306852079637 ], [ 118.220806672090362, 36.132037357638012 ], [ 118.22053717764868, 36.132037357638012 ], [ 118.220357514687635, 36.132306852079637 ], [ 118.22008802114533, 36.132486515040682 ], [ 118.21963886284334, 36.132666178901104 ], [ 118.21909987396009, 36.132756010381627 ], [ 118.218920210999045, 36.132845841862149 ], [ 118.218830378619145, 36.133025504823252 ], [ 118.218291389735896, 36.133564493706444 ], [ 118.21820155915475, 36.133654325187024 ], [ 118.21820155915475, 36.134013651109171 ], [ 118.218291390635272, 36.134103482589694 ], [ 118.2186507156581, 36.134103482589694 ] ] ] } },
{ "type": "Feature", "properties": { "PV_Area": 0.017893576457200001, "Inst_time": 20170824.0, "Inst_year": 2017, "Major_type": "Grassland", "Lat": 36.1331561378, "Lon": 118.219359252, "Province": "山东", "Province_pinyin": "Shandong", "Province code": 37, "City": "淄博市", "City_pinyin": "Zibo", "City code": 3703, "County": "沂源县", "County_pinyin": "Yiyuan xian", "County code": 370323, "Township": "燕崖镇", "Township_pinyin": "yan ya zhen" }, "geometry": { "type": "Polygon", "coordinates": [ [ [ 118.2186507156581, 36.134103482589694 ], [ 118.218650716557363, 36.134013651109171 ], [ 118.219010041580191, 36.134013651109171 ], [ 118.219099874859353, 36.133923819628649 ], [ 118.219189705440613, 36.133833988148069 ], [ 118.219279536921135, 36.133564493706444 ], [ 118.219369368401658, 36.133384830745399 ], [ 118.219459199882181, 36.133294999264876 ], [ 118.21954903226208, 36.133205167784297 ], [ 118.21999818876543, 36.133115336303774 ], [ 118.220177851726589, 36.133025504823252 ], [ 118.220267684106375, 36.132935673342729 ], [ 118.220357514687635, 36.132845841862149 ], [ 118.22044734706742, 36.132666178901104 ], [ 118.220716839710462, 36.13239668356016 ], [ 118.220806672989625, 36.132306852079637 ], [ 118.220806672090362, 36.132037357638012 ], [ 118.22053717764868, 36.132037357638012 ], [ 118.220357514687635, 36.132306852079637 ], [ 118.22008802114533, 36.132486515040682 ], [ 118.21963886284334, 36.132666178901104 ], [ 118.21909987396009, 36.132756010381627 ], [ 118.218920210999045, 36.132845841862149 ], [ 118.218830378619145, 36.133025504823252 ], [ 118.218291389735896, 36.133564493706444 ], [ 118.21820155915475, 36.133654325187024 ], [ 118.21820155915475, 36.134013651109171 ], [ 118.218291390635272, 36.134103482589694 ], [ 118.2186507156581, 36.134103482589694 ] ] ] } },
{ "type": "Feature", "properties": { "PV_Area": 0.0072140501967499996, "Inst_time": 20180429.0, "Inst_year": 2018, "Major_type": "Grassland", "Lat": 36.131044694499998, "Lon": 118.222726424, "Province": "山东", "Province_pinyin": "Shandong", "Province code": 37, "City": "淄博市", "City_pinyin": "Zibo", "City code": 3703, "County": "沂源县", "County_pinyin": "Yiyuan xian", "County code": 370323, "Township": "燕崖镇", "Township_pinyin": "yan ya zhen" }, "geometry": { "type": "Polygon", "coordinates": [ [ [ 118.223142293282308, 36.131588200235285 ], [ 118.223232123863454, 36.131498368754762 ], [ 118.223232123863454, 36.131318705793717 ], [ 118.223142292382931, 36.131228874313138 ], [ 118.222962629421886, 36.130959379871513 ], [ 118.222962630321149, 36.130689885429945 ], [ 118.222872797941363, 36.130600053050046 ], [ 118.222603302600419, 36.130420390089 ], [ 118.222333809058114, 36.130420390089 ], [ 118.222333809058114, 36.13086954839099 ], [ 118.222423639639374, 36.131318705793717 ], [ 118.222513472918536, 36.13140853727424 ], [ 118.222603302600419, 36.131498368754762 ], [ 118.222693134980204, 36.131588201134605 ], [ 118.223142293282308, 36.131588200235285 ] ] ] } },
{ "type": "Feature", "properties": { "PV_Area": 0.0072140501967499996, "Inst_time": 20180429.0, "Inst_year": 2018, "Major_type": "Grassland", "Lat": 36.131044694499998, "Lon": 118.222726424, "Province": "山东", "Province_pinyin": "Shandong", "Province code": 37, "City": "淄博市", "City_pinyin": "Zibo", "City code": 3703, "County": "沂源县", "County_pinyin": "Yiyuan xian", "County code": 370323, "Township": "燕崖镇", "Township_pinyin": "yan ya zhen" }, "geometry": { "type": "Polygon", "coordinates": [ [ [ 118.223142293282308, 36.131588200235285 ], [ 118.223232123863454, 36.131498368754762 ], [ 118.223232123863454, 36.131318705793717 ], [ 118.223142292382931, 36.131228874313138 ], [ 118.222962629421886, 36.130959379871513 ], [ 118.222962630321149, 36.130689885429945 ], [ 118.222872797941363, 36.130600053050046 ], [ 118.222603302600419, 36.130420390089 ], [ 118.222333809058114, 36.130420390089 ], [ 118.222333809058114, 36.13086954839099 ], [ 118.222423639639374, 36.131318705793717 ], [ 118.222513472918536, 36.13140853727424 ], [ 118.222603302600419, 36.131498368754762 ], [ 118.222693134980204, 36.131588201134605 ], [ 118.223142293282308, 36.131588200235285 ] ] ] } },
{ "type": "Feature", "properties": { "PV_Area": 0.0112845833014, "Inst_time": 20200425.0, "Inst_year": 2020, "Major_type": "Grassland", "Lat": 36.130705392099998, "Lon": 118.223801485, "Province": "山东", "Province_pinyin": "Shandong", "Province code": 37, "City": "淄博市", "City_pinyin": "Zibo", "City code": 3703, "County": "沂源县", "County_pinyin": "Yiyuan xian", "County code": 370323, "Township": "燕崖镇", "Township_pinyin": "yan ya zhen" }, "geometry": { "type": "Polygon", "coordinates": [ [ [ 118.223860945126603, 36.13140853727424 ], [ 118.224040608987025, 36.131318705793717 ], [ 118.224130439568171, 36.131228874313138 ], [ 118.224220271048694, 36.131049211352092 ], [ 118.224220270149431, 36.129881401205751 ], [ 118.224130438668908, 36.129791569725228 ], [ 118.223860945126603, 36.129791569725228 ], [ 118.223771112746704, 36.129881401205751 ], [ 118.223681282165558, 36.130061064166853 ], [ 118.223681282165558, 36.130600053050046 ], [ 118.223591449785658, 36.130689885429945 ], [ 118.223232123863454, 36.130689885429945 ], [ 118.223142293282308, 36.130779716011148 ], [ 118.223142293282308, 36.130959379871513 ], [ 118.223232123863454, 36.131139042832615 ], [ 118.223321955343977, 36.131318705793717 ], [ 118.223591449785658, 36.13140853727424 ], [ 118.223860945126603, 36.13140853727424 ] ] ] } },
{ "type": "Feature", "properties": { "PV_Area": 0.0112845833014, "Inst_time": 20200425.0, "Inst_year": 2020, "Major_type": "Grassland", "Lat": 36.130705392099998, "Lon": 118.223801485, "Province": "山东", "Province_pinyin": "Shandong", "Province code": 37, "City": "淄博市", "City_pinyin": "Zibo", "City code": 3703, "County": "沂源县", "County_pinyin": "Yiyuan xian", "County code": 370323, "Township": "燕崖镇", "Township_pinyin": "yan ya zhen" }, "geometry": { "type": "Polygon", "coordinates": [ [ [ 118.223860945126603, 36.13140853727424 ], [ 118.224040608987025, 36.131318705793717 ], [ 118.224130439568171, 36.131228874313138 ], [ 118.224220271048694, 36.131049211352092 ], [ 118.224220270149431, 36.129881401205751 ], [ 118.224130438668908, 36.129791569725228 ], [ 118.223860945126603, 36.129791569725228 ], [ 118.223771112746704, 36.129881401205751 ], [ 118.223681282165558, 36.130061064166853 ], [ 118.223681282165558, 36.130600053050046 ], [ 118.223591449785658, 36.130689885429945 ], [ 118.223232123863454, 36.130689885429945 ], [ 118.223142293282308, 36.130779716011148 ], [ 118.223142293282308, 36.130959379871513 ], [ 118.223232123863454, 36.131139042832615 ], [ 118.223321955343977, 36.131318705793717 ], [ 118.223591449785658, 36.13140853727424 ], [ 118.223860945126603, 36.13140853727424 ] ] ] } },
{ "type": "Feature", "properties": { "PV_Area": 0.089338812822100003, "Inst_time": 20160316.0, "Inst_year": 2016, "Major_type": "Grassland", "Lat": 36.145253501, "Lon": 118.248837639, "Province": "山东", "Province_pinyin": "Shandong", "Province code": 37, "City": "淄博市", "City_pinyin": "Zibo", "City code": 3703, "County": "沂源县", "County_pinyin": "Yiyuan xian", "County code": 370323, "Township": "燕崖镇", "Township_pinyin": "yan ya zhen" }, "geometry": { "type": "Polygon", "coordinates": [ [ [ 118.25112299363127, 36.144815462163876 ], [ 118.250751797557427, 36.144663177263851 ], [ 118.25046626280789, 36.14446330203981 ], [ 118.250190244684063, 36.144244391765312 ], [ 118.249543032285146, 36.143920785116165 ], [ 118.249162317786841, 36.143730428316644 ], [ 118.24888630056239, 36.143616214416795 ], [ 118.248648353438853, 36.143549589042379 ], [ 118.248315230163826, 36.143597177567756 ], [ 118.248096318989951, 36.143739945841901 ], [ 118.248096318989951, 36.143949338591142 ], [ 118.24820101626392, 36.144101624390487 ], [ 118.248372336214402, 36.144282462765489 ], [ 118.248505586963347, 36.144482337989587 ], [ 118.248438962488194, 36.144520408989763 ], [ 118.248058247989775, 36.144510890565186 ], [ 118.247696570340509, 36.144520408989763 ], [ 118.247534767015964, 36.144539444939483 ], [ 118.247382481216619, 36.144691729839508 ], [ 118.247087428042391, 36.144805944638676 ], [ 118.246744786342902, 36.144653658839331 ], [ 118.246316482419843, 36.144653658839331 ], [ 118.246135644044784, 36.144863051588629 ], [ 118.246735267918325, 36.145567371836819 ], [ 118.247610909016316, 36.14608133618475 ], [ 118.249029067937158, 36.146899870332788 ], [ 118.249438335011178, 36.146947459757541 ], [ 118.249600139235099, 36.146909387857988 ], [ 118.249742905710605, 36.146804692382716 ], [ 118.249980851934879, 36.146604817158618 ], [ 118.25010458515851, 36.146443013834073 ], [ 118.250114101784447, 36.146328799934224 ], [ 118.250114101784447, 36.146186031660079 ], [ 118.251075405105894, 36.144939193588982 ], [ 118.25112299363127, 36.144815462163876 ] ] ] } },
{ "type": "Feature", "properties": { "PV_Area": 0.089338812822100003, "Inst_time": 20160316.0, "Inst_year": 2016, "Major_type": "Grassland", "Lat": 36.145253501, "Lon": 118.248837639, "Province": "山东", "Province_pinyin": "Shandong", "Province code": 37, "City": "淄博市", "City_pinyin": "Zibo", "City code": 3703, "County": "沂源县", "County_pinyin": "Yiyuan xian", "County code": 370323, "Township": "燕崖镇", "Township_pinyin": "yan ya zhen" }, "geometry": { "type": "Polygon", "coordinates": [ [ [ 118.25112299363127, 36.144815462163876 ], [ 118.250751797557427, 36.144663177263851 ], [ 118.25046626280789, 36.14446330203981 ], [ 118.250190244684063, 36.144244391765312 ], [ 118.249543032285146, 36.143920785116165 ], [ 118.249162317786841, 36.143730428316644 ], [ 118.24888630056239, 36.143616214416795 ], [ 118.248648353438853, 36.143549589042379 ], [ 118.248315230163826, 36.143597177567756 ], [ 118.248096318989951, 36.143739945841901 ], [ 118.248096318989951, 36.143949338591142 ], [ 118.24820101626392, 36.144101624390487 ], [ 118.248372336214402, 36.144282462765489 ], [ 118.248505586963347, 36.144482337989587 ], [ 118.248438962488194, 36.144520408989763 ], [ 118.248058247989775, 36.144510890565186 ], [ 118.247696570340509, 36.144520408989763 ], [ 118.247534767015964, 36.144539444939483 ], [ 118.247382481216619, 36.144691729839508 ], [ 118.247087428042391, 36.144805944638676 ], [ 118.246744786342902, 36.144653658839331 ], [ 118.246316482419843, 36.144653658839331 ], [ 118.246135644044784, 36.144863051588629 ], [ 118.246735267918325, 36.145567371836819 ], [ 118.247610909016316, 36.14608133618475 ], [ 118.249029067937158, 36.146899870332788 ], [ 118.249438335011178, 36.146947459757541 ], [ 118.249600139235099, 36.146909387857988 ], [ 118.249742905710605, 36.146804692382716 ], [ 118.249980851934879, 36.146604817158618 ], [ 118.25010458515851, 36.146443013834073 ], [ 118.250114101784447, 36.146328799934224 ], [ 118.250114101784447, 36.146186031660079 ], [ 118.251075405105894, 36.144939193588982 ], [ 118.25112299363127, 36.144815462163876 ] ] ] } },
{ "type": "Feature", "properties": { "PV_Area": 0.089338812822100003, "Inst_time": 20160316.0, "Inst_year": 2016, "Major_type": "Grassland", "Lat": 36.145253501, "Lon": 118.248837639, "Province": "山东", "Province_pinyin": "Shandong", "Province code": 37, "City": "淄博市", "City_pinyin": "Zibo", "City code": 3703, "County": "沂源县", "County_pinyin": "Yiyuan xian", "County code": 370323, "Township": "悦庄镇", "Township_pinyin": "yue zhuang zhen" }, "geometry": { "type": "Polygon", "coordinates": [ [ [ 118.25112299363127, 36.144815462163876 ], [ 118.250751797557427, 36.144663177263851 ], [ 118.25046626280789, 36.14446330203981 ], [ 118.250190244684063, 36.144244391765312 ], [ 118.249543032285146, 36.143920785116165 ], [ 118.249162317786841, 36.143730428316644 ], [ 118.24888630056239, 36.143616214416795 ], [ 118.248648353438853, 36.143549589042379 ], [ 118.248315230163826, 36.143597177567756 ], [ 118.248096318989951, 36.143739945841901 ], [ 118.248096318989951, 36.143949338591142 ], [ 118.24820101626392, 36.144101624390487 ], [ 118.248372336214402, 36.144282462765489 ], [ 118.248505586963347, 36.144482337989587 ], [ 118.248438962488194, 36.144520408989763 ], [ 118.248058247989775, 36.144510890565186 ], [ 118.247696570340509, 36.144520408989763 ], [ 118.247534767015964, 36.144539444939483 ], [ 118.247382481216619, 36.144691729839508 ], [ 118.247087428042391, 36.144805944638676 ], [ 118.246744786342902, 36.144653658839331 ], [ 118.246316482419843, 36.144653658839331 ], [ 118.246135644044784, 36.144863051588629 ], [ 118.246735267918325, 36.145567371836819 ], [ 118.247610909016316, 36.14608133618475 ], [ 118.249029067937158, 36.146899870332788 ], [ 118.249438335011178, 36.146947459757541 ], [ 118.249600139235099, 36.146909387857988 ], [ 118.249742905710605, 36.146804692382716 ], [ 118.249980851934879, 36.146604817158618 ], [ 118.25010458515851, 36.146443013834073 ], [ 118.250114101784447, 36.146328799934224 ], [ 118.250114101784447, 36.146186031660079 ], [ 118.251075405105894, 36.144939193588982 ], [ 118.25112299363127, 36.144815462163876 ] ] ] } },
{ "type": "Feature", "properties": { "PV_Area": 0.089338812822100003, "Inst_time": 20160316.0, "Inst_year": 2016, "Major_type": "Grassland", "Lat": 36.145253501, "Lon": 118.248837639, "Province": "山东", "Province_pinyin": "Shandong", "Province code": 37, "City": "淄博市", "City_pinyin": "Zibo", "City code": 3703, "County": "沂源县", "County_pinyin": "Yiyuan xian", "County code": 370323, "Township": "悦庄镇", "Township_pinyin": "yue zhuang zhen" }, "geometry": { "type": "Polygon", "coordinates": [ [ [ 118.25112299363127, 36.144815462163876 ], [ 118.250751797557427, 36.144663177263851 ], [ 118.25046626280789, 36.14446330203981 ], [ 118.250190244684063, 36.144244391765312 ], [ 118.249543032285146, 36.143920785116165 ], [ 118.249162317786841, 36.143730428316644 ], [ 118.24888630056239, 36.143616214416795 ], [ 118.248648353438853, 36.143549589042379 ], [ 118.248315230163826, 36.143597177567756 ], [ 118.248096318989951, 36.143739945841901 ], [ 118.248096318989951, 36.143949338591142 ], [ 118.24820101626392, 36.144101624390487 ], [ 118.248372336214402, 36.144282462765489 ], [ 118.248505586963347, 36.144482337989587 ], [ 118.248438962488194, 36.144520408989763 ], [ 118.248058247989775, 36.144510890565186 ], [ 118.247696570340509, 36.144520408989763 ], [ 118.247534767015964, 36.144539444939483 ], [ 118.247382481216619, 36.144691729839508 ], [ 118.247087428042391, 36.144805944638676 ], [ 118.246744786342902, 36.144653658839331 ], [ 118.246316482419843, 36.144653658839331 ], [ 118.246135644044784, 36.144863051588629 ], [ 118.246735267918325, 36.145567371836819 ], [ 118.247610909016316, 36.14608133618475 ], [ 118.249029067937158, 36.146899870332788 ], [ 118.249438335011178, 36.146947459757541 ], [ 118.249600139235099, 36.146909387857988 ], [ 118.249742905710605, 36.146804692382716 ], [ 118.249980851934879, 36.146604817158618 ], [ 118.25010458515851, 36.146443013834073 ], [ 118.250114101784447, 36.146328799934224 ], [ 118.250114101784447, 36.146186031660079 ], [ 118.251075405105894, 36.144939193588982 ], [ 118.25112299363127, 36.144815462163876 ] ] ] } },
{ "type": "Feature", "properties": { "PV_Area": 0.089338812822100003, "Inst_time": 20160316.0, "Inst_year": 2016, "Major_type": "Grassland", "Lat": 36.145253501, "Lon": 118.248837639, "Province": "山东", "Province_pinyin": "Shandong", "Province code": 37, "City": "淄博市", "City_pinyin": "Zibo", "City code": 3703, "County": "沂源县", "County_pinyin": "Yiyuan xian", "County code": 370323, "Township": "悦庄镇", "Township_pinyin": "yue zhuang zhen" }, "geometry": { "type": "Polygon", "coordinates": [ [ [ 118.25112299363127, 36.144815462163876 ], [ 118.250751797557427, 36.144663177263851 ], [ 118.25046626280789, 36.14446330203981 ], [ 118.250190244684063, 36.144244391765312 ], [ 118.249543032285146, 36.143920785116165 ], [ 118.249162317786841, 36.143730428316644 ], [ 118.24888630056239, 36.143616214416795 ], [ 118.248648353438853, 36.143549589042379 ], [ 118.248315230163826, 36.143597177567756 ], [ 118.248096318989951, 36.143739945841901 ], [ 118.248096318989951, 36.143949338591142 ], [ 118.24820101626392, 36.144101624390487 ], [ 118.248372336214402, 36.144282462765489 ], [ 118.248505586963347, 36.144482337989587 ], [ 118.248438962488194, 36.144520408989763 ], [ 118.248058247989775, 36.144510890565186 ], [ 118.247696570340509, 36.144520408989763 ], [ 118.247534767015964, 36.144539444939483 ], [ 118.247382481216619, 36.144691729839508 ], [ 118.247087428042391, 36.144805944638676 ], [ 118.246744786342902, 36.144653658839331 ], [ 118.246316482419843, 36.144653658839331 ], [ 118.246135644044784, 36.144863051588629 ], [ 118.246735267918325, 36.145567371836819 ], [ 118.247610909016316, 36.14608133618475 ], [ 118.249029067937158, 36.146899870332788 ], [ 118.249438335011178, 36.146947459757541 ], [ 118.249600139235099, 36.146909387857988 ], [ 118.249742905710605, 36.146804692382716 ], [ 118.249980851934879, 36.146604817158618 ], [ 118.25010458515851, 36.146443013834073 ], [ 118.250114101784447, 36.146328799934224 ], [ 118.250114101784447, 36.146186031660079 ], [ 118.251075405105894, 36.144939193588982 ], [ 118.25112299363127, 36.144815462163876 ] ] ] } },
{ "type": "Feature", "properties": { "PV_Area": 1.0867366169399999, "Inst_time": 20150602.0, "Inst_year": 2015, "Major_type": "Grassland", "Lat": 40.405775609099997, "Lon": 114.96084623199999, "Province": "河北", "Province_pinyin": "Hebei", "Province code": 13, "City": "张家口市", "City_pinyin": "Zhangjiakou", "City code": 1307, "County": "宣化县", "County_pinyin": "Xuanhua xian", "County code": 130721, "Township": "深井镇", "Township_pinyin": "shen jing zhen" }, "geometry": { "type": "Polygon", "coordinates": [ [ [ 114.970161800826531, 40.40747744582751 ], [ 114.970161800826531, 40.407749461968137 ], [ 114.969087199115052, 40.40774949973968 ], [ 114.969087199115052, 40.406937901163246 ], [ 114.969894304678519, 40.406937903861206 ], [ 114.969894305577782, 40.407477483599052 ], [ 114.970161800826531, 40.40747744582751 ], [ 114.970161800826531, 40.407209958672695 ], [ 114.97070140934261, 40.407209918203193 ], [ 114.970973340947012, 40.406937938035469 ], [ 114.970973339148372, 40.406402812639726 ], [ 114.971780441114561, 40.406402801847889 ], [ 114.972048026295397, 40.40613079290182 ], [ 114.972048026295397, 40.404244597110505 ], [ 114.971780441114561, 40.403977082976041 ], [ 114.970701410241986, 40.40397704340586 ], [ 114.970701410241986, 40.404516647425396 ], [ 114.970433823262397, 40.404516629438945 ], [ 114.970433824161773, 40.405591294102976 ], [ 114.969894304678519, 40.40559123564708 ], [ 114.969894304678519, 40.405863260780905 ], [ 114.969087199115052, 40.405863252687027 ], [ 114.969087199115052, 40.406130820780788 ], [ 114.967736043283821, 40.406130827975403 ], [ 114.967736043283821, 40.405863258082945 ], [ 114.966929022256636, 40.405863284163274 ], [ 114.966929022256636, 40.406130781210663 ], [ 114.966389408344526, 40.406130797398419 ], [ 114.966389408344526, 40.40667039422334 ], [ 114.966121909498611, 40.406670345659961 ], [ 114.966121908599234, 40.406402848612629 ], [ 114.965849884364729, 40.406402817136382 ], [ 114.965849884364729, 40.406670387028782 ], [ 114.965042768908688, 40.406670346559281 ], [ 114.965042768009425, 40.406130819881469 ], [ 114.965310357686917, 40.405863277868036 ], [ 114.966389408344526, 40.405863298552447 ], [ 114.966389408344526, 40.405591268921967 ], [ 114.967196521102665, 40.40559130219691 ], [ 114.967196521102665, 40.405051698177374 ], [ 114.967468545337169, 40.405051726955662 ], [ 114.967468545337169, 40.404784152566663 ], [ 114.967196520203288, 40.404784194834804 ], [ 114.967196521102665, 40.404244583620709 ], [ 114.966929023155899, 40.403977029016744 ], [ 114.966389408344526, 40.403705074029972 ], [ 114.966389408344526, 40.403437492446358 ], [ 114.967736043283821, 40.403437541009737 ], [ 114.968008066619063, 40.403165532063724 ], [ 114.968008066619063, 40.401818838668532 ], [ 114.967196521102665, 40.40181886834614 ], [ 114.967196521102665, 40.402090841319307 ], [ 114.966389408344526, 40.402090867399636 ], [ 114.966389408344526, 40.402358455278545 ], [ 114.965849883465467, 40.402358437292094 ], [ 114.965849885264106, 40.402090846715282 ], [ 114.965310358586294, 40.40209089797662 ], [ 114.965042768009425, 40.402358451681266 ], [ 114.965042768908688, 40.402897939688216 ], [ 114.964775268264134, 40.402897955876028 ], [ 114.964775268264134, 40.403437512231449 ], [ 114.964503242230876, 40.403437544607073 ], [ 114.964503241331613, 40.403977098264534 ], [ 114.964235649855368, 40.403977062291631 ], [ 114.964235649855368, 40.40263043364763 ], [ 114.962884565970057, 40.402630396775464 ], [ 114.962884565970057, 40.402358421104282 ], [ 114.96261706352675, 40.402090835923389 ], [ 114.962077442420082, 40.402090888084047 ], [ 114.961537912144991, 40.401279356057501 ], [ 114.96127040880242, 40.401011759185394 ], [ 114.960463281655166, 40.401011800554215 ], [ 114.960191252924005, 40.401279346164927 ], [ 114.960191252024742, 40.401551330829307 ], [ 114.959651718152372, 40.401551347017119 ], [ 114.959651718152372, 40.401818873742059 ], [ 114.959112183380626, 40.401818887231912 ], [ 114.959112183380626, 40.401551285863206 ], [ 114.958037546595506, 40.401551305648297 ], [ 114.957765513367804, 40.40181884586309 ], [ 114.95776551426718, 40.402090904271859 ], [ 114.957498009125857, 40.402358424701617 ], [ 114.95641883885844, 40.402358447184668 ], [ 114.956151331918477, 40.402630422855793 ], [ 114.956151332817853, 40.404516604257935 ], [ 114.955879299590038, 40.404516613251133 ], [ 114.955879298690775, 40.404244634882048 ], [ 114.955611791750812, 40.403977104559772 ], [ 114.95533975852311, 40.40397711085501 ], [ 114.955339757623733, 40.403437532915859 ], [ 114.954800215657542, 40.403437524821982 ], [ 114.954800215657542, 40.403705049748282 ], [ 114.954260671892598, 40.403705039855765 ], [ 114.954260672791861, 40.402897999942809 ], [ 114.954800215657542, 40.402897939688216 ], [ 114.954800214758166, 40.402090892580702 ], [ 114.954532707818316, 40.401818887231912 ], [ 114.953993163153996, 40.40181887014478 ], [ 114.953993164053372, 40.402090861104398 ], [ 114.953453619389052, 40.402090842218627 ], [ 114.953186019818986, 40.402358449882627 ], [ 114.953186019818986, 40.402630439942925 ], [ 114.952646475154779, 40.402630416560555 ], [ 114.952374437430421, 40.402897945084135 ], [ 114.952374438329684, 40.403165549150799 ], [ 114.951839418154691, 40.403165505983395 ], [ 114.951839418154691, 40.403437494244997 ], [ 114.951567381329596, 40.403705091117104 ], [ 114.950760321631606, 40.403705037157806 ], [ 114.950488283907248, 40.40397708927128 ], [ 114.950220774269383, 40.404244592613907 ], [ 114.950220773370006, 40.405323684640393 ], [ 114.949681132478304, 40.405323745794306 ], [ 114.949681131579041, 40.405051690982816 ], [ 114.949141580619539, 40.405051726955662 ], [ 114.949141579720163, 40.404784200230722 ], [ 114.948062566834096, 40.404784166955778 ], [ 114.948062566834096, 40.405051696378735 ], [ 114.947527448632854, 40.405051726955662 ], [ 114.947255408210594, 40.40532369723087 ], [ 114.947255407311218, 40.405863279666676 ], [ 114.947527447733592, 40.405863294955168 ], [ 114.947527448632854, 40.406670395122717 ], [ 114.947255407311218, 40.406670380733544 ], [ 114.947255408210594, 40.407209953276777 ], [ 114.947527449532231, 40.407209893022184 ], [ 114.947527447733592, 40.407749459270178 ], [ 114.947794961868112, 40.407749487149147 ], [ 114.947794961868112, 40.408289047101903 ], [ 114.948602028760661, 40.408289035410689 ], [ 114.948602029660037, 40.408017064236162 ], [ 114.948874068283658, 40.407749485350507 ], [ 114.949413620142536, 40.407749443082366 ], [ 114.949413620142536, 40.407477471008519 ], [ 114.949681131579041, 40.407209905612717 ], [ 114.949948733847009, 40.407209908310676 ], [ 114.949948733847009, 40.406670343861322 ], [ 114.950220773370006, 40.406402830626178 ], [ 114.952646475154779, 40.406402789257356 ], [ 114.952646475154779, 40.40613081628419 ], [ 114.953993163153996, 40.406130829774042 ], [ 114.953993164053372, 40.407209939786924 ], [ 114.954800216556805, 40.407209950578817 ], [ 114.955072249784507, 40.406937902062566 ], [ 114.95533975852311, 40.406402815337685 ], [ 114.956151331918477, 40.40640280004925 ], [ 114.956151332817853, 40.406937892170049 ], [ 114.95641883885844, 40.406937895767328 ], [ 114.956418839757703, 40.407477512377341 ], [ 114.955611790851549, 40.407477444028871 ], [ 114.955339757623733, 40.407749491645802 ], [ 114.955339757623733, 40.40828903181341 ], [ 114.955611790851549, 40.40855659541063 ], [ 114.957225975898155, 40.408556547746514 ], [ 114.957225976797417, 40.408289048001222 ], [ 114.957765515166443, 40.408289028216132 ], [ 114.95776551426718, 40.408016996787012 ], [ 114.958305050837453, 40.408017047149087 ], [ 114.958305050837453, 40.407749472760031 ], [ 114.958572645910976, 40.407749449377661 ], [ 114.958844588307215, 40.408017021968021 ], [ 114.958844588307215, 40.408556548645834 ], [ 114.960191252024742, 40.408556600806548 ], [ 114.960463281655166, 40.408289004833762 ], [ 114.960463281655166, 40.408017050746366 ], [ 114.960730785897113, 40.407749470062072 ], [ 114.960998379171883, 40.407749439485087 ], [ 114.96099838007126, 40.408289035410689 ], [ 114.961270407903044, 40.408289005733081 ], [ 114.961537912144991, 40.408556560337047 ], [ 114.961537912144991, 40.408828583672232 ], [ 114.963156593801841, 40.408828557591903 ], [ 114.963156594701104, 40.408556537853997 ], [ 114.963424095345772, 40.408289027316812 ], [ 114.963696122278293, 40.408017040853792 ], [ 114.964775268264134, 40.408016975203282 ], [ 114.964775267364757, 40.408288995840564 ], [ 114.965849885264106, 40.408289005733081 ], [ 114.965849883465467, 40.408016985995175 ], [ 114.966661432579144, 40.408017016572103 ], [ 114.966661432579144, 40.408289036310009 ], [ 114.966929022256636, 40.408556545947874 ], [ 114.968275655397292, 40.408556552243169 ], [ 114.968275655397292, 40.408828564786461 ], [ 114.968547587900957, 40.409096162557887 ], [ 114.96962228224254, 40.409096103202671 ], [ 114.969894304678519, 40.409363672195752 ], [ 114.969894304678519, 40.410175234799283 ], [ 114.969354695263064, 40.410175206920314 ], [ 114.969354694363687, 40.409903200672204 ], [ 114.969087198215675, 40.40963568833638 ], [ 114.967736043283821, 40.409635646068239 ], [ 114.967736043283821, 40.410714764175054 ], [ 114.967196521102665, 40.410714776765587 ], [ 114.967196521102665, 40.411521876033817 ], [ 114.968815174880433, 40.411521874235177 ], [ 114.968815174880433, 40.411249873382985 ], [ 114.96962228224254, 40.411249860792509 ], [ 114.96962228224254, 40.41098231698038 ], [ 114.969894304678519, 40.410982331369553 ], [ 114.969894304678519, 40.411521874235177 ], [ 114.969622283141916, 40.411521859846005 ], [ 114.969354696162327, 40.41178939196692 ], [ 114.969354695263064, 40.412868535254745 ], [ 114.970161800826531, 40.412868510973055 ], [ 114.970433823262397, 40.412600985147378 ], [ 114.970433823262397, 40.412061453073647 ], [ 114.971240925228585, 40.41206142339604 ], [ 114.971240925228585, 40.411249891369437 ], [ 114.970973339148372, 40.411249884174879 ], [ 114.970973340047635, 40.409635699128273 ], [ 114.971240925228585, 40.409635708121471 ], [ 114.971240924329209, 40.409096150866731 ], [ 114.970973340047635, 40.408828589967527 ], [ 114.970433823262397, 40.408828543202787 ], [ 114.970433823262397, 40.407477463813962 ], [ 114.970161800826531, 40.40747744582751 ] ], [ [ 114.962349472050505, 40.40720994338426 ], [ 114.962884565970057, 40.407209892122864 ], [ 114.962884565970057, 40.407749488947786 ], [ 114.962349472050505, 40.407749468263376 ], [ 114.962349472050505, 40.40720994338426 ] ], [ [ 114.957498007327217, 40.405051682888882 ], [ 114.959112183380626, 40.405051705371932 ], [ 114.959112183380626, 40.404784192136788 ], [ 114.959923748682172, 40.404784149868647 ], [ 114.959923748682172, 40.405591286009098 ], [ 114.957765515166443, 40.405591242841638 ], [ 114.957498008226594, 40.405323727807854 ], [ 114.957498007327217, 40.405051682888882 ] ], [ [ 114.951567381329596, 40.404516588070123 ], [ 114.952374438329684, 40.404516631237584 ], [ 114.952374439229061, 40.405051750338032 ], [ 114.95210692689318, 40.405051732351637 ], [ 114.95210692689318, 40.404784136378851 ], [ 114.951567382228973, 40.40478418494223 ], [ 114.951567381329596, 40.404516588070123 ] ], [ [ 114.95641883885844, 40.405323765579396 ], [ 114.956686435730489, 40.405323750290904 ], [ 114.956686436629752, 40.405051703573292 ], [ 114.957225976797417, 40.405051697278054 ], [ 114.957225975898155, 40.40532374219697 ], [ 114.956958468958192, 40.405591251834835 ], [ 114.95641883885844, 40.40559127971386 ], [ 114.95641883885844, 40.405323765579396 ] ], [ [ 114.95830504993819, 40.402898005338727 ], [ 114.959384214809688, 40.402897957674668 ], [ 114.959384213910425, 40.4034375302179 ], [ 114.959112183380626, 40.403705065936094 ], [ 114.958572646810239, 40.403705081224587 ], [ 114.958572647709616, 40.403165508681354 ], [ 114.958305050837453, 40.403165526667749 ], [ 114.95830504993819, 40.402898005338727 ] ] ] } },
{ "type": "Feature", "properties": { "PV_Area": 1.0867366169399999, "Inst_time": 20150602.0, "Inst_year": 2015, "Major_type": "Grassland", "Lat": 40.405775609099997, "Lon": 114.96084623199999, "Province": "河北", "Province_pinyin": "Hebei", "Province code": 13, "City": "张家口市", "City_pinyin": "Zhangjiakou", "City code": 1307, "County": "宣化县", "County_pinyin": "Xuanhua xian", "County code": 130721, "Township": "崞村镇", "Township_pinyin": "guo cun zhen" }, "geometry": { "type": "Polygon", "coordinates": [ [ [ 114.970161800826531, 40.40747744582751 ], [ 114.970161800826531, 40.407749461968137 ], [ 114.969087199115052, 40.40774949973968 ], [ 114.969087199115052, 40.406937901163246 ], [ 114.969894304678519, 40.406937903861206 ], [ 114.969894305577782, 40.407477483599052 ], [ 114.970161800826531, 40.40747744582751 ], [ 114.970161800826531, 40.407209958672695 ], [ 114.97070140934261, 40.407209918203193 ], [ 114.970973340947012, 40.406937938035469 ], [ 114.970973339148372, 40.406402812639726 ], [ 114.971780441114561, 40.406402801847889 ], [ 114.972048026295397, 40.40613079290182 ], [ 114.972048026295397, 40.404244597110505 ], [ 114.971780441114561, 40.403977082976041 ], [ 114.970701410241986, 40.40397704340586 ], [ 114.970701410241986, 40.404516647425396 ], [ 114.970433823262397, 40.404516629438945 ], [ 114.970433824161773, 40.405591294102976 ], [ 114.969894304678519, 40.40559123564708 ], [ 114.969894304678519, 40.405863260780905 ], [ 114.969087199115052, 40.405863252687027 ], [ 114.969087199115052, 40.406130820780788 ], [ 114.967736043283821, 40.406130827975403 ], [ 114.967736043283821, 40.405863258082945 ], [ 114.966929022256636, 40.405863284163274 ], [ 114.966929022256636, 40.406130781210663 ], [ 114.966389408344526, 40.406130797398419 ], [ 114.966389408344526, 40.40667039422334 ], [ 114.966121909498611, 40.406670345659961 ], [ 114.966121908599234, 40.406402848612629 ], [ 114.965849884364729, 40.406402817136382 ], [ 114.965849884364729, 40.406670387028782 ], [ 114.965042768908688, 40.406670346559281 ], [ 114.965042768009425, 40.406130819881469 ], [ 114.965310357686917, 40.405863277868036 ], [ 114.966389408344526, 40.405863298552447 ], [ 114.966389408344526, 40.405591268921967 ], [ 114.967196521102665, 40.40559130219691 ], [ 114.967196521102665, 40.405051698177374 ], [ 114.967468545337169, 40.405051726955662 ], [ 114.967468545337169, 40.404784152566663 ], [ 114.967196520203288, 40.404784194834804 ], [ 114.967196521102665, 40.404244583620709 ], [ 114.966929023155899, 40.403977029016744 ], [ 114.966389408344526, 40.403705074029972 ], [ 114.966389408344526, 40.403437492446358 ], [ 114.967736043283821, 40.403437541009737 ], [ 114.968008066619063, 40.403165532063724 ], [ 114.968008066619063, 40.401818838668532 ], [ 114.967196521102665, 40.40181886834614 ], [ 114.967196521102665, 40.402090841319307 ], [ 114.966389408344526, 40.402090867399636 ], [ 114.966389408344526, 40.402358455278545 ], [ 114.965849883465467, 40.402358437292094 ], [ 114.965849885264106, 40.402090846715282 ], [ 114.965310358586294, 40.40209089797662 ], [ 114.965042768009425, 40.402358451681266 ], [ 114.965042768908688, 40.402897939688216 ], [ 114.964775268264134, 40.402897955876028 ], [ 114.964775268264134, 40.403437512231449 ], [ 114.964503242230876, 40.403437544607073 ], [ 114.964503241331613, 40.403977098264534 ], [ 114.964235649855368, 40.403977062291631 ], [ 114.964235649855368, 40.40263043364763 ], [ 114.962884565970057, 40.402630396775464 ], [ 114.962884565970057, 40.402358421104282 ], [ 114.96261706352675, 40.402090835923389 ], [ 114.962077442420082, 40.402090888084047 ], [ 114.961537912144991, 40.401279356057501 ], [ 114.96127040880242, 40.401011759185394 ], [ 114.960463281655166, 40.401011800554215 ], [ 114.960191252924005, 40.401279346164927 ], [ 114.960191252024742, 40.401551330829307 ], [ 114.959651718152372, 40.401551347017119 ], [ 114.959651718152372, 40.401818873742059 ], [ 114.959112183380626, 40.401818887231912 ], [ 114.959112183380626, 40.401551285863206 ], [ 114.958037546595506, 40.401551305648297 ], [ 114.957765513367804, 40.40181884586309 ], [ 114.95776551426718, 40.402090904271859 ], [ 114.957498009125857, 40.402358424701617 ], [ 114.95641883885844, 40.402358447184668 ], [ 114.956151331918477, 40.402630422855793 ], [ 114.956151332817853, 40.404516604257935 ], [ 114.955879299590038, 40.404516613251133 ], [ 114.955879298690775, 40.404244634882048 ], [ 114.955611791750812, 40.403977104559772 ], [ 114.95533975852311, 40.40397711085501 ], [ 114.955339757623733, 40.403437532915859 ], [ 114.954800215657542, 40.403437524821982 ], [ 114.954800215657542, 40.403705049748282 ], [ 114.954260671892598, 40.403705039855765 ], [ 114.954260672791861, 40.402897999942809 ], [ 114.954800215657542, 40.402897939688216 ], [ 114.954800214758166, 40.402090892580702 ], [ 114.954532707818316, 40.401818887231912 ], [ 114.953993163153996, 40.40181887014478 ], [ 114.953993164053372, 40.402090861104398 ], [ 114.953453619389052, 40.402090842218627 ], [ 114.953186019818986, 40.402358449882627 ], [ 114.953186019818986, 40.402630439942925 ], [ 114.952646475154779, 40.402630416560555 ], [ 114.952374437430421, 40.402897945084135 ], [ 114.952374438329684, 40.403165549150799 ], [ 114.951839418154691, 40.403165505983395 ], [ 114.951839418154691, 40.403437494244997 ], [ 114.951567381329596, 40.403705091117104 ], [ 114.950760321631606, 40.403705037157806 ], [ 114.950488283907248, 40.40397708927128 ], [ 114.950220774269383, 40.404244592613907 ], [ 114.950220773370006, 40.405323684640393 ], [ 114.949681132478304, 40.405323745794306 ], [ 114.949681131579041, 40.405051690982816 ], [ 114.949141580619539, 40.405051726955662 ], [ 114.949141579720163, 40.404784200230722 ], [ 114.948062566834096, 40.404784166955778 ], [ 114.948062566834096, 40.405051696378735 ], [ 114.947527448632854, 40.405051726955662 ], [ 114.947255408210594, 40.40532369723087 ], [ 114.947255407311218, 40.405863279666676 ], [ 114.947527447733592, 40.405863294955168 ], [ 114.947527448632854, 40.406670395122717 ], [ 114.947255407311218, 40.406670380733544 ], [ 114.947255408210594, 40.407209953276777 ], [ 114.947527449532231, 40.407209893022184 ], [ 114.947527447733592, 40.407749459270178 ], [ 114.947794961868112, 40.407749487149147 ], [ 114.947794961868112, 40.408289047101903 ], [ 114.948602028760661, 40.408289035410689 ], [ 114.948602029660037, 40.408017064236162 ], [ 114.948874068283658, 40.407749485350507 ], [ 114.949413620142536, 40.407749443082366 ], [ 114.949413620142536, 40.407477471008519 ], [ 114.949681131579041, 40.407209905612717 ], [ 114.949948733847009, 40.407209908310676 ], [ 114.949948733847009, 40.406670343861322 ], [ 114.950220773370006, 40.406402830626178 ], [ 114.952646475154779, 40.406402789257356 ], [ 114.952646475154779, 40.40613081628419 ], [ 114.953993163153996, 40.406130829774042 ], [ 114.953993164053372, 40.407209939786924 ], [ 114.954800216556805, 40.407209950578817 ], [ 114.955072249784507, 40.406937902062566 ], [ 114.95533975852311, 40.406402815337685 ], [ 114.956151331918477, 40.40640280004925 ], [ 114.956151332817853, 40.406937892170049 ], [ 114.95641883885844, 40.406937895767328 ], [ 114.956418839757703, 40.407477512377341 ], [ 114.955611790851549, 40.407477444028871 ], [ 114.955339757623733, 40.407749491645802 ], [ 114.955339757623733, 40.40828903181341 ], [ 114.955611790851549, 40.40855659541063 ], [ 114.957225975898155, 40.408556547746514 ], [ 114.957225976797417, 40.408289048001222 ], [ 114.957765515166443, 40.408289028216132 ], [ 114.95776551426718, 40.408016996787012 ], [ 114.958305050837453, 40.408017047149087 ], [ 114.958305050837453, 40.407749472760031 ], [ 114.958572645910976, 40.407749449377661 ], [ 114.958844588307215, 40.408017021968021 ], [ 114.958844588307215, 40.408556548645834 ], [ 114.960191252024742, 40.408556600806548 ], [ 114.960463281655166, 40.408289004833762 ], [ 114.960463281655166, 40.408017050746366 ], [ 114.960730785897113, 40.407749470062072 ], [ 114.960998379171883, 40.407749439485087 ], [ 114.96099838007126, 40.408289035410689 ], [ 114.961270407903044, 40.408289005733081 ], [ 114.961537912144991, 40.408556560337047 ], [ 114.961537912144991, 40.408828583672232 ], [ 114.963156593801841, 40.408828557591903 ], [ 114.963156594701104, 40.408556537853997 ], [ 114.963424095345772, 40.408289027316812 ], [ 114.963696122278293, 40.408017040853792 ], [ 114.964775268264134, 40.408016975203282 ], [ 114.964775267364757, 40.408288995840564 ], [ 114.965849885264106, 40.408289005733081 ], [ 114.965849883465467, 40.408016985995175 ], [ 114.966661432579144, 40.408017016572103 ], [ 114.966661432579144, 40.408289036310009 ], [ 114.966929022256636, 40.408556545947874 ], [ 114.968275655397292, 40.408556552243169 ], [ 114.968275655397292, 40.408828564786461 ], [ 114.968547587900957, 40.409096162557887 ], [ 114.96962228224254, 40.409096103202671 ], [ 114.969894304678519, 40.409363672195752 ], [ 114.969894304678519, 40.410175234799283 ], [ 114.969354695263064, 40.410175206920314 ], [ 114.969354694363687, 40.409903200672204 ], [ 114.969087198215675, 40.40963568833638 ], [ 114.967736043283821, 40.409635646068239 ], [ 114.967736043283821, 40.410714764175054 ], [ 114.967196521102665, 40.410714776765587 ], [ 114.967196521102665, 40.411521876033817 ], [ 114.968815174880433, 40.411521874235177 ], [ 114.968815174880433, 40.411249873382985 ], [ 114.96962228224254, 40.411249860792509 ], [ 114.96962228224254, 40.41098231698038 ], [ 114.969894304678519, 40.410982331369553 ], [ 114.969894304678519, 40.411521874235177 ], [ 114.969622283141916, 40.411521859846005 ], [ 114.969354696162327, 40.41178939196692 ], [ 114.969354695263064, 40.412868535254745 ], [ 114.970161800826531, 40.412868510973055 ], [ 114.970433823262397, 40.412600985147378 ], [ 114.970433823262397, 40.412061453073647 ], [ 114.971240925228585, 40.41206142339604 ], [ 114.971240925228585, 40.411249891369437 ], [ 114.970973339148372, 40.411249884174879 ], [ 114.970973340047635, 40.409635699128273 ], [ 114.971240925228585, 40.409635708121471 ], [ 114.971240924329209, 40.409096150866731 ], [ 114.970973340047635, 40.408828589967527 ], [ 114.970433823262397, 40.408828543202787 ], [ 114.970433823262397, 40.407477463813962 ], [ 114.970161800826531, 40.40747744582751 ] ], [ [ 114.962349472050505, 40.40720994338426 ], [ 114.962884565970057, 40.407209892122864 ], [ 114.962884565970057, 40.407749488947786 ], [ 114.962349472050505, 40.407749468263376 ], [ 114.962349472050505, 40.40720994338426 ] ], [ [ 114.957498007327217, 40.405051682888882 ], [ 114.959112183380626, 40.405051705371932 ], [ 114.959112183380626, 40.404784192136788 ], [ 114.959923748682172, 40.404784149868647 ], [ 114.959923748682172, 40.405591286009098 ], [ 114.957765515166443, 40.405591242841638 ], [ 114.957498008226594, 40.405323727807854 ], [ 114.957498007327217, 40.405051682888882 ] ], [ [ 114.951567381329596, 40.404516588070123 ], [ 114.952374438329684, 40.404516631237584 ], [ 114.952374439229061, 40.405051750338032 ], [ 114.95210692689318, 40.405051732351637 ], [ 114.95210692689318, 40.404784136378851 ], [ 114.951567382228973, 40.40478418494223 ], [ 114.951567381329596, 40.404516588070123 ] ], [ [ 114.95641883885844, 40.405323765579396 ], [ 114.956686435730489, 40.405323750290904 ], [ 114.956686436629752, 40.405051703573292 ], [ 114.957225976797417, 40.405051697278054 ], [ 114.957225975898155, 40.40532374219697 ], [ 114.956958468958192, 40.405591251834835 ], [ 114.95641883885844, 40.40559127971386 ], [ 114.95641883885844, 40.405323765579396 ] ], [ [ 114.95830504993819, 40.402898005338727 ], [ 114.959384214809688, 40.402897957674668 ], [ 114.959384213910425, 40.4034375302179 ], [ 114.959112183380626, 40.403705065936094 ], [ 114.958572646810239, 40.403705081224587 ], [ 114.958572647709616, 40.403165508681354 ], [ 114.958305050837453, 40.403165526667749 ], [ 114.95830504993819, 40.402898005338727 ] ] ] } },
{ "type": "Feature", "properties": { "PV_Area": 0.143054206543, "Inst_time": 20160910.0, "Inst_year": 2016, "Major_type": "Cropland", "Lat": 40.424026309799999, "Lon": 114.963821698, "Province": "河北", "Province_pinyin": "Hebei", "Province code": 13, "City": "张家口市", "City_pinyin": "Zhangjiakou", "City code": 1307, "County": "宣化县", "County_pinyin": "Xuanhua xian", "County code": 130721, "Township": "崞村镇", "Township_pinyin": "guo cun zhen" }, "geometry": { "type": "Polygon", "coordinates": [ [ [ 114.959923748682172, 40.423650656552638 ], [ 114.959923748682172, 40.424185730686986 ], [ 114.960191252024742, 40.424185700110002 ], [ 114.960191252024742, 40.424997249223736 ], [ 114.960463281655166, 40.424997271706786 ], [ 114.960730785897113, 40.425264804727021 ], [ 114.960730785897113, 40.425536827162887 ], [ 114.961809940876151, 40.425536845149338 ], [ 114.961809940876151, 40.425804335002113 ], [ 114.963963714653801, 40.425804347592646 ], [ 114.963963713754424, 40.425536787592705 ], [ 114.964503241331613, 40.425536827162887 ], [ 114.964503241331613, 40.425804386263451 ], [ 114.965310357686917, 40.425804352089244 ], [ 114.965310357686917, 40.42553679298868 ], [ 114.965849884364729, 40.425536823565608 ], [ 114.966121908599234, 40.425264814619538 ], [ 114.966121909498611, 40.424457750424892 ], [ 114.965042768009425, 40.424457703660153 ], [ 114.965042768009425, 40.423650624177014 ], [ 114.965582293787861, 40.423650661049237 ], [ 114.965582293787861, 40.423378637713995 ], [ 114.965849884364729, 40.423111075016152 ], [ 114.966929022256636, 40.423111046237864 ], [ 114.966929022256636, 40.422839095747747 ], [ 114.967196521102665, 40.422571550136979 ], [ 114.967468545337169, 40.422571554633578 ], [ 114.967468545337169, 40.422031958707976 ], [ 114.965310358586294, 40.422031983888985 ], [ 114.965042767110049, 40.421764398708092 ], [ 114.965042768908688, 40.421492440124041 ], [ 114.963963713754424, 40.421492415842351 ], [ 114.963963713754424, 40.422571488083747 ], [ 114.964235649855368, 40.42257152315733 ], [ 114.964235649855368, 40.422839095747747 ], [ 114.963963713754424, 40.422839060674164 ], [ 114.963696123177556, 40.423111076814791 ], [ 114.963696123177556, 40.423918169787783 ], [ 114.961809940876151, 40.423918147304732 ], [ 114.961809940876151, 40.424457743230334 ], [ 114.96099838007126, 40.42445773693504 ], [ 114.96099838007126, 40.423378609835027 ], [ 114.960191252024742, 40.423378596345174 ], [ 114.960191252924005, 40.423650626874974 ], [ 114.959923748682172, 40.423650656552638 ] ] ] } },
{ "type": "Feature", "properties": { "PV_Area": 0.038466542931500002, "Inst_time": 20181026.0, "Inst_year": 2018, "Major_type": "Grassland", "Lat": 40.452921159900001, "Lon": 114.977766887, "Province": "河北", "Province_pinyin": "Hebei", "Province code": 13, "City": "张家口市", "City_pinyin": "Zhangjiakou", "City code": 1307, "County": "宣化县", "County_pinyin": "Xuanhua xian", "County code": 130721, "Township": "崞村镇", "Township_pinyin": "guo cun zhen" }, "geometry": { "type": "Polygon", "coordinates": [ [ [ 114.975548417925211, 40.453532416687722 ], [ 114.9759415682488, 40.453544490985507 ], [ 114.9759415682488, 40.453598307316099 ], [ 114.976272373970914, 40.453605250981582 ], [ 114.976393289618727, 40.453508034268395 ], [ 114.976397851879369, 40.453360474406395 ], [ 114.976489108785358, 40.453367418071934 ], [ 114.976525611367947, 40.453282353897578 ], [ 114.977162127230486, 40.453273673641206 ], [ 114.97717353423127, 40.453172984645562 ], [ 114.977568219697673, 40.453166040980079 ], [ 114.977597878439383, 40.453259785410808 ], [ 114.977857959677181, 40.453258049719295 ], [ 114.977855678996434, 40.453433386041979 ], [ 114.978524134281429, 40.453447274272321 ], [ 114.978517289541287, 40.453544490985507 ], [ 114.979477767285175, 40.453542754394675 ], [ 114.979491455866082, 40.45346637047669 ], [ 114.979929487755726, 40.45343685832438 ], [ 114.980084624406004, 40.453291033254629 ], [ 114.980182725152758, 40.453216385028213 ], [ 114.98017359973187, 40.453166040980079 ], [ 114.979899829013902, 40.453193816541443 ], [ 114.979877015012335, 40.453027159575811 ], [ 114.979473204125156, 40.4530115356539 ], [ 114.979491455866082, 40.452799740815465 ], [ 114.979758381843908, 40.452789324867524 ], [ 114.979783477425599, 40.45269384294653 ], [ 114.979864837292439, 40.452696136217753 ], [ 114.979864837292439, 40.452483138086393 ], [ 114.979325243165476, 40.452483212730158 ], [ 114.979325244064853, 40.452215647334299 ], [ 114.978785739870091, 40.452215623951929 ], [ 114.978518160984436, 40.452483189347788 ], [ 114.978518161883699, 40.453022699837788 ], [ 114.978246145743128, 40.453022697139829 ], [ 114.977978655890297, 40.452755182106046 ], [ 114.977978655890297, 40.452542960089602 ], [ 114.97772791950797, 40.452537600130199 ], [ 114.977721074767828, 40.452228585880562 ], [ 114.977479244371693, 40.452211226267138 ], [ 114.977490651372477, 40.452115743446882 ], [ 114.976931703835135, 40.452093174960112 ], [ 114.976778848764866, 40.452212961958708 ], [ 114.976721813760719, 40.45252544849069 ], [ 114.976619149853946, 40.452521976208288 ], [ 114.976607742853162, 40.452631346359624 ], [ 114.976384164197839, 40.452622666103196 ], [ 114.976395571198736, 40.452506352286377 ], [ 114.976222182807533, 40.452502880003976 ], [ 114.976203931965983, 40.45283619753252 ], [ 114.975825216660496, 40.452829252967717 ], [ 114.975816090340345, 40.4525410724126 ], [ 114.975453345195774, 40.452466423286864 ], [ 114.975409997873157, 40.45255322495143 ], [ 114.975560571363303, 40.452570585464173 ], [ 114.975548417925211, 40.453532416687722 ] ] ] } },
{ "type": "Feature", "properties": { "PV_Area": 0.069836639806799994, "Inst_time": 20160831.0, "Inst_year": 2016, "Major_type": "Grassland", "Lat": 40.436688725099998, "Lon": 114.918286056, "Province": "河北", "Province_pinyin": "Hebei", "Province code": 13, "City": "张家口市", "City_pinyin": "Zhangjiakou", "City code": 1307, "County": "宣化县", "County_pinyin": "Xuanhua xian", "County code": 130721, "Township": "崞村镇", "Township_pinyin": "guo cun zhen" }, "geometry": { "type": "Polygon", "coordinates": [ [ [ 114.916264650893027, 40.436046944011309 ], [ 114.91626464999365, 40.436854058567974 ], [ 114.91653218840986, 40.437121568205839 ], [ 114.917071790630644, 40.437121562809921 ], [ 114.917071790630644, 40.436853989320184 ], [ 114.917611302020077, 40.436854002810037 ], [ 114.917878837738272, 40.437121578997733 ], [ 114.917878838637534, 40.437661102977586 ], [ 114.918150903341598, 40.437661088588413 ], [ 114.918418440858431, 40.437933112822975 ], [ 114.918418439059792, 40.438472701553962 ], [ 114.918690412932278, 40.438740196802712 ], [ 114.919497548173354, 40.438740243567452 ], [ 114.9197695202472, 40.438472680869552 ], [ 114.9197695202472, 40.437661147044366 ], [ 114.919497548173354, 40.437661145245727 ], [ 114.919230011555896, 40.437393579849868 ], [ 114.919230011555896, 40.436586484178974 ], [ 114.919497548173354, 40.436314453649175 ], [ 114.919769521146577, 40.436314457246453 ], [ 114.919769521146577, 40.435507349884347 ], [ 114.918690412932278, 40.435507357978224 ], [ 114.918690412932278, 40.435235395796951 ], [ 114.918150903341598, 40.435235385005058 ], [ 114.918150904240861, 40.434967804320763 ], [ 114.917611302020077, 40.434967808817362 ], [ 114.917343765402507, 40.435235384105738 ], [ 114.91680425311381, 40.436046944011309 ], [ 114.916264650893027, 40.436046944011309 ] ] ] } },
{ "type": "Feature", "properties": { "PV_Area": 0.097412414850699999, "Inst_time": 20181101.0, "Inst_year": 2018, "Major_type": "Grassland", "Lat": 40.324754220499997, "Lon": 114.795321645, "Province": "河北", "Province_pinyin": "Hebei", "Province code": 13, "City": "张家口市", "City_pinyin": "Zhangjiakou", "City code": 1307, "County": "宣化县", "County_pinyin": "Xuanhua xian", "County code": 130721, "Township": "王家湾乡", "Township_pinyin": "wang jia wan xiang" }, "geometry": { "type": "Polygon", "coordinates": [ [ [ 114.793643894849879, 40.323882347292567 ], [ 114.793335703480011, 40.323879550400989 ], [ 114.793283991563044, 40.323568785171346 ], [ 114.793238362660418, 40.323478338554537 ], [ 114.793028472586002, 40.323292806617758 ], [ 114.792779037522678, 40.32329976467247 ], [ 114.792775996015507, 40.323944485949312 ], [ 114.792915922431916, 40.323967676766927 ], [ 114.793055849747702, 40.324385119577641 ], [ 114.792821624018757, 40.324879089298577 ], [ 114.792791205349886, 40.325229272712818 ], [ 114.793007179337906, 40.325233910516602 ], [ 114.793238362660418, 40.325157380908479 ], [ 114.793247488980455, 40.324897642312408 ], [ 114.79354863596086, 40.324904599467743 ], [ 114.793557761381635, 40.32496025760986 ], [ 114.793798071024185, 40.324969534116747 ], [ 114.793919746599045, 40.324886046453912 ], [ 114.793928872019933, 40.324835026115636 ], [ 114.793813280358677, 40.324832707663404 ], [ 114.793821845501839, 40.324475745159589 ], [ 114.794183416131773, 40.324475743360892 ], [ 114.794183416131773, 40.324854328264678 ], [ 114.794141804500782, 40.324855898480962 ], [ 114.793995794170655, 40.325159700260031 ], [ 114.793959291588067, 40.325319716631668 ], [ 114.794087051076644, 40.32541247990207 ], [ 114.794183416131773, 40.325410772089526 ], [ 114.794183416131773, 40.325554858769749 ], [ 114.794450958145262, 40.325554884850135 ], [ 114.794450958145262, 40.326036881896641 ], [ 114.79436690480884, 40.326038629279367 ], [ 114.794105301918194, 40.326298363378839 ], [ 114.794135720587064, 40.3266230294293 ], [ 114.794576794883255, 40.326629986584692 ], [ 114.794811020612201, 40.326476930066349 ], [ 114.794817052365147, 40.326361969729192 ], [ 114.795262545929859, 40.326361941850166 ], [ 114.795262545929859, 40.326116827129908 ], [ 114.795515902037323, 40.326127174729379 ], [ 114.795498488464546, 40.326618391625516 ], [ 114.795893933857997, 40.326625348780851 ], [ 114.796097740918071, 40.326430549330439 ], [ 114.796082531583579, 40.326203282555525 ], [ 114.796459726135481, 40.326205601007757 ], [ 114.796465809149822, 40.325885570962384 ], [ 114.796535772807715, 40.325883252510152 ], [ 114.79652360587977, 40.325783532084415 ], [ 114.79667265861633, 40.325783532084415 ], [ 114.796684825544276, 40.325560901314589 ], [ 114.796408013319251, 40.325553944159253 ], [ 114.796335008154188, 40.325386970632223 ], [ 114.79606960382921, 40.325398256224616 ], [ 114.79606960382921, 40.325015276334 ], [ 114.796876660829298, 40.325015350977708 ], [ 114.796876660829298, 40.325554899239251 ], [ 114.797688244117239, 40.325554884850135 ], [ 114.797688244117239, 40.323936232870892 ], [ 114.797416267546737, 40.323664223025503 ], [ 114.795262545929859, 40.323664167267566 ], [ 114.795262545929859, 40.323396653133102 ], [ 114.794722935615027, 40.323396679213431 ], [ 114.794722936514404, 40.323129090435202 ], [ 114.794450957245886, 40.323129121012187 ], [ 114.794450956346623, 40.32339663694529 ], [ 114.793911436863368, 40.32339663694529 ], [ 114.793911436863368, 40.323664225723519 ], [ 114.793643894849879, 40.323664196045854 ], [ 114.793643894849879, 40.323882347292567 ] ] ] } },
{ "type": "Feature", "properties": { "PV_Area": 0.057189353422200002, "Inst_time": 20170901.0, "Inst_year": 2017, "Major_type": "Grassland", "Lat": 40.309023492500003, "Lon": 114.85714341400001, "Province": "河北", "Province_pinyin": "Hebei", "Province code": 13, "City": "张家口市", "City_pinyin": "Zhangjiakou", "City code": 1307, "County": "宣化县", "County_pinyin": "Xuanhua xian", "County code": 130721, "Township": "王家湾乡", "Township_pinyin": "wang jia wan xiang" }, "geometry": { "type": "Polygon", "coordinates": [ [ [ 114.855897379760336, 40.309921233178443 ], [ 114.856164874109709, 40.309921244869599 ], [ 114.856164875009085, 40.310460838996562 ], [ 114.856976503263127, 40.310460829104045 ], [ 114.85724399581386, 40.310728326151377 ], [ 114.85724399581386, 40.311000351285259 ], [ 114.85778360073266, 40.311000335097447 ], [ 114.858051093283393, 40.310728390003248 ], [ 114.858051094182656, 40.308842124964144 ], [ 114.858323113920619, 40.308842124064824 ], [ 114.858323113920619, 40.308307061621633 ], [ 114.85859069730293, 40.308307049031157 ], [ 114.85859069730293, 40.307767516957369 ], [ 114.857783599833283, 40.307767517856689 ], [ 114.85778360073266, 40.308035015803398 ], [ 114.85724399581386, 40.308035024796595 ], [ 114.856976503263127, 40.307767513360091 ], [ 114.856976503263127, 40.307495472937774 ], [ 114.856436896545574, 40.307495474736413 ], [ 114.856436897444951, 40.307227973192482 ], [ 114.855897380659599, 40.307227949810112 ], [ 114.855629793680123, 40.307495529595087 ], [ 114.855629794579386, 40.308035073359974 ], [ 114.855897380659599, 40.308307034641985 ], [ 114.856436897444951, 40.308307055326395 ], [ 114.856436897444951, 40.308842122266185 ], [ 114.856704479927885, 40.308842114172307 ], [ 114.856704480827148, 40.309653674077822 ], [ 114.855897381558975, 40.309653739728333 ], [ 114.855897379760336, 40.309921233178443 ] ] ] } },
{ "type": "Feature", "properties": { "PV_Area": 0.0716894688153, "Inst_time": 20170704.0, "Inst_year": 2017, "Major_type": "Grassland", "Lat": 40.309184025599997, "Lon": 114.853353713, "Province": "河北", "Province_pinyin": "Hebei", "Province code": 13, "City": "张家口市", "City_pinyin": "Zhangjiakou", "City code": 1307, "County": "宣化县", "County_pinyin": "Xuanhua xian", "County code": 130721, "Township": "王家湾乡", "Township_pinyin": "wang jia wan xiang" }, "geometry": { "type": "Polygon", "coordinates": [ [ [ 114.855897379760336, 40.309921233178443 ], [ 114.855629794579386, 40.309921240373001 ], [ 114.855629793680123, 40.30911414470205 ], [ 114.855357773042897, 40.308842176225482 ], [ 114.854818255358282, 40.308842151044473 ], [ 114.854818254458905, 40.308574580252753 ], [ 114.854278735875027, 40.308574624319533 ], [ 114.854278734975651, 40.308842123165505 ], [ 114.853471629412184, 40.308842165433646 ], [ 114.85347163031156, 40.307227919233128 ], [ 114.852664522949453, 40.307227946212777 ], [ 114.852392496916309, 40.307495509809996 ], [ 114.852392496916309, 40.308035061668818 ], [ 114.85212499986892, 40.308035035588489 ], [ 114.852124998969543, 40.308842159138408 ], [ 114.851852974735039, 40.308842142051276 ], [ 114.85158538595681, 40.309114177976994 ], [ 114.851585386856186, 40.30992128893638 ], [ 114.851852974735039, 40.30992121968859 ], [ 114.851852975634415, 40.310460826406086 ], [ 114.85212499986892, 40.310728334245255 ], [ 114.852664522050077, 40.310728369318838 ], [ 114.852664521150814, 40.310460803023716 ], [ 114.853204043331971, 40.310460836298603 ], [ 114.85347163031156, 40.310193269104161 ], [ 114.85347163031156, 40.309921234077763 ], [ 114.855090277794147, 40.30992121968859 ], [ 114.855090276894771, 40.310193252017029 ], [ 114.855897380659599, 40.310193263708186 ], [ 114.855897379760336, 40.309921233178443 ] ] ] } },
{ "type": "Feature", "properties": { "PV_Area": 0.091438876487799997, "Inst_time": 20170709.0, "Inst_year": 2017, "Major_type": "Cropland", "Lat": 36.306501604300003, "Lon": 115.16157843000001, "Province": "河北", "Province_pinyin": "Hebei", "Province code": 13, "City": "邯郸市", "City_pinyin": "Handan", "City code": 1304, "County": "大名县", "County_pinyin": "Daming xian", "County code": 130425, "Township": "大名镇", "Township_pinyin": "da ming zhen" }, "geometry": { "type": "Polygon", "coordinates": [ [ [ 115.161286704118197, 36.308290253192695 ], [ 115.161400151795647, 36.308201857030156 ], [ 115.16187451269866, 36.307920703777484 ], [ 115.16252403905321, 36.307768437763229 ], [ 115.162860146278831, 36.307683465319712 ], [ 115.163196251705699, 36.307598490178236 ], [ 115.163332385681088, 36.307492413344278 ], [ 115.163351409939651, 36.306681437998009 ], [ 115.163248535591492, 36.306319292701232 ], [ 115.163141435329067, 36.306137366146572 ], [ 115.163119592595194, 36.306119001990396 ], [ 115.163008264619748, 36.306117290580573 ], [ 115.162920891885733, 36.306043834855132 ], [ 115.162813793421947, 36.305861907401152 ], [ 115.162717267388075, 36.305229436689217 ], [ 115.162507299971935, 36.304685363938461 ], [ 115.162400203306788, 36.304503435585161 ], [ 115.162378360572916, 36.304485072328305 ], [ 115.161599079134248, 36.304473087063343 ], [ 115.16137431067591, 36.30455977091674 ], [ 115.161351621680069, 36.30457744978952 ], [ 115.161124738016269, 36.304754241215335 ], [ 115.161112039589057, 36.305294890247012 ], [ 115.161107808278757, 36.305475107190489 ], [ 115.161103575169932, 36.305655324133966 ], [ 115.160899376005432, 36.305814434888305 ], [ 115.160788048030099, 36.305812721679786 ], [ 115.160317931027748, 36.305913655291022 ], [ 115.16002636002861, 36.305999306722697 ], [ 115.15989107231519, 36.30606933693042 ], [ 115.159803704077717, 36.305995879406339 ], [ 115.15981217389276, 36.305635447318082 ], [ 115.159790333856904, 36.305617082262586 ], [ 115.159567677906125, 36.305613654046965 ], [ 115.15954498891017, 36.305631332020425 ], [ 115.159429426027259, 36.305809833956744 ], [ 115.159525925980802, 36.306442305567998 ], [ 115.159547767815297, 36.306460670623494 ], [ 115.159659095790744, 36.306462384731333 ], [ 115.159855675898825, 36.306627664834934 ], [ 115.159960651063216, 36.306899704357932 ], [ 115.160063511022258, 36.307261850554028 ], [ 115.160057158211316, 36.307532175069866 ], [ 115.160273465847808, 36.307805927801382 ], [ 115.160622949589538, 36.308099756998217 ], [ 115.160952710299398, 36.308285113567194 ], [ 115.161286704118197, 36.308290253192695 ] ], [ [ 115.159585283933779, 36.305812235146561 ], [ 115.159676040816748, 36.305741518756122 ], [ 115.159763408154845, 36.305814977179523 ], [ 115.159672652171253, 36.305885692670643 ], [ 115.159585283933779, 36.305812235146561 ] ] ] } },
{ "type": "Feature", "properties": { "PV_Area": 0.11001220985600001, "Inst_time": 20181104.0, "Inst_year": 2018, "Major_type": "Grassland", "Lat": 40.319459534700002, "Lon": 114.788748153, "Province": "河北", "Province_pinyin": "Hebei", "Province code": 13, "City": "张家口市", "City_pinyin": "Zhangjiakou", "City code": 1307, "County": "宣化县", "County_pinyin": "Xuanhua xian", "County code": 130721, "Township": "王家湾乡", "Township_pinyin": "wang jia wan xiang" }, "geometry": { "type": "MultiPolygon", "coordinates": [ [ [ [ 114.78599909448269, 40.32022157326702 ], [ 114.786103607395603, 40.32022217671215 ], [ 114.786127129163788, 40.320341072482563 ], [ 114.78614467313821, 40.320429750132917 ], [ 114.786223378206387, 40.320430904862405 ], [ 114.786266469222255, 40.320431536186504 ], [ 114.786269390220241, 40.320376407745073 ], [ 114.786856475745822, 40.320374088393521 ], [ 114.786819973163347, 40.32053179710482 ], [ 114.786947732651811, 40.320666314099185 ], [ 114.786947732651811, 40.320782276281079 ], [ 114.787075491241012, 40.320789233436415 ], [ 114.787090701474767, 40.320900556915205 ], [ 114.787203250729476, 40.320905195618309 ], [ 114.787218460963231, 40.32102115690094 ], [ 114.787084617561163, 40.321023476252492 ], [ 114.787042031064971, 40.321086096046542 ], [ 114.786850542918273, 40.321087297540828 ], [ 114.786302851295659, 40.321090733850326 ], [ 114.786242013058541, 40.321345849031786 ], [ 114.787076556937564, 40.321337103124847 ], [ 114.787419492715458, 40.321716135890995 ], [ 114.787603260182323, 40.321716922797805 ], [ 114.787607822443078, 40.321822447448028 ], [ 114.787696037841897, 40.321872310358913 ], [ 114.787823797330475, 40.321936088479731 ], [ 114.787960682239714, 40.321975514758265 ], [ 114.788096046395481, 40.321973195406713 ], [ 114.78808905146866, 40.322050898630096 ], [ 114.788101199510834, 40.32204765927213 ], [ 114.788100608656237, 40.322052047963723 ], [ 114.788205554143019, 40.322060165244466 ], [ 114.788181219387866, 40.322217870358486 ], [ 114.788117339643577, 40.322221348936182 ], [ 114.788111255729973, 40.322259615988514 ], [ 114.788239015218437, 40.322420799680231 ], [ 114.788473240947383, 40.322416160977127 ], [ 114.788482366368157, 40.322365138840155 ], [ 114.78834700221239, 40.322213231655383 ], [ 114.788310499629915, 40.322177284853865 ], [ 114.788389588708583, 40.321934928354324 ], [ 114.788367730686332, 40.321934377969228 ], [ 114.788828711475958, 40.321308760091256 ], [ 114.788992016668317, 40.321218034684591 ], [ 114.789226108398225, 40.321219451116804 ], [ 114.789202717031799, 40.321100978927063 ], [ 114.789183521902032, 40.321003763113254 ], [ 114.788924961417933, 40.321013039620141 ], [ 114.78906793024089, 40.320781116155615 ], [ 114.789064888733719, 40.320716177909333 ], [ 114.789253485559925, 40.320699942448414 ], [ 114.789384287454936, 40.320560787650265 ], [ 114.7894299154583, 40.320349736551179 ], [ 114.789490752796041, 40.320340459144916 ], [ 114.789472501954492, 40.320277839350865 ], [ 114.788763740854051, 40.320298712615568 ], [ 114.788702903516196, 40.320210580853654 ], [ 114.788617730523924, 40.320219857360598 ], [ 114.788642065279191, 40.320454102874578 ], [ 114.788438259118379, 40.320444825468371 ], [ 114.788337876791616, 40.320345097848019 ], [ 114.788185781648622, 40.320338139793364 ], [ 114.787848132085742, 40.320347417199571 ], [ 114.787927221164409, 40.320180430182745 ], [ 114.787915053337088, 40.320069105804635 ], [ 114.788021519577569, 40.320062147749979 ], [ 114.788033687404777, 40.319779196752563 ], [ 114.787908969423484, 40.31969570279449 ], [ 114.787543942698903, 40.319670190826685 ], [ 114.787553069018941, 40.31932693668881 ], [ 114.787747749758864, 40.319180821138048 ], [ 114.787893760088991, 40.319016151674134 ], [ 114.788015435663851, 40.31899295815856 ], [ 114.788021519577569, 40.318948891378284 ], [ 114.788222284231097, 40.318969765542306 ], [ 114.788651191599229, 40.31894425267518 ], [ 114.788821537583999, 40.318939613972077 ], [ 114.788818495177452, 40.319046302345043 ], [ 114.788596437275828, 40.319062536906586 ], [ 114.788587311855053, 40.319213292059828 ], [ 114.788934086838708, 40.319194737247358 ], [ 114.788976673334901, 40.319271274050095 ], [ 114.789159187146879, 40.319255038589233 ], [ 114.789140935405953, 40.319405792843099 ], [ 114.789028386151131, 40.319398834788444 ], [ 114.789019259831093, 40.319542630987655 ], [ 114.789210899063846, 40.319524076175242 ], [ 114.789210899063846, 40.319595974274819 ], [ 114.78909530740259, 40.319621486242625 ], [ 114.789143977812387, 40.319730492168503 ], [ 114.789435999371904, 40.319714257606961 ], [ 114.789569842774085, 40.31974440827787 ], [ 114.789765769974338, 40.319790609149322 ], [ 114.789721008917468, 40.31948847201545 ], [ 114.789784322088849, 40.319416114362241 ], [ 114.790242100392675, 40.319389557382237 ], [ 114.790312064050568, 40.319299105369453 ], [ 114.790254268219996, 40.319192417895806 ], [ 114.789947981614091, 40.319229076960369 ], [ 114.789970854071726, 40.3192029372658 ], [ 114.790003904156947, 40.319191576130379 ], [ 114.790141718065911, 40.318907143949559 ], [ 114.790515870211266, 40.318907143949559 ], [ 114.790521404639208, 40.319013684833749 ], [ 114.790927102303954, 40.318874226064736 ], [ 114.790972153841835, 40.318522138785738 ], [ 114.791030424514588, 40.318524914992906 ], [ 114.79102690816535, 40.318427046271211 ], [ 114.790877855428789, 40.318304122437326 ], [ 114.790722718778511, 40.31829716438267 ], [ 114.790722718778511, 40.318424726919659 ], [ 114.790667965354373, 40.318547650753544 ], [ 114.789986581415633, 40.318561566862854 ], [ 114.789907492336965, 40.318440962380578 ], [ 114.789779732848501, 40.318447920435233 ], [ 114.789703685276891, 40.318529096840393 ], [ 114.78970064376972, 40.318647381071855 ], [ 114.789612429270278, 40.318649700423407 ], [ 114.789597219036523, 40.318754069444822 ], [ 114.7894299154583, 40.31875175009327 ], [ 114.789293030548947, 40.318584760378428 ], [ 114.789293030548947, 40.318280928921808 ], [ 114.789359951800407, 40.318290206328015 ], [ 114.789356910293236, 40.318253096703131 ], [ 114.789293030548947, 40.318246138648419 ], [ 114.789280862721739, 40.317939986940871 ], [ 114.789807110010202, 40.317970138511157 ], [ 114.789831444765468, 40.318030441651615 ], [ 114.789919660164287, 40.318028122300063 ], [ 114.789975970314799, 40.317966471975126 ], [ 114.789935160879054, 40.317953719588559 ], [ 114.789935160879054, 40.317239881815169 ], [ 114.789007171144135, 40.316561735435812 ], [ 114.788114872803249, 40.316918654772167 ], [ 114.787186883068216, 40.317454032877379 ], [ 114.786330277020738, 40.317989411881911 ], [ 114.786094230164622, 40.318239344270353 ], [ 114.786780428174325, 40.318246138648419 ], [ 114.786810846843196, 40.318174239649466 ], [ 114.786917313083563, 40.318169600946362 ], [ 114.78722758638412, 40.317909835370642 ], [ 114.788131028224484, 40.317837936371745 ], [ 114.788124944310766, 40.317949264347135 ], [ 114.788124944310766, 40.318079147134995 ], [ 114.788188824055055, 40.318176559001074 ], [ 114.788258787712948, 40.318273970867097 ], [ 114.78887933341457, 40.318294845031119 ], [ 114.789016218323923, 40.318304122437326 ], [ 114.789046636992794, 40.318336592459843 ], [ 114.789052720906398, 40.318526777488842 ], [ 114.788791118015752, 40.318522138785738 ], [ 114.788632939858303, 40.318851480411524 ], [ 114.788316583543519, 40.318867715872443 ], [ 114.788340918298786, 40.318772624257235 ], [ 114.788118860397162, 40.31834586986605 ], [ 114.787991100908698, 40.31834586986605 ], [ 114.787908969423484, 40.318494306567061 ], [ 114.787899844002709, 40.318568524917566 ], [ 114.788015435663851, 40.318563886214406 ], [ 114.788109734976388, 40.31881437168596 ], [ 114.78798501699498, 40.318823649092167 ], [ 114.788000226329473, 40.318932656816685 ], [ 114.787787293848623, 40.318958168784491 ], [ 114.787735581931656, 40.318821329740615 ], [ 114.787492230781936, 40.318819010389063 ], [ 114.787492230781936, 40.318893228739569 ], [ 114.787312759376391, 40.318900185894904 ], [ 114.787288423721861, 40.318955849432939 ], [ 114.787045072572141, 40.318986000103848 ], [ 114.787008569989553, 40.319336214095074 ], [ 114.787188041395098, 40.319338533446626 ], [ 114.78718195748138, 40.319428985459353 ], [ 114.787309716969958, 40.319428985459353 ], [ 114.787288423721861, 40.319531034229897 ], [ 114.787373596714133, 40.319544949439944 ], [ 114.787358387379754, 40.31963308300044 ], [ 114.787008569989553, 40.319642359507327 ], [ 114.786896019835467, 40.319649317561982 ], [ 114.786883852907522, 40.319482329645837 ], [ 114.786302851295659, 40.319500883558987 ], [ 114.786296767381941, 40.31999720860432 ], [ 114.785870404195862, 40.319992021314761 ], [ 114.78590197309768, 40.320130927000719 ], [ 114.78599909448269, 40.32022157326702 ] ] ], [ [ [ 114.791042117499728, 40.319665552123581 ], [ 114.791486234202353, 40.319672510178236 ], [ 114.791620076705271, 40.319524076175242 ], [ 114.791629203025309, 40.319484648098069 ], [ 114.791763045528228, 40.319480010294285 ], [ 114.791769129441832, 40.319377961523742 ], [ 114.79228625130952, 40.319229526621427 ], [ 114.792121989238467, 40.319391876733789 ], [ 114.79219195289636, 40.31958437751706 ], [ 114.79231362847122, 40.319572781658621 ], [ 114.792292335223124, 40.319408112194651 ], [ 114.792398801463605, 40.319331575391971 ], [ 114.792508309211144, 40.31921561051206 ], [ 114.792581314376207, 40.319129797202436 ], [ 114.792636068699721, 40.318921060058926 ], [ 114.792681696702971, 40.318897866543352 ], [ 114.792666487368592, 40.318846842607741 ], [ 114.792572188955432, 40.31882828779527 ], [ 114.792572188955432, 40.318737834883223 ], [ 114.792310586064787, 40.318747112289429 ], [ 114.79231362847122, 40.31883292649843 ], [ 114.792331879312883, 40.318860757817788 ], [ 114.792386633636283, 40.318860757817788 ], [ 114.792319712384824, 40.319025428181021 ], [ 114.79243530404608, 40.319013832322582 ], [ 114.792398801463605, 40.31915298981869 ], [ 114.792103737497541, 40.31920169530207 ], [ 114.792103737497541, 40.319099646531527 ], [ 114.791760004021057, 40.319111242389965 ], [ 114.791726542945639, 40.319331575391971 ], [ 114.791501443536845, 40.319329256040362 ], [ 114.791440605299726, 40.319408112194651 ], [ 114.791188128729232, 40.319405792843099 ], [ 114.791154667653814, 40.319482329645837 ], [ 114.791042117499728, 40.319482329645837 ], [ 114.791042117499728, 40.319665552123581 ] ] ], [ [ [ 114.792112863817692, 40.321636910115387 ], [ 114.792121989238467, 40.321718082923269 ], [ 114.792173701155434, 40.321764467256401 ], [ 114.79243530404608, 40.321892023498151 ], [ 114.7926239008724, 40.321947684338227 ], [ 114.792657361947704, 40.322235264146173 ], [ 114.792879419849442, 40.322439352694005 ], [ 114.792991970003527, 40.322446309849397 ], [ 114.792970676755431, 40.322592418205602 ], [ 114.792967634348884, 40.322736207210255 ], [ 114.793107561664669, 40.322745484616462 ], [ 114.793122770999162, 40.322539077616398 ], [ 114.793101477751065, 40.322135539223837 ], [ 114.793226195732359, 40.322133219872228 ], [ 114.793217069412322, 40.322026536895237 ], [ 114.793393499310582, 40.322024217543685 ], [ 114.79400491959143, 40.321769105060184 ], [ 114.79400491959143, 40.321720402274821 ], [ 114.793430001893171, 40.321731998133259 ], [ 114.792973718262601, 40.321922173269741 ], [ 114.792572188955432, 40.321885065443496 ], [ 114.792395759057058, 40.321636910115387 ], [ 114.792112863817692, 40.321636910115387 ] ] ], [ [ [ 114.793725065859121, 40.322931017452561 ], [ 114.794184390996861, 40.322900868580291 ], [ 114.794190474910579, 40.322951890717263 ], [ 114.79444295238045, 40.322942613311 ], [ 114.794707596778267, 40.322673590114164 ], [ 114.794668051789245, 40.322571545840219 ], [ 114.794445993887621, 40.322576184543323 ], [ 114.794439909973903, 40.322615610821856 ], [ 114.794236103813205, 40.32262024862564 ], [ 114.794199600331353, 40.322747803068694 ], [ 114.793645976780454, 40.322780272191835 ], [ 114.793636850460302, 40.322822016922601 ], [ 114.793725065859121, 40.322931017452561 ] ] ] ] } },
{ "type": "Feature", "properties": { "PV_Area": 0.035391669934400002, "Inst_time": 20181105.0, "Inst_year": 2018, "Major_type": "Grassland", "Lat": 40.322883833600002, "Lon": 114.790971478, "Province": "河北", "Province_pinyin": "Hebei", "Province code": 13, "City": "张家口市", "City_pinyin": "Zhangjiakou", "City code": 1307, "County": "宣化县", "County_pinyin": "Xuanhua xian", "County code": 130721, "Township": "王家湾乡", "Township_pinyin": "wang jia wan xiang" }, "geometry": { "type": "Polygon", "coordinates": [ [ [ 114.790223916100899, 40.323979961506097 ], [ 114.790356171300346, 40.323966517540782 ], [ 114.790109777744078, 40.32341224288075 ], [ 114.790042856492732, 40.32276519685638 ], [ 114.790499140123302, 40.322742005139503 ], [ 114.790502181630472, 40.322561110107188 ], [ 114.790925005085001, 40.32256342855942 ], [ 114.790912837257679, 40.323008709884107 ], [ 114.790745533679456, 40.323296285195454 ], [ 114.7907303234457, 40.323449349807674 ], [ 114.79080332951014, 40.323560668789867 ], [ 114.790961507667475, 40.323569945296811 ], [ 114.791125769738528, 40.323307881053893 ], [ 114.791168356234721, 40.32318264686171 ], [ 114.791217026644517, 40.323140902131001 ], [ 114.791217026644517, 40.323066689176414 ], [ 114.791156188407399, 40.323022625094097 ], [ 114.791302199636903, 40.322776792714876 ], [ 114.791572927948323, 40.322739686687271 ], [ 114.791542508380076, 40.323358902291545 ], [ 114.791554676207397, 40.32382968838948 ], [ 114.791338702219377, 40.323864475964854 ], [ 114.791265697054314, 40.324015219426883 ], [ 114.791350870046699, 40.32427032291713 ], [ 114.79153034145213, 40.324319024803231 ], [ 114.79210830065756, 40.324328301310118 ], [ 114.792275604235783, 40.324163643537361 ], [ 114.792242144059742, 40.324114941651317 ], [ 114.792099175236785, 40.324105665144373 ], [ 114.792068755668652, 40.323899262640907 ], [ 114.792226934725363, 40.32388998613402 ], [ 114.792382070476265, 40.323792582361818 ], [ 114.792409447637965, 40.32338209400848 ], [ 114.792254310987687, 40.323363540994649 ], [ 114.79232427464558, 40.323133944975609 ], [ 114.792345567893676, 40.322746643842606 ], [ 114.791855823187802, 40.322728090828775 ], [ 114.791834529939706, 40.322653876974869 ], [ 114.791588137282815, 40.322491534057121 ], [ 114.791442126053312, 40.32250312991556 ], [ 114.791131853652132, 40.322220189710038 ], [ 114.791207900324366, 40.322071761102961 ], [ 114.791119685824924, 40.321927971198988 ], [ 114.791095351069657, 40.321867671655752 ], [ 114.791186635854615, 40.32182742249762 ], [ 114.791294218153666, 40.321881213647146 ], [ 114.791366079381078, 40.321691411729319 ], [ 114.791499921883997, 40.321663581309281 ], [ 114.791402581963666, 40.321524428309772 ], [ 114.790955423753871, 40.321566174839177 ], [ 114.79084895751339, 40.321684454573983 ], [ 114.790778993855497, 40.321737796062507 ], [ 114.790736407359418, 40.321798095605686 ], [ 114.790334878052249, 40.321774902989432 ], [ 114.79045959513428, 40.32144325640121 ], [ 114.790456553627109, 40.321250761013857 ], [ 114.790146280326667, 40.321266995575456 ], [ 114.790182783808518, 40.321415425081852 ], [ 114.790292291556057, 40.321438617698107 ], [ 114.79005502431994, 40.321844479938875 ], [ 114.789966808921122, 40.322173805376849 ], [ 114.789537902452253, 40.322408043696328 ], [ 114.789595698282938, 40.322498492111777 ], [ 114.789650452606338, 40.322702579760289 ], [ 114.7895409448588, 40.322728090828775 ], [ 114.789586572862163, 40.323363540994649 ], [ 114.789656536520056, 40.323511966903823 ], [ 114.789775169688369, 40.323505008849111 ], [ 114.789799505343012, 40.323651115406676 ], [ 114.789945515673026, 40.323646476703573 ], [ 114.789994186082936, 40.323873752471741 ], [ 114.790158448153875, 40.323938688020064 ], [ 114.790223916100899, 40.323979961506097 ] ] ] } },
{ "type": "Feature", "properties": { "PV_Area": 0.066209564704700005, "Inst_time": 20181101.0, "Inst_year": 2018, "Major_type": "Grassland", "Lat": 40.322706328000002, "Lon": 114.778812472, "Province": "河北", "Province_pinyin": "Hebei", "Province code": 13, "City": "张家口市", "City_pinyin": "Zhangjiakou", "City code": 1307, "County": "宣化县", "County_pinyin": "Xuanhua xian", "County code": 130721, "Township": "王家湾乡", "Township_pinyin": "wang jia wan xiang" }, "geometry": { "type": "MultiPolygon", "coordinates": [ [ [ [ 114.7802857285036, 40.320920148645996 ], [ 114.780324014441817, 40.321048988220298 ], [ 114.78032097203527, 40.321111607115029 ], [ 114.780357475517121, 40.321292506643942 ], [ 114.780418312854863, 40.321392233364918 ], [ 114.780503485847248, 40.32164502739613 ], [ 114.780378048408238, 40.32178397085363 ], [ 114.780387390565693, 40.321809921690601 ], [ 114.780366600937896, 40.321879267514248 ], [ 114.780293595772832, 40.321965078125913 ], [ 114.780141500629838, 40.321976673984352 ], [ 114.780092830220042, 40.321988269842848 ], [ 114.779971154645182, 40.322009143107493 ], [ 114.779882940145626, 40.322076399806065 ], [ 114.779831228228659, 40.322190039938448 ], [ 114.779809934980563, 40.322273531198562 ], [ 114.779946819889915, 40.322275849650794 ], [ 114.780022867461412, 40.322139017801476 ], [ 114.780114123468138, 40.322143656504579 ], [ 114.780178003212313, 40.322120463888325 ], [ 114.780241882956602, 40.322046250034475 ], [ 114.780339223776195, 40.322011462459102 ], [ 114.780406145027655, 40.321995227897503 ], [ 114.78044974865702, 40.321983139210545 ], [ 114.780460962303664, 40.322014288128969 ], [ 114.780685999659227, 40.321828245377276 ], [ 114.78073466916976, 40.32169373108087 ], [ 114.78155293801774, 40.321682135222431 ], [ 114.781562064337891, 40.321744754117162 ], [ 114.781572515359358, 40.321839147858441 ], [ 114.781829939999739, 40.321787662570614 ], [ 114.781841918070086, 40.321617196976092 ], [ 114.782124814208828, 40.321406148574965 ], [ 114.782161316791417, 40.321329614470187 ], [ 114.782419877275629, 40.321322656415532 ], [ 114.782523302008826, 40.321280910785447 ], [ 114.782714940342316, 40.321264676223905 ], [ 114.782733192083242, 40.321209014484509 ], [ 114.782854867658102, 40.321195099274462 ], [ 114.783189475713812, 40.321044349517194 ], [ 114.783198601134586, 40.320970133864648 ], [ 114.783192517220982, 40.320905195618309 ], [ 114.783312255656142, 40.320909441317724 ], [ 114.783332156753659, 40.320844764774108 ], [ 114.783329349969563, 40.320833537637725 ], [ 114.783116470548748, 40.320835618668923 ], [ 114.783089093387048, 40.320928388234563 ], [ 114.782517218095222, 40.320930706686795 ], [ 114.782544595256923, 40.320819384107324 ], [ 114.782797071827417, 40.320812426052669 ], [ 114.782873119399028, 40.320705741276981 ], [ 114.782885286326973, 40.32065471734137 ], [ 114.782994794973888, 40.320645440834483 ], [ 114.782973501725792, 40.320592097547319 ], [ 114.782727108169524, 40.320603694305078 ], [ 114.782705814921428, 40.320687187363831 ], [ 114.78235295602417, 40.320698783222326 ], [ 114.782368165358662, 40.320937664741507 ], [ 114.78206701747888, 40.320974772567752 ], [ 114.781939258889793, 40.321086096046542 ], [ 114.781984886893042, 40.321334253173291 ], [ 114.781644194923729, 40.321450213556545 ], [ 114.781604650834083, 40.32152210985754 ], [ 114.781291336026356, 40.321526747661323 ], [ 114.781300461447245, 40.321322656415532 ], [ 114.781622901675632, 40.321331933821739 ], [ 114.781610733848311, 40.321132480379731 ], [ 114.78165636275105, 40.321002602987789 ], [ 114.781628985589236, 40.3209724532162 ], [ 114.781507310014376, 40.320921430179908 ], [ 114.781440388763031, 40.320886641705215 ], [ 114.781200079120367, 40.320898237563654 ], [ 114.781111863721549, 40.32103507301025 ], [ 114.781029733135711, 40.321246122310754 ], [ 114.78051869518174, 40.321253080365409 ], [ 114.780473067178377, 40.321072179937232 ], [ 114.78051565367457, 40.320819384107324 ], [ 114.780530863008948, 40.320759083664825 ], [ 114.78051565367457, 40.320715017783868 ], [ 114.780394893609468, 40.320713947590662 ], [ 114.7802857285036, 40.320920148645996 ] ] ], [ [ [ 114.781680697506204, 40.320457581452274 ], [ 114.782270824538955, 40.320432069484468 ], [ 114.782301243207826, 40.320313787951022 ], [ 114.782292117787051, 40.320156078340403 ], [ 114.782675396252557, 40.320130566372598 ], [ 114.783003920394663, 40.31991255542016 ], [ 114.782918747402277, 40.319794272088018 ], [ 114.782821406582684, 40.319740928800854 ], [ 114.782648019090857, 40.319740928800854 ], [ 114.782544595256923, 40.319838338868294 ], [ 114.782483757019804, 40.319970536511107 ], [ 114.782003138633968, 40.319979813917314 ], [ 114.781954468224171, 40.320070265030779 ], [ 114.781625944082066, 40.320125927669494 ], [ 114.781595524513932, 40.320330022512564 ], [ 114.781601608427536, 40.320371769041969 ], [ 114.781680697506204, 40.320457581452274 ] ] ], [ [ [ 114.780889805819925, 40.320060988523835 ], [ 114.781020607714936, 40.320056349820732 ], [ 114.781260916458223, 40.31975252555867 ], [ 114.781251791037334, 40.319671350952149 ], [ 114.780926308402513, 40.319664392897494 ], [ 114.780865471064658, 40.319750206207118 ], [ 114.780865471064658, 40.319921831927047 ], [ 114.780889805819925, 40.320060988523835 ] ] ], [ [ [ 114.781187911293159, 40.319411590772347 ], [ 114.781309586868019, 40.319404632717692 ], [ 114.781434304849313, 40.319205173879709 ], [ 114.781376509018742, 40.319028907658037 ], [ 114.781428220935709, 40.318803935053609 ], [ 114.78153468717619, 40.318766826328044 ], [ 114.781677655999033, 40.318592877659228 ], [ 114.781665488171825, 40.318523298011826 ], [ 114.781492100679998, 40.318558088285215 ], [ 114.781276125792601, 40.318808573756712 ], [ 114.781206163034085, 40.319024268954877 ], [ 114.781145324796967, 40.319191258669719 ], [ 114.781084487459225, 40.319267795472456 ], [ 114.781081445052678, 40.319311861353356 ], [ 114.781187911293159, 40.319411590772347 ] ] ], [ [ [ 114.78373701625037, 40.319724694239312 ], [ 114.783767434919241, 40.319868488639884 ], [ 114.783834357069964, 40.319935748036414 ], [ 114.783931696990294, 40.319968218058875 ], [ 114.784205467708261, 40.320079542436986 ], [ 114.784348436531218, 40.320153758988852 ], [ 114.784926395736647, 40.320144481582588 ], [ 114.7849233533301, 40.320091139194744 ], [ 114.784357561951992, 40.320077223085434 ], [ 114.784357561951992, 40.319958940652668 ], [ 114.784284556786929, 40.319868488639884 ], [ 114.784202425301714, 40.31979659143957 ], [ 114.78407466581325, 40.319731652293967 ], [ 114.78373701625037, 40.319724694239312 ] ] ], [ [ [ 114.779463159097531, 40.323036539404825 ], [ 114.779691300912873, 40.323015667039442 ], [ 114.779615253341376, 40.322628365906439 ], [ 114.779569625338013, 40.322595897682561 ], [ 114.779396237846186, 40.322524003180263 ], [ 114.779298897026592, 40.322477618847074 ], [ 114.779177221451619, 40.322445150623253 ], [ 114.779128551041822, 40.322398767189384 ], [ 114.779149844289918, 40.322336149193973 ], [ 114.779238058789474, 40.322227146865373 ], [ 114.779289771605704, 40.322143656504579 ], [ 114.779344525029842, 40.322023058317541 ], [ 114.779335399609067, 40.321951162915866 ], [ 114.779286729199271, 40.321770265185648 ], [ 114.779058587383929, 40.321529067012875 ], [ 114.778824361654983, 40.321568494190728 ], [ 114.778812194727038, 40.321735476710955 ], [ 114.778833487975135, 40.321869991007304 ], [ 114.778873032064894, 40.321992908545951 ], [ 114.778946037229844, 40.32206944175141 ], [ 114.77896733047794, 40.3220833569614 ], [ 114.77904337804955, 40.322081037609848 ], [ 114.778982540711695, 40.322222509061589 ], [ 114.778650974163156, 40.322206274500047 ], [ 114.778644890249552, 40.322268892495458 ], [ 114.778733105648371, 40.322377893924738 ], [ 114.778818278640756, 40.322440511920149 ], [ 114.778912577053802, 40.3224590658333 ], [ 114.778961247463712, 40.322466022988635 ], [ 114.779095089966518, 40.322498492111777 ], [ 114.779177221451619, 40.322556471404084 ], [ 114.779301938533649, 40.322697941057186 ], [ 114.779289771605704, 40.322790707924867 ], [ 114.779286729199271, 40.322855645271886 ], [ 114.779295855519422, 40.322911305212642 ], [ 114.779341483522671, 40.322978561011837 ], [ 114.779463159097531, 40.323036539404825 ] ] ], [ [ [ 114.779691300912873, 40.323767072192652 ], [ 114.779840353649433, 40.323755476334213 ], [ 114.780138459122668, 40.323632562392902 ], [ 114.780138459122668, 40.323546753579876 ], [ 114.780439606102959, 40.323511966903823 ], [ 114.780436564595789, 40.323449349807674 ], [ 114.780612993594787, 40.323433115246132 ], [ 114.780710334414493, 40.323326434067724 ], [ 114.780789423493161, 40.323277732181623 ], [ 114.780813759147691, 40.323226710944027 ], [ 114.78078638198599, 40.323059731121759 ], [ 114.781057110297411, 40.323022625094097 ], [ 114.781060151804581, 40.32296464580179 ], [ 114.781227456282181, 40.322948411240247 ], [ 114.781142283289796, 40.322813899641801 ], [ 114.780883721906321, 40.3228301342034 ], [ 114.780798548913936, 40.322953049943351 ], [ 114.780616036001334, 40.322985518167172 ], [ 114.780451773930281, 40.322976241660285 ], [ 114.780418312854863, 40.322906666509482 ], [ 114.780327055948987, 40.322895070651043 ], [ 114.780038076795904, 40.322899709354147 ], [ 114.780025908968582, 40.322799984431811 ], [ 114.77993769446914, 40.322769835559541 ], [ 114.779800808660411, 40.322760559052597 ], [ 114.779800808660411, 40.322820857696456 ], [ 114.779895107972948, 40.322846367865623 ], [ 114.779846437563151, 40.322927538874865 ], [ 114.779791683239637, 40.323004071181003 ], [ 114.779800808660411, 40.323094518697133 ], [ 114.779803851066958, 40.323178008158607 ], [ 114.779749096743444, 40.323254540464745 ], [ 114.779776473905258, 40.323307881053893 ], [ 114.779816018894167, 40.323363540994649 ], [ 114.779831228228659, 40.323384413360031 ], [ 114.77993769446914, 40.323393689866919 ], [ 114.779992447893164, 40.323400647022311 ], [ 114.779946819889915, 40.323465583469954 ], [ 114.779812976487733, 40.323560668789867 ], [ 114.779764306077936, 40.323586178959033 ], [ 114.77971563566814, 40.323623284986638 ], [ 114.779666966157606, 40.323725327461943 ], [ 114.779691300912873, 40.323767072192652 ] ] ], [ [ [ 114.777695820405825, 40.324641381394713 ], [ 114.777583270251739, 40.324648338550048 ], [ 114.777613688920724, 40.324852419903323 ], [ 114.777689736492221, 40.325037947343446 ], [ 114.777689736492221, 40.325086648330227 ], [ 114.777561977003643, 40.325114477850946 ], [ 114.777552851582868, 40.325149263627679 ], [ 114.777625856747932, 40.325235070642066 ], [ 114.777793161225418, 40.325418277831318 ], [ 114.777647149996028, 40.325508721750168 ], [ 114.777610647413553, 40.32557133704762 ], [ 114.777473762504201, 40.325589890061451 ], [ 114.777431176008008, 40.325555103385341 ], [ 114.777260830023351, 40.325309280898637 ], [ 114.777130029027717, 40.325306961547085 ], [ 114.777172615523796, 40.325501764594833 ], [ 114.77700531104631, 40.325515678905504 ], [ 114.776984017798213, 40.325582932906059 ], [ 114.777026604294406, 40.32567801462875 ], [ 114.77708135861792, 40.325724396263922 ], [ 114.777166531610192, 40.325814839283453 ], [ 114.777279080864901, 40.325807882128117 ], [ 114.777266913936955, 40.325893688243184 ], [ 114.777175657030966, 40.325886731087849 ], [ 114.777099609459469, 40.326005002728721 ], [ 114.777093525545865, 40.32606761712691 ], [ 114.777206075699951, 40.326065298674621 ], [ 114.7774190081808, 40.325882092384688 ], [ 114.777896585059466, 40.325487850284105 ], [ 114.77793004613477, 40.32540436352059 ], [ 114.778167313370886, 40.325402044169039 ], [ 114.778164271863716, 40.325327833912468 ], [ 114.77790266897307, 40.325318557405581 ], [ 114.777869207897652, 40.325184050303733 ], [ 114.777844873142499, 40.325116796303178 ], [ 114.777829663808006, 40.325024033032776 ], [ 114.777948296976433, 40.325014756525832 ], [ 114.777936130048374, 40.324968374890659 ], [ 114.777908752886674, 40.324882567876273 ], [ 114.77771407214675, 40.324866334213993 ], [ 114.777695820405825, 40.324641381394713 ] ] ], [ [ [ 114.778310282193843, 40.324949821876828 ], [ 114.778456293423233, 40.32495214122838 ], [ 114.778447167103195, 40.325065776864164 ], [ 114.778556675749996, 40.325061138161061 ], [ 114.778568843577318, 40.324896483086263 ], [ 114.778477586671329, 40.324859377058658 ], [ 114.778331575441939, 40.324852419903323 ], [ 114.778310282193843, 40.324949821876828 ] ] ], [ [ [ 114.775586268991219, 40.323849401528719 ], [ 114.775732279321346, 40.323823891359552 ], [ 114.775799201472068, 40.323508487426807 ], [ 114.775768781903821, 40.323350785910122 ], [ 114.775455467995471, 40.323392530640831 ], [ 114.775476761243567, 40.323241785380162 ], [ 114.775297288938759, 40.323088720767885 ], [ 114.774999183465638, 40.323107273781716 ], [ 114.774965723289597, 40.32305161474028 ], [ 114.774640240654662, 40.323037699530289 ], [ 114.77453073290701, 40.323019145617138 ], [ 114.774567235489599, 40.322833612781039 ], [ 114.774469894670005, 40.322831293429488 ], [ 114.77450335574531, 40.322708377689537 ], [ 114.774491187918102, 40.322594737557154 ], [ 114.774591570244866, 40.322601695611809 ], [ 114.774594612651299, 40.322518205251015 ], [ 114.774457726842684, 40.322518205251015 ], [ 114.774217418099397, 40.321780701818 ], [ 114.77390106088535, 40.321778382466448 ], [ 114.773791553137698, 40.321609079695349 ], [ 114.773694212318105, 40.321620676453108 ], [ 114.773721589479806, 40.321690252503231 ], [ 114.773940605874373, 40.322035813402124 ], [ 114.774162663775996, 40.322028856246789 ], [ 114.774183957024093, 40.322256137410875 ], [ 114.774317800426161, 40.322499651337864 ], [ 114.774326925847049, 40.322817378219497 ], [ 114.774424266666642, 40.322817378219497 ], [ 114.774366470836071, 40.323074805557894 ], [ 114.774485104004384, 40.323079444260998 ], [ 114.774515523572632, 40.323353104362354 ], [ 114.774694994978063, 40.323364700220793 ], [ 114.774704120398951, 40.32340876430311 ], [ 114.774813628146489, 40.323429636668436 ], [ 114.774834921394586, 40.323605892098271 ], [ 114.775163446435954, 40.323631402267438 ], [ 114.775352043262274, 40.323612849253664 ], [ 114.775364211089482, 40.323694019363529 ], [ 114.775491970578059, 40.323700976518921 ], [ 114.775485886664455, 40.323777507925683 ], [ 114.77558931049839, 40.323770550770348 ], [ 114.775586268991219, 40.323849401528719 ] ] ], [ [ [ 114.775847871881865, 40.322260775214659 ], [ 114.776079055204264, 40.322239902849276 ], [ 114.776121641700456, 40.322404565118632 ], [ 114.776404537839198, 40.322392969260193 ], [ 114.776532297327776, 40.322265413917762 ], [ 114.776501877759529, 40.322172646150761 ], [ 114.776115557786852, 40.322107708803799 ], [ 114.775936086381307, 40.322142496379172 ], [ 114.775844829475318, 40.322228306990837 ], [ 114.775847871881865, 40.322260775214659 ] ] ], [ [ [ 114.776270694437017, 40.321901300005038 ], [ 114.776593134665518, 40.321871150233449 ], [ 114.776638763568144, 40.321472246047392 ], [ 114.776699600905886, 40.321198577852158 ], [ 114.77699466487195, 40.32090171704067 ], [ 114.776818234973575, 40.320897078337566 ], [ 114.776638763568144, 40.321119724395828 ], [ 114.776620511827218, 40.321163790276728 ], [ 114.776471459090658, 40.321177705486775 ], [ 114.776301113106001, 40.320892439634406 ], [ 114.776203773185671, 40.320820543333468 ], [ 114.776161186689478, 40.320579342462736 ], [ 114.775911751626154, 40.320212900205206 ], [ 114.775850913389036, 40.320096937123992 ], [ 114.775917834640381, 40.319943865317157 ], [ 114.776009091546371, 40.31992067270096 ], [ 114.776167269703819, 40.319605250781763 ], [ 114.776301113106001, 40.31941043154626 ], [ 114.776742187402078, 40.319422027404698 ], [ 114.776760439143004, 40.319257357940785 ], [ 114.776909491879564, 40.319255038589233 ], [ 114.776906449473131, 40.319190098544254 ], [ 114.777165009957343, 40.319169225279552 ], [ 114.777393151772571, 40.318955849432939 ], [ 114.777396194179119, 40.318909463301168 ], [ 114.777609126659968, 40.318893228739569 ], [ 114.777642586836009, 40.318888590036465 ], [ 114.777633461415121, 40.318812052334408 ], [ 114.777447906096086, 40.318805094279753 ], [ 114.777426612847989, 40.318733196180119 ], [ 114.777228889701519, 40.318735515531671 ], [ 114.777204554946366, 40.31865433912651 ], [ 114.777034208961595, 40.318665935884269 ], [ 114.77699770637912, 40.318798137124361 ], [ 114.777155884536455, 40.318805094279753 ], [ 114.777037251368142, 40.318995277510112 ], [ 114.776571841417422, 40.319236484676082 ], [ 114.776471459090658, 40.319338533446626 ], [ 114.776097306945189, 40.319338533446626 ], [ 114.775917834640381, 40.319549588143047 ], [ 114.775872206637132, 40.319628444297337 ], [ 114.775714028479683, 40.319640040155775 ], [ 114.775683609810812, 40.319709618903858 ], [ 114.775783992137576, 40.319718896310064 ], [ 114.775741405641384, 40.31992067270096 ], [ 114.77564102331462, 40.319927630755615 ], [ 114.775625813080865, 40.31998329249501 ], [ 114.775707944566079, 40.320219857360598 ], [ 114.775637980908186, 40.320245369328404 ], [ 114.77564102331462, 40.320317266528662 ], [ 114.775753572569329, 40.320303351318671 ], [ 114.77573836323495, 40.320423952203669 ], [ 114.775878290550736, 40.320414675696782 ], [ 114.776027343287296, 40.320797350717214 ], [ 114.77612772561406, 40.320795031365662 ], [ 114.77612772561406, 40.321001443761645 ], [ 114.7759786728775, 40.321026955729451 ], [ 114.776003007632767, 40.321173066783672 ], [ 114.776188562951916, 40.321154512870521 ], [ 114.776155102775874, 40.321349327609425 ], [ 114.776173353617423, 40.321423542362652 ], [ 114.776392370011877, 40.321414265855765 ], [ 114.776422788680861, 40.321571972768368 ], [ 114.776313280933209, 40.321632272311547 ], [ 114.776279819857905, 40.321729678781708 ], [ 114.776270694437017, 40.321901300005038 ] ] ], [ [ [ 114.775723153900458, 40.329827866063226 ], [ 114.775659274156283, 40.330073672362118 ], [ 114.775440257761716, 40.330087585773526 ], [ 114.775443300168263, 40.330129326906956 ], [ 114.775488928171512, 40.330247591353327 ], [ 114.775701860652362, 40.330235996394151 ], [ 114.775750531062272, 40.330477163090677 ], [ 114.775823536227222, 40.330507309264988 ], [ 114.775814410806447, 40.330565282262 ], [ 114.775853954896206, 40.330767026277272 ], [ 114.775793117558351, 40.330797171552263 ], [ 114.775771824310254, 40.330931667862217 ], [ 114.77573532172778, 40.331121816918369 ], [ 114.775872206637132, 40.331133410978168 ], [ 114.775911751626154, 40.331038336450092 ], [ 114.776112516279682, 40.331038336450092 ], [ 114.77624940118892, 40.330660356790077 ], [ 114.776492752338754, 40.33063948712271 ], [ 114.776696559398715, 40.33058151412564 ], [ 114.777493534998712, 40.330066715206783 ], [ 114.778144499369205, 40.329445242304132 ], [ 114.778168834124472, 40.32899304699157 ], [ 114.778007614459852, 40.328986089836235 ], [ 114.777992405125474, 40.329389586859975 ], [ 114.77772167681394, 40.329396544015367 ], [ 114.777715592900336, 40.329491620342083 ], [ 114.777742970062036, 40.329593653824134 ], [ 114.777642586836009, 40.329725833480495 ], [ 114.777438780675197, 40.329971639779387 ], [ 114.777222806687291, 40.329969321327155 ], [ 114.777228889701519, 40.330038888384024 ], [ 114.777104172619488, 40.330062077402999 ], [ 114.777104172619488, 40.330171067141066 ], [ 114.776900365559527, 40.330344985232955 ], [ 114.776571841417422, 40.330516584872555 ], [ 114.776036468708071, 40.330521222676339 ], [ 114.775914793133211, 40.330488758049796 ], [ 114.775838745561714, 40.330171067141066 ], [ 114.775887415971511, 40.329851055981521 ], [ 114.775723153900458, 40.329827866063226 ] ] ] ] } },
{ "type": "Feature", "properties": { "PV_Area": 0.066209564704700005, "Inst_time": 20181101.0, "Inst_year": 2018, "Major_type": "Grassland", "Lat": 40.322706328000002, "Lon": 114.778812472, "Province": "河北", "Province_pinyin": "Hebei", "Province code": 13, "City": "张家口市", "City_pinyin": "Zhangjiakou", "City code": 1307, "County": "宣化县", "County_pinyin": "Xuanhua xian", "County code": 130721, "Township": "深井镇", "Township_pinyin": "shen jing zhen" }, "geometry": { "type": "MultiPolygon", "coordinates": [ [ [ [ 114.7802857285036, 40.320920148645996 ], [ 114.780324014441817, 40.321048988220298 ], [ 114.78032097203527, 40.321111607115029 ], [ 114.780357475517121, 40.321292506643942 ], [ 114.780418312854863, 40.321392233364918 ], [ 114.780503485847248, 40.32164502739613 ], [ 114.780378048408238, 40.32178397085363 ], [ 114.780387390565693, 40.321809921690601 ], [ 114.780366600937896, 40.321879267514248 ], [ 114.780293595772832, 40.321965078125913 ], [ 114.780141500629838, 40.321976673984352 ], [ 114.780092830220042, 40.321988269842848 ], [ 114.779971154645182, 40.322009143107493 ], [ 114.779882940145626, 40.322076399806065 ], [ 114.779831228228659, 40.322190039938448 ], [ 114.779809934980563, 40.322273531198562 ], [ 114.779946819889915, 40.322275849650794 ], [ 114.780022867461412, 40.322139017801476 ], [ 114.780114123468138, 40.322143656504579 ], [ 114.780178003212313, 40.322120463888325 ], [ 114.780241882956602, 40.322046250034475 ], [ 114.780339223776195, 40.322011462459102 ], [ 114.780406145027655, 40.321995227897503 ], [ 114.78044974865702, 40.321983139210545 ], [ 114.780460962303664, 40.322014288128969 ], [ 114.780685999659227, 40.321828245377276 ], [ 114.78073466916976, 40.32169373108087 ], [ 114.78155293801774, 40.321682135222431 ], [ 114.781562064337891, 40.321744754117162 ], [ 114.781572515359358, 40.321839147858441 ], [ 114.781829939999739, 40.321787662570614 ], [ 114.781841918070086, 40.321617196976092 ], [ 114.782124814208828, 40.321406148574965 ], [ 114.782161316791417, 40.321329614470187 ], [ 114.782419877275629, 40.321322656415532 ], [ 114.782523302008826, 40.321280910785447 ], [ 114.782714940342316, 40.321264676223905 ], [ 114.782733192083242, 40.321209014484509 ], [ 114.782854867658102, 40.321195099274462 ], [ 114.783189475713812, 40.321044349517194 ], [ 114.783198601134586, 40.320970133864648 ], [ 114.783192517220982, 40.320905195618309 ], [ 114.783312255656142, 40.320909441317724 ], [ 114.783332156753659, 40.320844764774108 ], [ 114.783329349969563, 40.320833537637725 ], [ 114.783116470548748, 40.320835618668923 ], [ 114.783089093387048, 40.320928388234563 ], [ 114.782517218095222, 40.320930706686795 ], [ 114.782544595256923, 40.320819384107324 ], [ 114.782797071827417, 40.320812426052669 ], [ 114.782873119399028, 40.320705741276981 ], [ 114.782885286326973, 40.32065471734137 ], [ 114.782994794973888, 40.320645440834483 ], [ 114.782973501725792, 40.320592097547319 ], [ 114.782727108169524, 40.320603694305078 ], [ 114.782705814921428, 40.320687187363831 ], [ 114.78235295602417, 40.320698783222326 ], [ 114.782368165358662, 40.320937664741507 ], [ 114.78206701747888, 40.320974772567752 ], [ 114.781939258889793, 40.321086096046542 ], [ 114.781984886893042, 40.321334253173291 ], [ 114.781644194923729, 40.321450213556545 ], [ 114.781604650834083, 40.32152210985754 ], [ 114.781291336026356, 40.321526747661323 ], [ 114.781300461447245, 40.321322656415532 ], [ 114.781622901675632, 40.321331933821739 ], [ 114.781610733848311, 40.321132480379731 ], [ 114.78165636275105, 40.321002602987789 ], [ 114.781628985589236, 40.3209724532162 ], [ 114.781507310014376, 40.320921430179908 ], [ 114.781440388763031, 40.320886641705215 ], [ 114.781200079120367, 40.320898237563654 ], [ 114.781111863721549, 40.32103507301025 ], [ 114.781029733135711, 40.321246122310754 ], [ 114.78051869518174, 40.321253080365409 ], [ 114.780473067178377, 40.321072179937232 ], [ 114.78051565367457, 40.320819384107324 ], [ 114.780530863008948, 40.320759083664825 ], [ 114.78051565367457, 40.320715017783868 ], [ 114.780394893609468, 40.320713947590662 ], [ 114.7802857285036, 40.320920148645996 ] ] ], [ [ [ 114.781680697506204, 40.320457581452274 ], [ 114.782270824538955, 40.320432069484468 ], [ 114.782301243207826, 40.320313787951022 ], [ 114.782292117787051, 40.320156078340403 ], [ 114.782675396252557, 40.320130566372598 ], [ 114.783003920394663, 40.31991255542016 ], [ 114.782918747402277, 40.319794272088018 ], [ 114.782821406582684, 40.319740928800854 ], [ 114.782648019090857, 40.319740928800854 ], [ 114.782544595256923, 40.319838338868294 ], [ 114.782483757019804, 40.319970536511107 ], [ 114.782003138633968, 40.319979813917314 ], [ 114.781954468224171, 40.320070265030779 ], [ 114.781625944082066, 40.320125927669494 ], [ 114.781595524513932, 40.320330022512564 ], [ 114.781601608427536, 40.320371769041969 ], [ 114.781680697506204, 40.320457581452274 ] ] ], [ [ [ 114.780889805819925, 40.320060988523835 ], [ 114.781020607714936, 40.320056349820732 ], [ 114.781260916458223, 40.31975252555867 ], [ 114.781251791037334, 40.319671350952149 ], [ 114.780926308402513, 40.319664392897494 ], [ 114.780865471064658, 40.319750206207118 ], [ 114.780865471064658, 40.319921831927047 ], [ 114.780889805819925, 40.320060988523835 ] ] ], [ [ [ 114.781187911293159, 40.319411590772347 ], [ 114.781309586868019, 40.319404632717692 ], [ 114.781434304849313, 40.319205173879709 ], [ 114.781376509018742, 40.319028907658037 ], [ 114.781428220935709, 40.318803935053609 ], [ 114.78153468717619, 40.318766826328044 ], [ 114.781677655999033, 40.318592877659228 ], [ 114.781665488171825, 40.318523298011826 ], [ 114.781492100679998, 40.318558088285215 ], [ 114.781276125792601, 40.318808573756712 ], [ 114.781206163034085, 40.319024268954877 ], [ 114.781145324796967, 40.319191258669719 ], [ 114.781084487459225, 40.319267795472456 ], [ 114.781081445052678, 40.319311861353356 ], [ 114.781187911293159, 40.319411590772347 ] ] ], [ [ [ 114.78373701625037, 40.319724694239312 ], [ 114.783767434919241, 40.319868488639884 ], [ 114.783834357069964, 40.319935748036414 ], [ 114.783931696990294, 40.319968218058875 ], [ 114.784205467708261, 40.320079542436986 ], [ 114.784348436531218, 40.320153758988852 ], [ 114.784926395736647, 40.320144481582588 ], [ 114.7849233533301, 40.320091139194744 ], [ 114.784357561951992, 40.320077223085434 ], [ 114.784357561951992, 40.319958940652668 ], [ 114.784284556786929, 40.319868488639884 ], [ 114.784202425301714, 40.31979659143957 ], [ 114.78407466581325, 40.319731652293967 ], [ 114.78373701625037, 40.319724694239312 ] ] ], [ [ [ 114.779463159097531, 40.323036539404825 ], [ 114.779691300912873, 40.323015667039442 ], [ 114.779615253341376, 40.322628365906439 ], [ 114.779569625338013, 40.322595897682561 ], [ 114.779396237846186, 40.322524003180263 ], [ 114.779298897026592, 40.322477618847074 ], [ 114.779177221451619, 40.322445150623253 ], [ 114.779128551041822, 40.322398767189384 ], [ 114.779149844289918, 40.322336149193973 ], [ 114.779238058789474, 40.322227146865373 ], [ 114.779289771605704, 40.322143656504579 ], [ 114.779344525029842, 40.322023058317541 ], [ 114.779335399609067, 40.321951162915866 ], [ 114.779286729199271, 40.321770265185648 ], [ 114.779058587383929, 40.321529067012875 ], [ 114.778824361654983, 40.321568494190728 ], [ 114.778812194727038, 40.321735476710955 ], [ 114.778833487975135, 40.321869991007304 ], [ 114.778873032064894, 40.321992908545951 ], [ 114.778946037229844, 40.32206944175141 ], [ 114.77896733047794, 40.3220833569614 ], [ 114.77904337804955, 40.322081037609848 ], [ 114.778982540711695, 40.322222509061589 ], [ 114.778650974163156, 40.322206274500047 ], [ 114.778644890249552, 40.322268892495458 ], [ 114.778733105648371, 40.322377893924738 ], [ 114.778818278640756, 40.322440511920149 ], [ 114.778912577053802, 40.3224590658333 ], [ 114.778961247463712, 40.322466022988635 ], [ 114.779095089966518, 40.322498492111777 ], [ 114.779177221451619, 40.322556471404084 ], [ 114.779301938533649, 40.322697941057186 ], [ 114.779289771605704, 40.322790707924867 ], [ 114.779286729199271, 40.322855645271886 ], [ 114.779295855519422, 40.322911305212642 ], [ 114.779341483522671, 40.322978561011837 ], [ 114.779463159097531, 40.323036539404825 ] ] ], [ [ [ 114.779691300912873, 40.323767072192652 ], [ 114.779840353649433, 40.323755476334213 ], [ 114.780138459122668, 40.323632562392902 ], [ 114.780138459122668, 40.323546753579876 ], [ 114.780439606102959, 40.323511966903823 ], [ 114.780436564595789, 40.323449349807674 ], [ 114.780612993594787, 40.323433115246132 ], [ 114.780710334414493, 40.323326434067724 ], [ 114.780789423493161, 40.323277732181623 ], [ 114.780813759147691, 40.323226710944027 ], [ 114.78078638198599, 40.323059731121759 ], [ 114.781057110297411, 40.323022625094097 ], [ 114.781060151804581, 40.32296464580179 ], [ 114.781227456282181, 40.322948411240247 ], [ 114.781142283289796, 40.322813899641801 ], [ 114.780883721906321, 40.3228301342034 ], [ 114.780798548913936, 40.322953049943351 ], [ 114.780616036001334, 40.322985518167172 ], [ 114.780451773930281, 40.322976241660285 ], [ 114.780418312854863, 40.322906666509482 ], [ 114.780327055948987, 40.322895070651043 ], [ 114.780038076795904, 40.322899709354147 ], [ 114.780025908968582, 40.322799984431811 ], [ 114.77993769446914, 40.322769835559541 ], [ 114.779800808660411, 40.322760559052597 ], [ 114.779800808660411, 40.322820857696456 ], [ 114.779895107972948, 40.322846367865623 ], [ 114.779846437563151, 40.322927538874865 ], [ 114.779791683239637, 40.323004071181003 ], [ 114.779800808660411, 40.323094518697133 ], [ 114.779803851066958, 40.323178008158607 ], [ 114.779749096743444, 40.323254540464745 ], [ 114.779776473905258, 40.323307881053893 ], [ 114.779816018894167, 40.323363540994649 ], [ 114.779831228228659, 40.323384413360031 ], [ 114.77993769446914, 40.323393689866919 ], [ 114.779992447893164, 40.323400647022311 ], [ 114.779946819889915, 40.323465583469954 ], [ 114.779812976487733, 40.323560668789867 ], [ 114.779764306077936, 40.323586178959033 ], [ 114.77971563566814, 40.323623284986638 ], [ 114.779666966157606, 40.323725327461943 ], [ 114.779691300912873, 40.323767072192652 ] ] ], [ [ [ 114.777695820405825, 40.324641381394713 ], [ 114.777583270251739, 40.324648338550048 ], [ 114.777613688920724, 40.324852419903323 ], [ 114.777689736492221, 40.325037947343446 ], [ 114.777689736492221, 40.325086648330227 ], [ 114.777561977003643, 40.325114477850946 ], [ 114.777552851582868, 40.325149263627679 ], [ 114.777625856747932, 40.325235070642066 ], [ 114.777793161225418, 40.325418277831318 ], [ 114.777647149996028, 40.325508721750168 ], [ 114.777610647413553, 40.32557133704762 ], [ 114.777473762504201, 40.325589890061451 ], [ 114.777431176008008, 40.325555103385341 ], [ 114.777260830023351, 40.325309280898637 ], [ 114.777130029027717, 40.325306961547085 ], [ 114.777172615523796, 40.325501764594833 ], [ 114.77700531104631, 40.325515678905504 ], [ 114.776984017798213, 40.325582932906059 ], [ 114.777026604294406, 40.32567801462875 ], [ 114.77708135861792, 40.325724396263922 ], [ 114.777166531610192, 40.325814839283453 ], [ 114.777279080864901, 40.325807882128117 ], [ 114.777266913936955, 40.325893688243184 ], [ 114.777175657030966, 40.325886731087849 ], [ 114.777099609459469, 40.326005002728721 ], [ 114.777093525545865, 40.32606761712691 ], [ 114.777206075699951, 40.326065298674621 ], [ 114.7774190081808, 40.325882092384688 ], [ 114.777896585059466, 40.325487850284105 ], [ 114.77793004613477, 40.32540436352059 ], [ 114.778167313370886, 40.325402044169039 ], [ 114.778164271863716, 40.325327833912468 ], [ 114.77790266897307, 40.325318557405581 ], [ 114.777869207897652, 40.325184050303733 ], [ 114.777844873142499, 40.325116796303178 ], [ 114.777829663808006, 40.325024033032776 ], [ 114.777948296976433, 40.325014756525832 ], [ 114.777936130048374, 40.324968374890659 ], [ 114.777908752886674, 40.324882567876273 ], [ 114.77771407214675, 40.324866334213993 ], [ 114.777695820405825, 40.324641381394713 ] ] ], [ [ [ 114.778310282193843, 40.324949821876828 ], [ 114.778456293423233, 40.32495214122838 ], [ 114.778447167103195, 40.325065776864164 ], [ 114.778556675749996, 40.325061138161061 ], [ 114.778568843577318, 40.324896483086263 ], [ 114.778477586671329, 40.324859377058658 ], [ 114.778331575441939, 40.324852419903323 ], [ 114.778310282193843, 40.324949821876828 ] ] ], [ [ [ 114.775586268991219, 40.323849401528719 ], [ 114.775732279321346, 40.323823891359552 ], [ 114.775799201472068, 40.323508487426807 ], [ 114.775768781903821, 40.323350785910122 ], [ 114.775455467995471, 40.323392530640831 ], [ 114.775476761243567, 40.323241785380162 ], [ 114.775297288938759, 40.323088720767885 ], [ 114.774999183465638, 40.323107273781716 ], [ 114.774965723289597, 40.32305161474028 ], [ 114.774640240654662, 40.323037699530289 ], [ 114.77453073290701, 40.323019145617138 ], [ 114.774567235489599, 40.322833612781039 ], [ 114.774469894670005, 40.322831293429488 ], [ 114.77450335574531, 40.322708377689537 ], [ 114.774491187918102, 40.322594737557154 ], [ 114.774591570244866, 40.322601695611809 ], [ 114.774594612651299, 40.322518205251015 ], [ 114.774457726842684, 40.322518205251015 ], [ 114.774217418099397, 40.321780701818 ], [ 114.77390106088535, 40.321778382466448 ], [ 114.773791553137698, 40.321609079695349 ], [ 114.773694212318105, 40.321620676453108 ], [ 114.773721589479806, 40.321690252503231 ], [ 114.773940605874373, 40.322035813402124 ], [ 114.774162663775996, 40.322028856246789 ], [ 114.774183957024093, 40.322256137410875 ], [ 114.774317800426161, 40.322499651337864 ], [ 114.774326925847049, 40.322817378219497 ], [ 114.774424266666642, 40.322817378219497 ], [ 114.774366470836071, 40.323074805557894 ], [ 114.774485104004384, 40.323079444260998 ], [ 114.774515523572632, 40.323353104362354 ], [ 114.774694994978063, 40.323364700220793 ], [ 114.774704120398951, 40.32340876430311 ], [ 114.774813628146489, 40.323429636668436 ], [ 114.774834921394586, 40.323605892098271 ], [ 114.775163446435954, 40.323631402267438 ], [ 114.775352043262274, 40.323612849253664 ], [ 114.775364211089482, 40.323694019363529 ], [ 114.775491970578059, 40.323700976518921 ], [ 114.775485886664455, 40.323777507925683 ], [ 114.77558931049839, 40.323770550770348 ], [ 114.775586268991219, 40.323849401528719 ] ] ], [ [ [ 114.775847871881865, 40.322260775214659 ], [ 114.776079055204264, 40.322239902849276 ], [ 114.776121641700456, 40.322404565118632 ], [ 114.776404537839198, 40.322392969260193 ], [ 114.776532297327776, 40.322265413917762 ], [ 114.776501877759529, 40.322172646150761 ], [ 114.776115557786852, 40.322107708803799 ], [ 114.775936086381307, 40.322142496379172 ], [ 114.775844829475318, 40.322228306990837 ], [ 114.775847871881865, 40.322260775214659 ] ] ], [ [ [ 114.776270694437017, 40.321901300005038 ], [ 114.776593134665518, 40.321871150233449 ], [ 114.776638763568144, 40.321472246047392 ], [ 114.776699600905886, 40.321198577852158 ], [ 114.77699466487195, 40.32090171704067 ], [ 114.776818234973575, 40.320897078337566 ], [ 114.776638763568144, 40.321119724395828 ], [ 114.776620511827218, 40.321163790276728 ], [ 114.776471459090658, 40.321177705486775 ], [ 114.776301113106001, 40.320892439634406 ], [ 114.776203773185671, 40.320820543333468 ], [ 114.776161186689478, 40.320579342462736 ], [ 114.775911751626154, 40.320212900205206 ], [ 114.775850913389036, 40.320096937123992 ], [ 114.775917834640381, 40.319943865317157 ], [ 114.776009091546371, 40.31992067270096 ], [ 114.776167269703819, 40.319605250781763 ], [ 114.776301113106001, 40.31941043154626 ], [ 114.776742187402078, 40.319422027404698 ], [ 114.776760439143004, 40.319257357940785 ], [ 114.776909491879564, 40.319255038589233 ], [ 114.776906449473131, 40.319190098544254 ], [ 114.777165009957343, 40.319169225279552 ], [ 114.777393151772571, 40.318955849432939 ], [ 114.777396194179119, 40.318909463301168 ], [ 114.777609126659968, 40.318893228739569 ], [ 114.777642586836009, 40.318888590036465 ], [ 114.777633461415121, 40.318812052334408 ], [ 114.777447906096086, 40.318805094279753 ], [ 114.777426612847989, 40.318733196180119 ], [ 114.777228889701519, 40.318735515531671 ], [ 114.777204554946366, 40.31865433912651 ], [ 114.777034208961595, 40.318665935884269 ], [ 114.77699770637912, 40.318798137124361 ], [ 114.777155884536455, 40.318805094279753 ], [ 114.777037251368142, 40.318995277510112 ], [ 114.776571841417422, 40.319236484676082 ], [ 114.776471459090658, 40.319338533446626 ], [ 114.776097306945189, 40.319338533446626 ], [ 114.775917834640381, 40.319549588143047 ], [ 114.775872206637132, 40.319628444297337 ], [ 114.775714028479683, 40.319640040155775 ], [ 114.775683609810812, 40.319709618903858 ], [ 114.775783992137576, 40.319718896310064 ], [ 114.775741405641384, 40.31992067270096 ], [ 114.77564102331462, 40.319927630755615 ], [ 114.775625813080865, 40.31998329249501 ], [ 114.775707944566079, 40.320219857360598 ], [ 114.775637980908186, 40.320245369328404 ], [ 114.77564102331462, 40.320317266528662 ], [ 114.775753572569329, 40.320303351318671 ], [ 114.77573836323495, 40.320423952203669 ], [ 114.775878290550736, 40.320414675696782 ], [ 114.776027343287296, 40.320797350717214 ], [ 114.77612772561406, 40.320795031365662 ], [ 114.77612772561406, 40.321001443761645 ], [ 114.7759786728775, 40.321026955729451 ], [ 114.776003007632767, 40.321173066783672 ], [ 114.776188562951916, 40.321154512870521 ], [ 114.776155102775874, 40.321349327609425 ], [ 114.776173353617423, 40.321423542362652 ], [ 114.776392370011877, 40.321414265855765 ], [ 114.776422788680861, 40.321571972768368 ], [ 114.776313280933209, 40.321632272311547 ], [ 114.776279819857905, 40.321729678781708 ], [ 114.776270694437017, 40.321901300005038 ] ] ], [ [ [ 114.775723153900458, 40.329827866063226 ], [ 114.775659274156283, 40.330073672362118 ], [ 114.775440257761716, 40.330087585773526 ], [ 114.775443300168263, 40.330129326906956 ], [ 114.775488928171512, 40.330247591353327 ], [ 114.775701860652362, 40.330235996394151 ], [ 114.775750531062272, 40.330477163090677 ], [ 114.775823536227222, 40.330507309264988 ], [ 114.775814410806447, 40.330565282262 ], [ 114.775853954896206, 40.330767026277272 ], [ 114.775793117558351, 40.330797171552263 ], [ 114.775771824310254, 40.330931667862217 ], [ 114.77573532172778, 40.331121816918369 ], [ 114.775872206637132, 40.331133410978168 ], [ 114.775911751626154, 40.331038336450092 ], [ 114.776112516279682, 40.331038336450092 ], [ 114.77624940118892, 40.330660356790077 ], [ 114.776492752338754, 40.33063948712271 ], [ 114.776696559398715, 40.33058151412564 ], [ 114.777493534998712, 40.330066715206783 ], [ 114.778144499369205, 40.329445242304132 ], [ 114.778168834124472, 40.32899304699157 ], [ 114.778007614459852, 40.328986089836235 ], [ 114.777992405125474, 40.329389586859975 ], [ 114.77772167681394, 40.329396544015367 ], [ 114.777715592900336, 40.329491620342083 ], [ 114.777742970062036, 40.329593653824134 ], [ 114.777642586836009, 40.329725833480495 ], [ 114.777438780675197, 40.329971639779387 ], [ 114.777222806687291, 40.329969321327155 ], [ 114.777228889701519, 40.330038888384024 ], [ 114.777104172619488, 40.330062077402999 ], [ 114.777104172619488, 40.330171067141066 ], [ 114.776900365559527, 40.330344985232955 ], [ 114.776571841417422, 40.330516584872555 ], [ 114.776036468708071, 40.330521222676339 ], [ 114.775914793133211, 40.330488758049796 ], [ 114.775838745561714, 40.330171067141066 ], [ 114.775887415971511, 40.329851055981521 ], [ 114.775723153900458, 40.329827866063226 ] ] ] ] } },
{ "type": "Feature", "properties": { "PV_Area": 0.010329502612800001, "Inst_time": 20180212.0, "Inst_year": 2018, "Major_type": "Water surface", "Lat": 31.898296873100001, "Lon": 115.873602437, "Province": "河南", "Province_pinyin": "Henan", "Province code": 41, "City": "信阳市", "City_pinyin": "Xinyang", "City code": 4115, "County": "固始县", "County_pinyin": "Gushi xian", "County code": 411525, "Township": "陈淋子镇", "Township_pinyin": "chen lin zi zhen" }, "geometry": { "type": "Polygon", "coordinates": [ [ [ 115.874017780795953, 31.897702044413847 ], [ 115.873843388761429, 31.897700497579933 ], [ 115.873716028571948, 31.897739958931993 ], [ 115.873602749966949, 31.897807713854945 ], [ 115.8734037911521, 31.897995040838509 ], [ 115.873123778239801, 31.898181253562029 ], [ 115.87299371558754, 31.898289816122144 ], [ 115.872944019051261, 31.898358232046803 ], [ 115.872911001341663, 31.898466169578114 ], [ 115.872925845551435, 31.898547437714114 ], [ 115.872956900041004, 31.898601854791821 ], [ 115.873116789608162, 31.898754797096274 ], [ 115.873353019925958, 31.898892197317082 ], [ 115.873400442076786, 31.898906152996631 ], [ 115.873543108727517, 31.898907418342731 ], [ 115.873642252687887, 31.898837968197711 ], [ 115.873947712816744, 31.898502380780315 ], [ 115.874173207927242, 31.898220214891069 ], [ 115.874254640639265, 31.898045034151039 ], [ 115.874255958146023, 31.897936849306177 ], [ 115.874240756905465, 31.897882612092928 ], [ 115.874209703315273, 31.897828195914542 ], [ 115.87411384188033, 31.8977445841453 ], [ 115.874017780795953, 31.897702044413847 ] ] ] } },
{ "type": "Feature", "properties": { "PV_Area": 0.057961257634099997, "Inst_time": 20170223.0, "Inst_year": 2017, "Major_type": "Cropland", "Lat": 32.074764224200003, "Lon": 115.59586502099999, "Province": "河南", "Province_pinyin": "Henan", "Province code": 41, "City": "信阳市", "City_pinyin": "Xinyang", "City code": 4115, "County": "固始县", "County_pinyin": "Gushi xian", "County code": 411525, "Township": "草庙集乡", "Township_pinyin": "cao miao ji xiang" }, "geometry": { "type": "Polygon", "coordinates": [ [ [ 115.597318056383301, 32.075454804096012 ], [ 115.597329075776315, 32.074733284313652 ], [ 115.597230037936015, 32.074281161846216 ], [ 115.596895491034161, 32.073988801242251 ], [ 115.596579098746474, 32.073895090985729 ], [ 115.596473174797211, 32.073893918269789 ], [ 115.596451714275304, 32.073911721248976 ], [ 115.596343034803226, 32.074090928253781 ], [ 115.596336144197721, 32.074541877106014 ], [ 115.596227462927118, 32.0747210832115 ], [ 115.596034318229272, 32.074881311823106 ], [ 115.595846136889804, 32.074716858196496 ], [ 115.595639802734809, 32.074353749725844 ], [ 115.595645319176242, 32.073992990284353 ], [ 115.595752620886856, 32.073903975388191 ], [ 115.595755380006835, 32.073723594768126 ], [ 115.595652215177665, 32.07354204143212 ], [ 115.595549049449119, 32.073360487196794 ], [ 115.595528140211513, 32.073342213872138 ], [ 115.59531767367173, 32.073249676331557 ], [ 115.595211750621843, 32.073248501816977 ], [ 115.594680759409584, 32.073332816856066 ], [ 115.594361610699821, 32.073419482723011 ], [ 115.59414838593932, 32.073507322205216 ], [ 115.594126925417299, 32.073525125184403 ], [ 115.594018241448794, 32.07370432859193 ], [ 115.594015479630798, 32.073884709211995 ], [ 115.594538196180906, 32.074341534234463 ], [ 115.594531295682827, 32.074792483986016 ], [ 115.594552204920433, 32.074810757310672 ], [ 115.594740385360524, 32.074975212735922 ], [ 115.595077687785079, 32.075087199914378 ], [ 115.595474959701733, 32.07543438498891 ], [ 115.595367656192479, 32.075523399885071 ], [ 115.595366276632376, 32.075613590195076 ], [ 115.596014465695134, 32.076180047071546 ], [ 115.596542716673071, 32.076276104558644 ], [ 115.596966420563945, 32.076280798120365 ], [ 115.597202489003735, 32.076084960852313 ], [ 115.597207999149873, 32.075724201410821 ], [ 115.597318056383301, 32.075454804096012 ] ] ] } },
{ "type": "Feature", "properties": { "PV_Area": 0.0035093731641199998, "Inst_time": 20180414.0, "Inst_year": 2018, "Major_type": "Cropland", "Lat": 32.219988441399998, "Lon": 115.78313152600001, "Province": "河南", "Province_pinyin": "Henan", "Province code": 41, "City": "信阳市", "City_pinyin": "Xinyang", "City code": 4115, "County": "固始县", "County_pinyin": "Gushi xian", "County code": 411525, "Township": "分水亭镇", "Township_pinyin": "fen shui ting zhen" }, "geometry": { "type": "Polygon", "coordinates": [ [ [ 115.78322206334758, 32.219720855033472 ], [ 115.782983405759637, 32.219718558164971 ], [ 115.782855380971114, 32.219771440099919 ], [ 115.782803732906018, 32.219827741257291 ], [ 115.782771009274711, 32.219895069002291 ], [ 115.782768485777069, 32.22008442035974 ], [ 115.782783858788093, 32.220125136266063 ], [ 115.782865453378008, 32.220209793047559 ], [ 115.782992221813629, 32.220251600730819 ], [ 115.783230879401572, 32.220253897599321 ], [ 115.783406651895575, 32.220201473419309 ], [ 115.783458120995533, 32.220158700763477 ], [ 115.783506936196204, 32.220077999200328 ], [ 115.783508918302005, 32.219929235146139 ], [ 115.783476717176768, 32.219860068287574 ], [ 115.783380478926006, 32.219776497887096 ], [ 115.783285542893509, 32.21973499687266 ], [ 115.78322206334758, 32.219720855033472 ] ] ] } },
{ "type": "Feature", "properties": { "PV_Area": 0.052681259543, "Inst_time": 20161129.0, "Inst_year": 2016, "Major_type": "Cropland", "Lat": 34.887083509100002, "Lon": 115.52889206099999, "Province": "山东", "Province_pinyin": "Shandong", "Province code": 37, "City": "菏泽市", "City_pinyin": "Heze", "City code": 3717, "County": "曹县", "County_pinyin": "Cao xian", "County code": 371721, "Township": "青菏街道", "Township_pinyin": "qing he jie dao" }, "geometry": { "type": "Polygon", "coordinates": [ [ [ 115.530171432165957, 34.887962035319731 ], [ 115.530171432165957, 34.88769000928653 ], [ 115.530443416830281, 34.887690044360113 ], [ 115.530710975031525, 34.88742250594396 ], [ 115.530710974132262, 34.886610907367526 ], [ 115.530443417729657, 34.886343436400523 ], [ 115.527478132609758, 34.886343407622235 ], [ 115.527206145247419, 34.886610911864125 ], [ 115.526938585247535, 34.886882931602088 ], [ 115.526938585247535, 34.887422513138517 ], [ 115.527206145247419, 34.887690073138401 ], [ 115.528285239971865, 34.887690022776383 ], [ 115.528285239971865, 34.887962052406863 ], [ 115.528824786434825, 34.887962021829878 ], [ 115.528824786434825, 34.887690072239081 ], [ 115.529364331099032, 34.887690039863514 ], [ 115.529364331099032, 34.887962066795978 ], [ 115.530171432165957, 34.887962035319731 ] ] ] } },
{ "type": "Feature", "properties": { "PV_Area": 0.16780719974300001, "Inst_time": 20160406.0, "Inst_year": 2016, "Major_type": "Built-up land", "Lat": 34.868663812199998, "Lon": 115.525793936, "Province": "山东", "Province_pinyin": "Shandong", "Province code": 37, "City": "菏泽市", "City_pinyin": "Heze", "City code": 3717, "County": "曹县", "County_pinyin": "Cao xian", "County code": 371721, "Township": "青菏街道", "Township_pinyin": "qing he jie dao" }, "geometry": { "type": "Polygon", "coordinates": [ [ [ 115.529903873964713, 34.869902653085035 ], [ 115.529903873964713, 34.869635135353292 ], [ 115.530171432165957, 34.86963516593022 ], [ 115.530171432165957, 34.868016508555058 ], [ 115.529364331099032, 34.868016452797121 ], [ 115.529364331998408, 34.868556064011216 ], [ 115.526671024348389, 34.868556026239673 ], [ 115.52639903518741, 34.868288504011275 ], [ 115.526399036086673, 34.867209417380764 ], [ 115.526131475187526, 34.866941840293748 ], [ 115.522894155041286, 34.866941831300551 ], [ 115.522626589645483, 34.867209390401115 ], [ 115.522626589645483, 34.869635126360038 ], [ 115.522894155041286, 34.869902705245693 ], [ 115.529903873964713, 34.869902653085035 ] ] ] } },
{ "type": "Feature", "properties": { "PV_Area": 0.097178678019500003, "Inst_time": 20161216.0, "Inst_year": 2016, "Major_type": "Built-up land", "Lat": 34.865903412199998, "Lon": 115.52642572000001, "Province": "山东", "Province_pinyin": "Shandong", "Province code": 37, "City": "菏泽市", "City_pinyin": "Heze", "City code": 3717, "County": "曹县", "County_pinyin": "Cao xian", "County code": 371721, "Township": "青菏街道", "Township_pinyin": "qing he jie dao" }, "geometry": { "type": "Polygon", "coordinates": [ [ [ 115.527478132609758, 34.86666987091786 ], [ 115.527478132609758, 34.866402262354597 ], [ 115.528017681770621, 34.866402299226763 ], [ 115.528017680871358, 34.866669828649719 ], [ 115.529096771998525, 34.866669814260547 ], [ 115.529096771099148, 34.866402285736967 ], [ 115.529631889300276, 34.866402281240312 ], [ 115.529903873964713, 34.866130257005807 ], [ 115.529903873065336, 34.865323181119948 ], [ 115.529631889300276, 34.865055658891606 ], [ 115.527478132609758, 34.865055622019383 ], [ 115.527478132609758, 34.865323156838258 ], [ 115.523973265054224, 34.865323189213882 ], [ 115.523973265054224, 34.865055648999032 ], [ 115.523166146900166, 34.865055685871255 ], [ 115.523166146900166, 34.865862714992375 ], [ 115.522894155041286, 34.865862784240164 ], [ 115.522894155041286, 34.866669807065989 ], [ 115.526131475187526, 34.866669822354481 ], [ 115.526131475187526, 34.866402289334246 ], [ 115.526671024348389, 34.866402334300346 ], [ 115.526671024348389, 34.866669866421262 ], [ 115.527478132609758, 34.86666987091786 ] ] ] } },
{ "type": "Feature", "properties": { "PV_Area": 0.16589852784699999, "Inst_time": 20170705.0, "Inst_year": 2017, "Major_type": "Cropland", "Lat": 34.857559410299999, "Lon": 115.52572742300001, "Province": "山东", "Province_pinyin": "Shandong", "Province code": 37, "City": "菏泽市", "City_pinyin": "Heze", "City code": 3717, "County": "曹县", "County_pinyin": "Cao xian", "County code": 371721, "Township": "青菏街道", "Township_pinyin": "qing he jie dao" }, "geometry": { "type": "Polygon", "coordinates": [ [ [ 115.529096771998525, 34.85750640069989 ], [ 115.528824786434825, 34.857506397102611 ], [ 115.528824785535448, 34.857778361082524 ], [ 115.52613147428815, 34.857778387162909 ], [ 115.526131476086789, 34.858045946263474 ], [ 115.523433711396706, 34.858045947162793 ], [ 115.523433711396706, 34.857506412391047 ], [ 115.525859485127171, 34.857506406095808 ], [ 115.525859485127171, 34.857238845196605 ], [ 115.526399036086673, 34.857238838901367 ], [ 115.526399036086673, 34.85750639980057 ], [ 115.528285240871242, 34.857506416887702 ], [ 115.528285239971865, 34.857238858686458 ], [ 115.529096771998525, 34.857238845196605 ], [ 115.529096771998525, 34.85750640069989 ], [ 115.529364331099032, 34.857506373720241 ], [ 115.529364331099032, 34.856431736935178 ], [ 115.527478133509135, 34.856431729740564 ], [ 115.527478132609758, 34.856159760364676 ], [ 115.522626590544746, 34.856159757666717 ], [ 115.522626589645483, 34.856431735136539 ], [ 115.522359026048321, 34.856699310424915 ], [ 115.522087033290063, 34.856699285243849 ], [ 115.522087033290063, 34.857506396203291 ], [ 115.522359026048321, 34.857506418686341 ], [ 115.522626589645483, 34.857778383565574 ], [ 115.522626589645483, 34.858045948062113 ], [ 115.522359026048321, 34.858317929129157 ], [ 115.522087032390687, 34.858317984887151 ], [ 115.522087034189326, 34.85885303204185 ], [ 115.522359026947584, 34.859125023001468 ], [ 115.523166146900166, 34.859125020303509 ], [ 115.523166146900166, 34.858853051826941 ], [ 115.529364331099032, 34.858853035639129 ], [ 115.529631889300276, 34.858585454055515 ], [ 115.529631889300276, 34.857778387162909 ], [ 115.529096771998525, 34.857778364679859 ], [ 115.529096771998525, 34.85750640069989 ] ] ] } },
{ "type": "Feature", "properties": { "PV_Area": 0.010497233601500001, "Inst_time": 20150825.0, "Inst_year": 2015, "Major_type": "Cropland", "Lat": 40.406226795899997, "Lon": 115.03673487499999, "Province": "河北", "Province_pinyin": "Hebei", "Province code": 13, "City": "张家口市", "City_pinyin": "Zhangjiakou", "City code": 1307, "County": "宣化县", "County_pinyin": "Xuanhua xian", "County code": 130721, "Township": "崞村镇", "Township_pinyin": "guo cun zhen" }, "geometry": { "type": "Polygon", "coordinates": [ [ [ 115.037087474207624, 40.406760469420192 ], [ 115.037267138967309, 40.406670637040293 ], [ 115.037446801029091, 40.40658080555977 ], [ 115.037536631610351, 40.406401142598725 ], [ 115.037536631610351, 40.406041816676577 ], [ 115.037446801029091, 40.405951985195998 ], [ 115.036997642727101, 40.405951985195998 ], [ 115.036638317704274, 40.405951985195998 ], [ 115.036458654743228, 40.405772322234952 ], [ 115.035919664960602, 40.405772322234952 ], [ 115.035829832580816, 40.405862153715475 ], [ 115.035829832580816, 40.4061316481571 ], [ 115.035919665859979, 40.406221479637622 ], [ 115.036099327921761, 40.406311311118145 ], [ 115.036638316804897, 40.40658080555977 ], [ 115.03672814828542, 40.406670637040293 ], [ 115.036907811246579, 40.406760469420192 ], [ 115.037087474207624, 40.406760469420192 ] ] ] } },
{ "type": "Feature", "properties": { "PV_Area": 0.013159043439499999, "Inst_time": 20150904.0, "Inst_year": 2015, "Major_type": "Grassland", "Lat": 40.409035941200003, "Lon": 115.04297559299999, "Province": "河北", "Province_pinyin": "Hebei", "Province code": 13, "City": "张家口市", "City_pinyin": "Zhangjiakou", "City code": 1307, "County": "宣化县", "County_pinyin": "Xuanhua xian", "County code": 130721, "Township": "崞村镇", "Township_pinyin": "guo cun zhen" }, "geometry": { "type": "Polygon", "coordinates": [ [ [ 115.044094333286921, 40.409814740657794 ], [ 115.044184163868181, 40.409724909177271 ], [ 115.04418416566682, 40.409545246216169 ], [ 115.043914671225139, 40.409185920294021 ], [ 115.043824838845353, 40.409096088813499 ], [ 115.043555345303048, 40.408916425852397 ], [ 115.043285849962103, 40.408916425852397 ], [ 115.043285849962103, 40.409006257332976 ], [ 115.042926524039899, 40.409006257332976 ], [ 115.04283669166, 40.408916425852397 ], [ 115.04283669166, 40.408736761992031 ], [ 115.042746861078854, 40.408557099030929 ], [ 115.042387535156649, 40.408287604589304 ], [ 115.04193837685466, 40.408287604589304 ], [ 115.041848545374137, 40.408377436069884 ], [ 115.041758713893614, 40.408467267550407 ], [ 115.041758714792877, 40.408557099030929 ], [ 115.04184854447476, 40.408736761992031 ], [ 115.041938377754036, 40.408826594371874 ], [ 115.042297702776864, 40.409006257332976 ], [ 115.043016354621159, 40.409365583255124 ], [ 115.043196017582204, 40.409455414735646 ], [ 115.043375681442626, 40.409545246216169 ], [ 115.043645174984931, 40.409724909177271 ], [ 115.043824839744616, 40.409814740657794 ], [ 115.044094333286921, 40.409814740657794 ] ] ] } },
{ "type": "Feature", "properties": { "PV_Area": 0.00532435064239, "Inst_time": 20160922.0, "Inst_year": 2016, "Major_type": "Grassland", "Lat": 40.410535745799997, "Lon": 115.031663361, "Province": "河北", "Province_pinyin": "Hebei", "Province code": 13, "City": "张家口市", "City_pinyin": "Zhangjiakou", "City code": 1307, "County": "宣化县", "County_pinyin": "Xuanhua xian", "County code": 130721, "Township": "崞村镇", "Township_pinyin": "guo cun zhen" }, "geometry": { "type": "Polygon", "coordinates": [ [ [ 115.032146740080066, 40.410892719323613 ], [ 115.032236572459965, 40.410802887843033 ], [ 115.032236571560588, 40.410533393401465 ], [ 115.032056908599543, 40.410443561920886 ], [ 115.031697582677339, 40.410263898060521 ], [ 115.031517919716293, 40.410174066579941 ], [ 115.031338256755248, 40.410174066579941 ], [ 115.031248424375349, 40.410174066579941 ], [ 115.031068763212943, 40.410174066579941 ], [ 115.031068761414303, 40.410443561920886 ], [ 115.031158594693466, 40.410443561920886 ], [ 115.031248425274612, 40.410533393401465 ], [ 115.031338256755248, 40.410623224881988 ], [ 115.031338256755248, 40.410713056362511 ], [ 115.031428089135034, 40.410802887843033 ], [ 115.03196707711902, 40.410892719323613 ], [ 115.032146740080066, 40.410892719323613 ] ] ] } },
{ "type": "Feature", "properties": { "PV_Area": 0.00228185182418, "Inst_time": 20150805.0, "Inst_year": 2015, "Major_type": "Cropland", "Lat": 40.410773442999997, "Lon": 115.040815483, "Province": "河北", "Province_pinyin": "Hebei", "Province code": 13, "City": "张家口市", "City_pinyin": "Zhangjiakou", "City code": 1307, "County": "宣化县", "County_pinyin": "Xuanhua xian", "County code": 130721, "Township": "崞村镇", "Township_pinyin": "guo cun zhen" }, "geometry": { "type": "Polygon", "coordinates": [ [ [ 115.041040061149943, 40.410982550804135 ], [ 115.041129891731202, 40.410892719323613 ], [ 115.041129892630465, 40.410713056362511 ], [ 115.041040062049319, 40.410623224881988 ], [ 115.040950230568797, 40.410533393401465 ], [ 115.040680737026491, 40.410533393401465 ], [ 115.040590903747216, 40.410623224881988 ], [ 115.040501072266693, 40.410713056362511 ], [ 115.04050107316607, 40.410892719323613 ], [ 115.040590903747216, 40.410982550804135 ], [ 115.041040061149943, 40.410982550804135 ] ] ] } },
{ "type": "Feature", "properties": { "PV_Area": 0.010496527948499999, "Inst_time": 20131209.0, "Inst_year": 2013, "Major_type": "Grassland", "Lat": 40.410840968499997, "Lon": 115.04509181100001, "Province": "河北", "Province_pinyin": "Hebei", "Province code": 13, "City": "张家口市", "City_pinyin": "Zhangjiakou", "City code": 1307, "County": "宣化县", "County_pinyin": "Xuanhua xian", "County code": 130721, "Township": "崞村镇", "Township_pinyin": "guo cun zhen" }, "geometry": { "type": "Polygon", "coordinates": [ [ [ 115.045801133215832, 40.41170120264843 ], [ 115.045801133215832, 40.411611371167908 ], [ 115.045801133215832, 40.410982551703455 ], [ 115.045711300835933, 40.410802887843033 ], [ 115.045531637874888, 40.410713056362511 ], [ 115.044992648991638, 40.410713056362511 ], [ 115.044992648991638, 40.410084235099418 ], [ 115.044902817511115, 40.409994403618896 ], [ 115.044633323069434, 40.409994403618896 ], [ 115.044543490689648, 40.410084235099418 ], [ 115.044453661007765, 40.410353730440363 ], [ 115.044453659209012, 40.410713056362511 ], [ 115.044543490689648, 40.410982550804135 ], [ 115.044723153650693, 40.411162213765181 ], [ 115.044812986929855, 40.41125204524576 ], [ 115.044992648991638, 40.41125204524576 ], [ 115.044992648991638, 40.411162213765181 ], [ 115.04517231105342, 40.411162213765181 ], [ 115.045351974913729, 40.41125204524576 ], [ 115.045441806394365, 40.411341876726283 ], [ 115.045441807293628, 40.411521539687385 ], [ 115.045531637874888, 40.411611371167908 ], [ 115.045621470254673, 40.41170120264843 ], [ 115.045801133215832, 40.41170120264843 ] ] ] } },
{ "type": "Feature", "properties": { "PV_Area": 0.0085187830267300004, "Inst_time": 20160922.0, "Inst_year": 2016, "Major_type": "Grassland", "Lat": 40.4119991707, "Lon": 115.03426647000001, "Province": "河北", "Province_pinyin": "Hebei", "Province code": 13, "City": "张家口市", "City_pinyin": "Zhangjiakou", "City code": 1307, "County": "宣化县", "County_pinyin": "Xuanhua xian", "County code": 130721, "Township": "崞村镇", "Township_pinyin": "guo cun zhen" }, "geometry": { "type": "Polygon", "coordinates": [ [ [ 115.034123032651905, 40.412599518353147 ], [ 115.034302696512327, 40.412509686872625 ], [ 115.034662023333794, 40.412150360950477 ], [ 115.034931517775362, 40.411791034128953 ], [ 115.034931517775362, 40.41170120264843 ], [ 115.03484168629484, 40.411611371167908 ], [ 115.034751854814317, 40.411521539687385 ], [ 115.03430269741159, 40.411521539687385 ], [ 115.033943370590123, 40.411611371167908 ], [ 115.033853538210337, 40.41170120264843 ], [ 115.033763706729701, 40.411791034128953 ], [ 115.03376370852834, 40.412419855392045 ], [ 115.033943370590123, 40.412599518353147 ], [ 115.034123032651905, 40.412599518353147 ] ] ] } },
{ "type": "Feature", "properties": { "PV_Area": 0.0033086156780199999, "Inst_time": 20220724.0, "Inst_year": 2022, "Major_type": "Grassland", "Lat": 40.412350330599999, "Lon": 115.045851039, "Province": "河北", "Province_pinyin": "Hebei", "Province code": 13, "City": "张家口市", "City_pinyin": "Zhangjiakou", "City code": 1307, "County": "宣化县", "County_pinyin": "Xuanhua xian", "County code": 130721, "Township": "崞村镇", "Township_pinyin": "guo cun zhen" }, "geometry": { "type": "Polygon", "coordinates": [ [ [ 115.04598079707614, 40.412779181314193 ], [ 115.045980796176877, 40.41268934983367 ], [ 115.046070626758024, 40.412599518353147 ], [ 115.046160459137923, 40.412599518353147 ], [ 115.046160459137923, 40.412330023911522 ], [ 115.046070626758024, 40.412150360950477 ], [ 115.045980796176877, 40.412060528570578 ], [ 115.045801133215832, 40.411970697989375 ], [ 115.045711300835933, 40.411970697989375 ], [ 115.045621470254673, 40.412060528570578 ], [ 115.045531637874888, 40.412150360950477 ], [ 115.045531637874888, 40.412330023911522 ], [ 115.04562147115405, 40.412509686872625 ], [ 115.045711300835933, 40.412599518353147 ], [ 115.045890963796978, 40.412779181314193 ], [ 115.04598079707614, 40.412779181314193 ] ] ] } },
{ "type": "Feature", "properties": { "PV_Area": 0.00022817326423199999, "Inst_time": 20220724.0, "Inst_year": 2022, "Major_type": "Grassland", "Lat": 40.4133630862, "Lon": 115.045666385, "Province": "河北", "Province_pinyin": "Hebei", "Province code": 13, "City": "张家口市", "City_pinyin": "Zhangjiakou", "City code": 1307, "County": "宣化县", "County_pinyin": "Xuanhua xian", "County code": 130721, "Township": "崞村镇", "Township_pinyin": "guo cun zhen" }, "geometry": { "type": "Polygon", "coordinates": [ [ [ 115.045711299936556, 40.41322833871692 ], [ 115.045621470254673, 40.41322833871692 ], [ 115.045621470254673, 40.413497833158544 ], [ 115.045711300835933, 40.413497833158544 ], [ 115.045711299936556, 40.41322833871692 ] ] ] } },
{ "type": "Feature", "properties": { "PV_Area": 0.481877747937, "Inst_time": 20161006.0, "Inst_year": 2016, "Major_type": "Grassland", "Lat": 40.411103949100003, "Lon": 115.003665598, "Province": "河北", "Province_pinyin": "Hebei", "Province code": 13, "City": "张家口市", "City_pinyin": "Zhangjiakou", "City code": 1307, "County": "宣化县", "County_pinyin": "Xuanhua xian", "County code": 130721, "Township": "崞村镇", "Township_pinyin": "guo cun zhen" }, "geometry": { "type": "Polygon", "coordinates": [ [ [ 115.006543619692366, 40.413408081717648 ], [ 115.006543619692366, 40.413140525315043 ], [ 115.006815613349886, 40.413140499234714 ], [ 115.006815613349886, 40.413408055637319 ], [ 115.006543619692366, 40.413408081717648 ], [ 115.006543619692366, 40.413947647965642 ], [ 115.006276063289761, 40.414215155804868 ], [ 115.006004069632127, 40.414215181885197 ], [ 115.006004069632127, 40.415026748086007 ], [ 115.006276063289761, 40.415294270314348 ], [ 115.006815614249263, 40.415294284703521 ], [ 115.006815613349886, 40.415561832112928 ], [ 115.007355162510748, 40.415561842005445 ], [ 115.007622718913353, 40.41529426311979 ], [ 115.007622718913353, 40.414754712160288 ], [ 115.007890275315958, 40.414487204321063 ], [ 115.008162266275576, 40.414215165697385 ], [ 115.010048459368932, 40.414215209764166 ], [ 115.010316013972897, 40.413947622784633 ], [ 115.010316013972897, 40.413408067328476 ], [ 115.010588003133876, 40.413408103301379 ], [ 115.010588003133876, 40.412868543348623 ], [ 115.010316013972897, 40.412868507375777 ], [ 115.010316013972897, 40.411789445926217 ], [ 115.010048459368932, 40.411521848154848 ], [ 115.00977646930869, 40.411521882329055 ], [ 115.009508914704725, 40.411249897664675 ], [ 115.009508914704725, 40.410982335866152 ], [ 115.010048459368932, 40.41098234216139 ], [ 115.010048459368932, 40.409635678443863 ], [ 115.00977646930869, 40.409363682987646 ], [ 115.009241359201383, 40.409363671296433 ], [ 115.008969369141141, 40.409635653262853 ], [ 115.008969369141141, 40.410175245591176 ], [ 115.008701812738536, 40.410175202423716 ], [ 115.008701812738536, 40.410982355651242 ], [ 115.009241359201383, 40.41098229539665 ], [ 115.009241359201383, 40.41124985809455 ], [ 115.008969369141141, 40.411249888671477 ], [ 115.008969369141141, 40.411789393765559 ], [ 115.008162266275576, 40.411789412651331 ], [ 115.007890275315958, 40.411521878731776 ], [ 115.00762271801409, 40.410982323275675 ], [ 115.007083169752491, 40.410714807342515 ], [ 115.007083169752491, 40.41044278310801 ], [ 115.005468954129014, 40.410442768718838 ], [ 115.005468953229638, 40.410714794752039 ], [ 115.004657408612616, 40.410714776765587 ], [ 115.004657407713239, 40.410442748933747 ], [ 115.004117854055835, 40.41044278220869 ], [ 115.004117854955098, 40.410714810040531 ], [ 115.003850295854477, 40.410982324174995 ], [ 115.00304327033075, 40.410982346658045 ], [ 115.00304327033075, 40.410442744437148 ], [ 115.003310740398433, 40.410442751631763 ], [ 115.003310740398433, 40.408828592665486 ], [ 115.00304327033075, 40.408556545048555 ], [ 115.002771273975213, 40.408556554041809 ], [ 115.002503713975329, 40.408289051598501 ], [ 115.002503713075953, 40.408017010276865 ], [ 115.002231717619679, 40.407749428693251 ], [ 115.001692161264259, 40.407749440384407 ], [ 115.001692162163636, 40.408017027363996 ], [ 115.000617478613776, 40.408017041753112 ], [ 115.000617478613776, 40.408289012927639 ], [ 115.000077918661077, 40.408289015625598 ], [ 115.000077918661077, 40.408556602605188 ], [ 114.999538357809001, 40.408556602605188 ], [ 114.999266358755563, 40.40828901202832 ], [ 114.999266358755563, 40.407749447579022 ], [ 114.999538357809001, 40.40774945207562 ], [ 114.999805922305541, 40.407477478203134 ], [ 114.999805921406164, 40.406670386129463 ], [ 115.000345481358977, 40.406670388827422 ], [ 115.000617478613776, 40.406402795552651 ], [ 115.000885042210939, 40.40613081628419 ], [ 115.000885041311676, 40.405591237445719 ], [ 114.999805921406164, 40.405591299498951 ], [ 114.999538357809001, 40.406130806391673 ], [ 114.999266358755563, 40.406402854907867 ], [ 114.998731323291963, 40.406402825230259 ], [ 114.998459324238524, 40.406670342962002 ], [ 114.998191759741985, 40.40693793443819 ], [ 114.998191758842609, 40.407209912807275 ], [ 114.99791975978917, 40.407477426941739 ], [ 114.997380196239078, 40.407477485397692 ], [ 114.997380197138455, 40.407749462867457 ], [ 114.997112630843276, 40.408017048947727 ], [ 114.996573066393921, 40.408017030061956 ], [ 114.996305500098856, 40.408288996739884 ], [ 114.996305500098856, 40.409096155363329 ], [ 114.997380196239078, 40.409096112195868 ], [ 114.997652196192007, 40.409363632625571 ], [ 114.997652196192007, 40.409903187182408 ], [ 114.99791975978917, 40.409903190779687 ], [ 114.997919760688433, 40.410982281906854 ], [ 114.998731323291963, 40.410982286403453 ], [ 114.998731323291963, 40.411249864389788 ], [ 115.000077918661077, 40.411249870685026 ], [ 115.000077918661077, 40.412061428791958 ], [ 115.000345481358977, 40.412328992389121 ], [ 115.001157037667213, 40.412328969006751 ], [ 115.001424598566473, 40.412061390121096 ], [ 115.001424599465736, 40.41178943693302 ], [ 115.002231717619679, 40.411789404557453 ], [ 115.002231717619679, 40.412061429691278 ], [ 115.003310740398433, 40.412061469261459 ], [ 115.003310740398433, 40.411789445926217 ], [ 115.004117854055835, 40.411789397362838 ], [ 115.004117854055835, 40.412601004033149 ], [ 115.003850294955214, 40.412868512771695 ], [ 115.003578300398317, 40.412868528959507 ], [ 115.003578300398317, 40.413675594952792 ], [ 115.003850294955214, 40.413675649811466 ], [ 115.003850295854477, 40.414487160254282 ], [ 115.003578300398317, 40.414487179140053 ], [ 115.003578300398317, 40.415294296394734 ], [ 115.004389848612732, 40.415294305387931 ], [ 115.004657407713239, 40.415561831213608 ], [ 115.004657407713239, 40.415833834763703 ], [ 115.005196958672741, 40.415833857246753 ], [ 115.005196959572118, 40.415026754381245 ], [ 115.004929402270136, 40.415026705817866 ], [ 115.004929402270136, 40.414487145865166 ], [ 115.005468954129014, 40.414487170146856 ], [ 115.005736512330259, 40.41394765426088 ], [ 115.006276063289761, 40.413675592254833 ], [ 115.006276063289761, 40.413408108697297 ], [ 115.006543619692366, 40.413408081717648 ] ], [ [ 115.006543619692366, 40.412328934832544 ], [ 115.006543619692366, 40.411789427939823 ], [ 115.007083169752491, 40.411789451322193 ], [ 115.007083170651867, 40.412328957315594 ], [ 115.006543619692366, 40.412328934832544 ] ], [ [ 115.000077918661077, 40.409635707222151 ], [ 115.000077918661077, 40.409363667699154 ], [ 114.999805921406164, 40.409363668598473 ], [ 114.999805921406164, 40.409096158061288 ], [ 115.000617478613776, 40.40909615266537 ], [ 115.000617478613776, 40.409635700926913 ], [ 115.000077918661077, 40.409635707222151 ] ] ] } },
{ "type": "Feature", "properties": { "PV_Area": 0.011104203531100001, "Inst_time": 20170417.0, "Inst_year": 2017, "Major_type": "Grassland", "Lat": 40.415854270200001, "Lon": 115.03824185000001, "Province": "河北", "Province_pinyin": "Hebei", "Province code": 13, "City": "张家口市", "City_pinyin": "Zhangjiakou", "City code": 1307, "County": "宣化县", "County_pinyin": "Xuanhua xian", "County code": 130721, "Township": "崞村镇", "Township_pinyin": "guo cun zhen" }, "geometry": { "type": "Polygon", "coordinates": [ [ [ 115.038614610276113, 40.416462273814943 ], [ 115.038614610276113, 40.416372442334421 ], [ 115.03897393709758, 40.416282610853841 ], [ 115.039153600058626, 40.416192779373318 ], [ 115.039243430639885, 40.416102947892796 ], [ 115.039243430639885, 40.415833452551851 ], [ 115.039153599159363, 40.415743621970648 ], [ 115.038165451974123, 40.415743621970648 ], [ 115.037895958431818, 40.415474126629704 ], [ 115.037895958431818, 40.415204633087399 ], [ 115.037806126951295, 40.415114800707556 ], [ 115.037536631610351, 40.415114800707556 ], [ 115.037356968649192, 40.415294463668602 ], [ 115.037356968649192, 40.415743621970648 ], [ 115.037536631610351, 40.415923284931694 ], [ 115.037895958431818, 40.415923284931694 ], [ 115.037985789912341, 40.416013116412273 ], [ 115.038075621392863, 40.416102947892796 ], [ 115.038165451974123, 40.416372442334421 ], [ 115.038255284353909, 40.416462273814943 ], [ 115.038614610276113, 40.416462273814943 ] ] ] } },
{ "type": "Feature", "properties": { "PV_Area": 0.00095068721947799998, "Inst_time": 20170412.0, "Inst_year": 2017, "Major_type": "Grassland", "Lat": 40.416861126000001, "Lon": 115.03811634500001, "Province": "河北", "Province_pinyin": "Hebei", "Province code": 13, "City": "张家口市", "City_pinyin": "Zhangjiakou", "City code": 1307, "County": "宣化县", "County_pinyin": "Xuanhua xian", "County code": 130721, "Township": "崞村镇", "Township_pinyin": "guo cun zhen" }, "geometry": { "type": "Polygon", "coordinates": [ [ [ 115.038165452873386, 40.417091095078035 ], [ 115.038255283454646, 40.416911432116933 ], [ 115.038255284353909, 40.416731769155888 ], [ 115.038165452873386, 40.416641936775989 ], [ 115.038075621392863, 40.416641936775989 ], [ 115.037985789912341, 40.416731769155888 ], [ 115.037985789912341, 40.417001262698193 ], [ 115.038075621392863, 40.417091095078035 ], [ 115.038165452873386, 40.417091095078035 ] ] ] } },
{ "type": "Feature", "properties": { "PV_Area": 0.0100392356759, "Inst_time": 20170417.0, "Inst_year": 2017, "Major_type": "Grassland", "Lat": 40.4170890535, "Lon": 115.037264983, "Province": "河北", "Province_pinyin": "Hebei", "Province code": 13, "City": "张家口市", "City_pinyin": "Zhangjiakou", "City code": 1307, "County": "宣化县", "County_pinyin": "Xuanhua xian", "County code": 130721, "Township": "崞村镇", "Township_pinyin": "guo cun zhen" }, "geometry": { "type": "Polygon", "coordinates": [ [ [ 115.038075621392863, 40.41780974692233 ], [ 115.038075621392863, 40.417719915441808 ], [ 115.038075621392863, 40.417450421000183 ], [ 115.037985789912341, 40.41736058862034 ], [ 115.037626463990136, 40.417001262698193 ], [ 115.037536631610351, 40.416911432116933 ], [ 115.037356968649192, 40.416821599737091 ], [ 115.037087474207624, 40.416462273814943 ], [ 115.036997642727101, 40.416372442334421 ], [ 115.036907811246579, 40.416282610853841 ], [ 115.036817979766056, 40.416282610853841 ], [ 115.036728149184796, 40.416372442334421 ], [ 115.036638317704274, 40.416462273814943 ], [ 115.036638317704274, 40.417091095078035 ], [ 115.03672814828542, 40.417270758039081 ], [ 115.036907811246579, 40.41736058862034 ], [ 115.037356968649192, 40.417450421000183 ], [ 115.037716293672133, 40.417719915441808 ], [ 115.037806126951295, 40.41780974692233 ], [ 115.038075621392863, 40.41780974692233 ] ] ] } },
{ "type": "Feature", "properties": { "PV_Area": 0.30121255889300003, "Inst_time": 20200313.0, "Inst_year": 2020, "Major_type": "Grassland", "Lat": 40.416884973400002, "Lon": 114.988669149, "Province": "河北", "Province_pinyin": "Hebei", "Province code": 13, "City": "张家口市", "City_pinyin": "Zhangjiakou", "City code": 1307, "County": "宣化县", "County_pinyin": "Xuanhua xian", "County code": 130721, "Township": "崞村镇", "Township_pinyin": "guo cun zhen" }, "geometry": { "type": "Polygon", "coordinates": [ [ [ 114.988221228027328, 40.420952828010684 ], [ 114.988221227127951, 40.41879911268893 ], [ 114.987949219980578, 40.4187990911052 ], [ 114.987949219980578, 40.418527076763212 ], [ 114.988221228027328, 40.418259540145698 ], [ 114.989567865664526, 40.418259580615199 ], [ 114.989567865664526, 40.417987567172531 ], [ 114.989835345624783, 40.41772004404487 ], [ 114.990107351872894, 40.417720062031265 ], [ 114.990374923563877, 40.417452442676165 ], [ 114.990374922664614, 40.416912936682706 ], [ 114.990914497905806, 40.416912895313942 ], [ 114.990914497905806, 40.416373385723205 ], [ 114.991182067798263, 40.416101378575831 ], [ 114.991454073146997, 40.415833829367784 ], [ 114.991993557556725, 40.415833805086095 ], [ 114.992261126549806, 40.415561795240706 ], [ 114.992261125650543, 40.41394760929478 ], [ 114.992800698193719, 40.413947638073068 ], [ 114.993068266287537, 40.414215147710934 ], [ 114.993068266287537, 40.414487174643455 ], [ 114.993607747099873, 40.414487217810915 ], [ 114.993879748851441, 40.414215202569608 ], [ 114.993879749750704, 40.412868498382522 ], [ 114.994147317844522, 40.412868509174416 ], [ 114.994147317844522, 40.412061392819055 ], [ 114.992800697294456, 40.412061450375688 ], [ 114.992800697294456, 40.411789411752011 ], [ 114.992261125650543, 40.411789450422873 ], [ 114.992261125650543, 40.411521867040562 ], [ 114.991454073146997, 40.411521861644644 ], [ 114.991454073146997, 40.412328995986456 ], [ 114.991721552207878, 40.412328961812193 ], [ 114.991721552207878, 40.412600998637231 ], [ 114.991454073146997, 40.412868538852024 ], [ 114.990914497905806, 40.412868501080538 ], [ 114.990914497905806, 40.413947650663602 ], [ 114.990642493456335, 40.414215133321818 ], [ 114.990107350973517, 40.414215168395344 ], [ 114.989835345624783, 40.414487177341414 ], [ 114.989835346524046, 40.415026705817866 ], [ 114.989028287725318, 40.415026694126709 ], [ 114.988756280577945, 40.415294243334699 ], [ 114.988756280577945, 40.416373361441515 ], [ 114.989028287725318, 40.416373383924565 ], [ 114.989028287725318, 40.417180463407703 ], [ 114.988756281477322, 40.417180440924653 ], [ 114.988756280577945, 40.416912950172559 ], [ 114.987949219980578, 40.416912935783387 ], [ 114.987949219980578, 40.416640913347521 ], [ 114.986870059605621, 40.416640957414302 ], [ 114.986870058706359, 40.416912907904418 ], [ 114.986062991813696, 40.416912951071879 ], [ 114.985795420122599, 40.417180491286672 ], [ 114.985795421021976, 40.417452513722594 ], [ 114.984716340686646, 40.417452442676165 ], [ 114.984716340686646, 40.417720010769926 ], [ 114.984444330841256, 40.417987543790161 ], [ 114.983369684163677, 40.417987535696284 ], [ 114.9833696832643, 40.419066635816648 ], [ 114.982830096331895, 40.419066712258996 ], [ 114.982830097231272, 40.419873780050978 ], [ 114.983909271096081, 40.419873765661805 ], [ 114.983909271096081, 40.419606206561241 ], [ 114.984444330841256, 40.419606213755799 ], [ 114.984444330841256, 40.419873772856363 ], [ 114.984983915975022, 40.419873757567927 ], [ 114.985255925820411, 40.419606229943611 ], [ 114.985255924921034, 40.419338670843047 ], [ 114.986062992712959, 40.419338698722015 ], [ 114.986062991813696, 40.419606183178871 ], [ 114.986870058706359, 40.419606202963962 ], [ 114.986870058706359, 40.419873757567927 ], [ 114.986330567102073, 40.419873762963846 ], [ 114.986062992712959, 40.420145750326185 ], [ 114.986062992712959, 40.420685312077524 ], [ 114.985255925820411, 40.420685289594473 ], [ 114.985255925820411, 40.421492399654596 ], [ 114.987142066752995, 40.421492450915935 ], [ 114.987142066752995, 40.421224902607207 ], [ 114.987949219980578, 40.421224886419452 ], [ 114.987949219980578, 40.420952882869301 ], [ 114.988221228027328, 40.420952828010684 ] ] ] } },
{ "type": "Feature", "properties": { "PV_Area": 0.0073008542366300002, "Inst_time": 20170515.0, "Inst_year": 2017, "Major_type": "Grassland", "Lat": 40.420943868800002, "Lon": 115.041234696, "Province": "河北", "Province_pinyin": "Hebei", "Province code": 13, "City": "张家口市", "City_pinyin": "Zhangjiakou", "City code": 1307, "County": "宣化县", "County_pinyin": "Xuanhua xian", "County code": 130721, "Township": "崞村镇", "Township_pinyin": "guo cun zhen" }, "geometry": { "type": "Polygon", "coordinates": [ [ [ 115.041309555591624, 40.421582670903604 ], [ 115.041309555591624, 40.421492840322401 ], [ 115.041579050033192, 40.421313175562659 ], [ 115.041668882413092, 40.421223344981456 ], [ 115.041758713893614, 40.421043682020354 ], [ 115.041758713893614, 40.420864019059309 ], [ 115.041668882413092, 40.42077418578009 ], [ 115.041579050932569, 40.420684356098207 ], [ 115.041309556490887, 40.420504693137104 ], [ 115.041129891731202, 40.420414860757262 ], [ 115.040860398188897, 40.420414860757262 ], [ 115.040770566708375, 40.420504693137104 ], [ 115.040770566708375, 40.420864019059309 ], [ 115.04095022966942, 40.421223344981456 ], [ 115.041040062049319, 40.421403007942502 ], [ 115.041129893529842, 40.421492840322401 ], [ 115.041219725010365, 40.421582670903604 ], [ 115.041309555591624, 40.421582670903604 ] ] ] } },
{ "type": "Feature", "properties": { "PV_Area": 0.0060079952791000004, "Inst_time": 20170609.0, "Inst_year": 2017, "Major_type": "Grassland", "Lat": 40.420992133, "Lon": 115.04314939699999, "Province": "河北", "Province_pinyin": "Hebei", "Province code": 13, "City": "张家口市", "City_pinyin": "Zhangjiakou", "City code": 1307, "County": "宣化县", "County_pinyin": "Xuanhua xian", "County code": 130721, "Township": "崞村镇", "Township_pinyin": "guo cun zhen" }, "geometry": { "type": "Polygon", "coordinates": [ [ [ 115.043016354621159, 40.421582670903604 ], [ 115.043016354621159, 40.421492840322401 ], [ 115.043285849962103, 40.421403007942502 ], [ 115.043465513822412, 40.421313175562659 ], [ 115.043555346202311, 40.421223344981456 ], [ 115.043555345303048, 40.421043682020354 ], [ 115.043465512923149, 40.420953849640512 ], [ 115.043375681442626, 40.420414860757262 ], [ 115.043285849962103, 40.420325030176059 ], [ 115.043196017582204, 40.420325030176059 ], [ 115.043106187000944, 40.420414860757262 ], [ 115.043016354621159, 40.420504693137104 ], [ 115.04283669166, 40.420953849640512 ], [ 115.042746861078854, 40.421313175562659 ], [ 115.042746861078854, 40.421403007942502 ], [ 115.04283669166, 40.421492840322401 ], [ 115.042926524039899, 40.421582670903604 ], [ 115.043016354621159, 40.421582670903604 ] ] ] } },
{ "type": "Feature", "properties": { "PV_Area": 0.260996493735, "Inst_time": 20150707.0, "Inst_year": 2015, "Major_type": "Grassland", "Lat": 40.419617821199999, "Lon": 115.025995935, "Province": "河北", "Province_pinyin": "Hebei", "Province code": 13, "City": "张家口市", "City_pinyin": "Zhangjiakou", "City code": 1307, "County": "宣化县", "County_pinyin": "Xuanhua xian", "County code": 130721, "Township": "崞村镇", "Township_pinyin": "guo cun zhen" }, "geometry": { "type": "Polygon", "coordinates": [ [ [ 115.025677679181626, 40.424185717197133 ], [ 115.025677680080889, 40.423918160794528 ], [ 115.025949656651392, 40.423918135613519 ], [ 115.025949656651392, 40.422839067868722 ], [ 115.026217198664881, 40.422839042687713 ], [ 115.026217199564144, 40.422031974895788 ], [ 115.025949656651392, 40.421764433781618 ], [ 115.02487052685342, 40.421764393312174 ], [ 115.02460298483993, 40.421492389762022 ], [ 115.02460298483993, 40.42122489361401 ], [ 115.025677680080889, 40.421224866634361 ], [ 115.025677680080889, 40.420413321117906 ], [ 115.025410048135313, 40.42014578899699 ], [ 115.025138069766172, 40.420145806983442 ], [ 115.025138069766172, 40.419066666393576 ], [ 115.025677680080889, 40.419066682581388 ], [ 115.025677680080889, 40.418799104595053 ], [ 115.026217198664881, 40.418799140567955 ], [ 115.02648917523527, 40.418527087555105 ], [ 115.026756716349496, 40.417987598648836 ], [ 115.027024256564232, 40.41771999728013 ], [ 115.027296324865574, 40.417720028756378 ], [ 115.027563864181047, 40.417452498434102 ], [ 115.02783583895291, 40.417180439126014 ], [ 115.02783583895291, 40.416640888166512 ], [ 115.028642894154359, 40.41664089356243 ], [ 115.028642895053622, 40.416912933085428 ], [ 115.028375354838772, 40.416912955568478 ], [ 115.028375354838772, 40.417720010769926 ], [ 115.028642894154359, 40.417720059333305 ], [ 115.028642893254982, 40.418527101944278 ], [ 115.028375353939509, 40.418527128024607 ], [ 115.028375354838772, 40.419066660098338 ], [ 115.028103379167646, 40.419066686178667 ], [ 115.027835839852173, 40.419338667245768 ], [ 115.02783583895291, 40.420413333708439 ], [ 115.028642894154359, 40.420413323815922 ], [ 115.028642894154359, 40.420145754822784 ], [ 115.029182499073158, 40.420145749426865 ], [ 115.029182499972421, 40.419873798037429 ], [ 115.029989549777952, 40.419873779151658 ], [ 115.029989549777952, 40.419066687077986 ], [ 115.029722011361741, 40.419066644809845 ], [ 115.029722012261118, 40.418527116333394 ], [ 115.029989549777952, 40.418527158601535 ], [ 115.029989549777952, 40.417720049440788 ], [ 115.030261613582638, 40.41771999907877 ], [ 115.030261613582638, 40.416912951971199 ], [ 115.029989550677328, 40.416912927689509 ], [ 115.029989549777952, 40.416373381226606 ], [ 115.029722011361741, 40.416101367783938 ], [ 115.029450038388632, 40.415833805985415 ], [ 115.028914959757685, 40.415833781703725 ], [ 115.028914957959046, 40.416101368683258 ], [ 115.028375354838772, 40.416101363287339 ], [ 115.028375354838772, 40.415833848253556 ], [ 115.027835839852173, 40.415833816777251 ], [ 115.027835839852173, 40.415561844703404 ], [ 115.027296323966198, 40.415561808730558 ], [ 115.027296323966198, 40.415833781703725 ], [ 115.026756716349496, 40.415833838360982 ], [ 115.02648917523527, 40.416101372280536 ], [ 115.02648917523527, 40.416373344354383 ], [ 115.025677680080889, 40.41637339021986 ], [ 115.025410048135313, 40.416640942125809 ], [ 115.025410048135313, 40.417720052138748 ], [ 115.025138069766172, 40.417987577964425 ], [ 115.02460298483993, 40.417987533897644 ], [ 115.02460298483993, 40.418259573420642 ], [ 115.023523852343942, 40.418259568924043 ], [ 115.023251872176274, 40.418527091152384 ], [ 115.022984328364146, 40.418799138769316 ], [ 115.022984327464769, 40.419606190373429 ], [ 115.023251872176274, 40.419873756668608 ], [ 115.023523851444679, 40.419873744977394 ], [ 115.023523851444679, 40.420685306681605 ], [ 115.022712349095741, 40.420685346251787 ], [ 115.022444804384236, 40.420952858587611 ], [ 115.022444806182875, 40.422031981191026 ], [ 115.022712349995004, 40.422299535794991 ], [ 115.022984328364146, 40.422299522305138 ], [ 115.022984328364146, 40.422839108338223 ], [ 115.022712349095741, 40.422839050781647 ], [ 115.022444805283612, 40.423111084009349 ], [ 115.022444805283612, 40.423650590902128 ], [ 115.023791395256694, 40.423650652055983 ], [ 115.023791395256694, 40.423378636814675 ], [ 115.024063463558036, 40.42311103634529 ], [ 115.02460298483993, 40.423111069620234 ], [ 115.02460298483993, 40.423918203062669 ], [ 115.024870527752682, 40.424185736982224 ], [ 115.025677679181626, 40.424185717197133 ] ] ] } },
{ "type": "Feature", "properties": { "PV_Area": 0.16221259065800001, "Inst_time": 20160905.0, "Inst_year": 2016, "Major_type": "Grassland", "Lat": 40.426164829199998, "Lon": 115.004892287, "Province": "河北", "Province_pinyin": "Hebei", "Province code": 13, "City": "张家口市", "City_pinyin": "Zhangjiakou", "City code": 1307, "County": "宣化县", "County_pinyin": "Xuanhua xian", "County code": 130721, "Township": "崞村镇", "Township_pinyin": "guo cun zhen" }, "geometry": { "type": "Polygon", "coordinates": [ [ [ 115.002771274874476, 40.428769667786014 ], [ 115.002771273975213, 40.428497647148731 ], [ 115.003578300398317, 40.428497700208766 ], [ 115.003850294955214, 40.42823016808785 ], [ 115.004117854055835, 40.427962561323227 ], [ 115.004117854055835, 40.427690610833054 ], [ 115.004657406813976, 40.427690603638496 ], [ 115.004657407713239, 40.427423034645358 ], [ 115.006276063289761, 40.427422996873872 ], [ 115.006276063289761, 40.427151047283076 ], [ 115.006543619692366, 40.426883506168906 ], [ 115.007083170651867, 40.426883487283192 ], [ 115.007083169752491, 40.42661146304863 ], [ 115.007355161611486, 40.426343919236558 ], [ 115.007890275315958, 40.426343895854188 ], [ 115.007890275315958, 40.42607639790748 ], [ 115.009241359201383, 40.426076367330552 ], [ 115.009241359201383, 40.424997317572206 ], [ 115.008969369141141, 40.424725264559356 ], [ 115.007083169752491, 40.424725299632939 ], [ 115.007083169752491, 40.424997259116253 ], [ 115.006543619692366, 40.424997272606106 ], [ 115.006276063289761, 40.425264820914833 ], [ 115.006276063289761, 40.425536852343896 ], [ 115.006004069632127, 40.425804396156025 ], [ 115.005736512330259, 40.42580436467972 ], [ 115.005736512330259, 40.424997251921695 ], [ 115.005468954129014, 40.424725258264118 ], [ 115.005196959572118, 40.424457715351309 ], [ 115.004657407713239, 40.424457716250629 ], [ 115.004657407713239, 40.42472529873362 ], [ 115.004389848612732, 40.424725261861397 ], [ 115.004117854055835, 40.424457715351309 ], [ 115.004117854055835, 40.423918162593168 ], [ 115.003310739499057, 40.423918189572817 ], [ 115.003310740398433, 40.423650601693964 ], [ 115.002231717619679, 40.423650626874974 ], [ 115.001964156720533, 40.423918171586422 ], [ 115.001964156720533, 40.424725241176986 ], [ 115.003578300398317, 40.424725293337644 ], [ 115.003850294955214, 40.424997296887796 ], [ 115.003850294955214, 40.425804416840435 ], [ 115.003578300398317, 40.425804379068893 ], [ 115.003578300398317, 40.426611490028279 ], [ 115.003310739499057, 40.426611453156113 ], [ 115.003310740398433, 40.427151055376953 ], [ 115.00304327033075, 40.42715099782032 ], [ 115.00304327033075, 40.427690596443938 ], [ 115.002503713975329, 40.427690592846659 ], [ 115.002231717619679, 40.42742298068606 ], [ 115.002231717619679, 40.427151025699345 ], [ 115.001424598566473, 40.427151049081715 ], [ 115.001157037667213, 40.427423037343374 ], [ 115.001157038566589, 40.428497705604684 ], [ 115.001692162163636, 40.428497639954173 ], [ 115.001692161264259, 40.428769662390039 ], [ 115.002771274874476, 40.428769667786014 ] ] ] } },
{ "type": "Feature", "properties": { "PV_Area": 0.18645651161, "Inst_time": 20170323.0, "Inst_year": 2017, "Major_type": "Grassland", "Lat": 40.426694992999998, "Lon": 115.03629430399999, "Province": "河北", "Province_pinyin": "Hebei", "Province code": 13, "City": "张家口市", "City_pinyin": "Zhangjiakou", "City code": 1307, "County": "宣化县", "County_pinyin": "Xuanhua xian", "County code": 130721, "Township": "崞村镇", "Township_pinyin": "guo cun zhen" }, "geometry": { "type": "Polygon", "coordinates": [ [ [ 115.032954906843543, 40.430116338698099 ], [ 115.032954906843543, 40.429848747221968 ], [ 115.033226876219373, 40.429576791335876 ], [ 115.034573514755948, 40.42957677694676 ], [ 115.034841048675503, 40.429309198960425 ], [ 115.035113108882911, 40.429037216994004 ], [ 115.035380641903203, 40.428769710054155 ], [ 115.035380642802465, 40.428230138410186 ], [ 115.035920145198588, 40.428230162691932 ], [ 115.035920146997228, 40.427962566719145 ], [ 115.036459738426288, 40.427962569417105 ], [ 115.036459738426288, 40.427690591047963 ], [ 115.036999329855234, 40.427690590148643 ], [ 115.036999328955972, 40.427422993276593 ], [ 115.037806361674257, 40.427423019356922 ], [ 115.037806361674257, 40.427151040088461 ], [ 115.03834595220394, 40.427151032893903 ], [ 115.038345953103317, 40.426883507068226 ], [ 115.038885450103521, 40.426883519658759 ], [ 115.038885450103521, 40.426611466645909 ], [ 115.039425037035926, 40.426611455854072 ], [ 115.039425037035926, 40.425804346693326 ], [ 115.039960098579741, 40.425804355686523 ], [ 115.039960097680478, 40.425536827162887 ], [ 115.040499683713506, 40.425536811874395 ], [ 115.040771648592795, 40.425264829908031 ], [ 115.041039268847271, 40.424997280699984 ], [ 115.041039268847271, 40.42445769106962 ], [ 115.039692568257465, 40.42445771265335 ], [ 115.039425037035926, 40.424185717197133 ], [ 115.039425036136549, 40.423650643062786 ], [ 115.038885450103521, 40.423650646660064 ], [ 115.038613483425593, 40.42337864310997 ], [ 115.038613483425593, 40.422839103841625 ], [ 115.038073894694548, 40.422839101143666 ], [ 115.037806361674257, 40.423111084908669 ], [ 115.037538829553455, 40.423378614331625 ], [ 115.037266862875526, 40.423650597197366 ], [ 115.036999329855234, 40.423918195868112 ], [ 115.036999329855234, 40.424457728841162 ], [ 115.03726686197615, 40.424725279847848 ], [ 115.038073893795172, 40.424725314921375 ], [ 115.038073893795172, 40.424457706358112 ], [ 115.03915307125726, 40.424457700062874 ], [ 115.03915307125726, 40.424725234881748 ], [ 115.038885450103521, 40.424997308578952 ], [ 115.038613483425593, 40.424997301384394 ], [ 115.038613483425593, 40.425804350290605 ], [ 115.03834595220394, 40.426076398806799 ], [ 115.03726686197615, 40.426076382618987 ], [ 115.037266862875526, 40.425804397954664 ], [ 115.036727272345843, 40.425804395256705 ], [ 115.036727271446466, 40.42553686223647 ], [ 115.03618776994972, 40.425536834357445 ], [ 115.036187769050343, 40.425264845196523 ], [ 115.035380642802465, 40.425264816418178 ], [ 115.035113108882911, 40.425536789391344 ], [ 115.035113108882911, 40.426076386216323 ], [ 115.035380643701842, 40.426076403303398 ], [ 115.03564817672202, 40.426343950712806 ], [ 115.03564817672202, 40.426883465699461 ], [ 115.035113108882911, 40.426883435122477 ], [ 115.035113107983648, 40.427151038289821 ], [ 115.034573514755948, 40.427151024800025 ], [ 115.034573514755948, 40.426883495377069 ], [ 115.034034010561186, 40.426883457605527 ], [ 115.034034010561186, 40.427150988827123 ], [ 115.033494412836944, 40.427151043685797 ], [ 115.033494411937568, 40.42742302835012 ], [ 115.03322687711875, 40.427690609933734 ], [ 115.032147771602467, 40.427690541585264 ], [ 115.032147770703091, 40.428497655242666 ], [ 115.032415310018564, 40.428497677725716 ], [ 115.032415309119301, 40.42876965699412 ], [ 115.032147771602467, 40.428769708255459 ], [ 115.03214777250173, 40.429848782295494 ], [ 115.032415309119301, 40.430116321611024 ], [ 115.032954906843543, 40.430116338698099 ] ] ] } },
{ "type": "Feature", "properties": { "PV_Area": 0.048171820239300001, "Inst_time": 20190718.0, "Inst_year": 2019, "Major_type": "Grassland", "Lat": 40.4311534243, "Lon": 115.02976726, "Province": "河北", "Province_pinyin": "Hebei", "Province code": 13, "City": "张家口市", "City_pinyin": "Zhangjiakou", "City code": 1307, "County": "宣化县", "County_pinyin": "Xuanhua xian", "County code": 130721, "Township": "崞村镇", "Township_pinyin": "guo cun zhen" }, "geometry": { "type": "Polygon", "coordinates": [ [ [ 115.029450037489255, 40.432542088146931 ], [ 115.029450039287894, 40.432274502066662 ], [ 115.030261613582638, 40.432274553328 ], [ 115.030529151998849, 40.432002537187373 ], [ 115.030529151998849, 40.431195391154404 ], [ 115.030801124971958, 40.430923443362246 ], [ 115.03133620000574, 40.430923414583958 ], [ 115.03133620000574, 40.430116332402861 ], [ 115.031068663388169, 40.429848786792149 ], [ 115.030261614482015, 40.42984878409419 ], [ 115.030261613582638, 40.430116307221851 ], [ 115.029722011361741, 40.430116346792033 ], [ 115.029722011361741, 40.429848750819247 ], [ 115.029182499073158, 40.429848766107739 ], [ 115.028914958858309, 40.4301163342015 ], [ 115.028914958858309, 40.430923428073811 ], [ 115.029182499073158, 40.430923383107711 ], [ 115.029182499073158, 40.431462947557009 ], [ 115.028914958858309, 40.431734963697693 ], [ 115.028103380067023, 40.431734970892251 ], [ 115.028103380067023, 40.43254204677811 ], [ 115.029450037489255, 40.432542088146931 ] ], [ [ 115.029722011361741, 40.431195410040175 ], [ 115.029722012261118, 40.430923437966328 ], [ 115.029989549777952, 40.430923464046657 ], [ 115.029989549777952, 40.431195436120561 ], [ 115.029722011361741, 40.431195410040175 ] ] ] } },
{ "type": "Feature", "properties": { "PV_Area": 0.020545675609700002, "Inst_time": 20170529.0, "Inst_year": 2017, "Major_type": "Grassland", "Lat": 40.439180383900002, "Lon": 115.04569018, "Province": "河北", "Province_pinyin": "Hebei", "Province code": 13, "City": "张家口市", "City_pinyin": "Zhangjiakou", "City code": 1307, "County": "宣化县", "County_pinyin": "Xuanhua xian", "County code": 130721, "Township": "崞村镇", "Township_pinyin": "guo cun zhen" }, "geometry": { "type": "MultiPolygon", "coordinates": [ [ [ [ 115.046705606578598, 40.440694958705421 ], [ 115.046728276688668, 40.440355635504204 ], [ 115.046805844114488, 40.440129910167286 ], [ 115.046924478182177, 40.440119492420706 ], [ 115.04691078960127, 40.439859038863631 ], [ 115.046924478182177, 40.439813893796213 ], [ 115.047052237670641, 40.439813893796213 ], [ 115.047065926251548, 40.439744439154595 ], [ 115.046970107084803, 40.439727075943836 ], [ 115.047015735088166, 40.439011690437212 ], [ 115.047011171928148, 40.438855416144577 ], [ 115.046865161598021, 40.438841525216276 ], [ 115.04688341243957, 40.438525502549965 ], [ 115.047015735088166, 40.438480356583227 ], [ 115.047079614832455, 40.438355335530389 ], [ 115.047084471171502, 40.438139095343047 ], [ 115.046969848080039, 40.438131164221886 ], [ 115.046897101020477, 40.438126130716398 ], [ 115.046732838949424, 40.438466464755606 ], [ 115.046326746482237, 40.438469937937327 ], [ 115.046293357352624, 40.438740236372837 ], [ 115.046430272838847, 40.438740231876238 ], [ 115.046430271939585, 40.439279752258813 ], [ 115.046379389197568, 40.439329813020493 ], [ 115.046280388229434, 40.440358854177816 ], [ 115.04636687962784, 40.440358850580537 ], [ 115.046331309642255, 40.440640395937578 ], [ 115.04626742989808, 40.440886954969073 ], [ 115.046258304477192, 40.440966826457952 ], [ 115.046376937645618, 40.441123096253932 ], [ 115.046564014617616, 40.441102259861452 ], [ 115.046637019782679, 40.440952935529594 ], [ 115.046687210946061, 40.440695958751576 ], [ 115.046705606578598, 40.440694958705421 ] ] ], [ [ [ 115.0432057662332, 40.438801588122828 ], [ 115.043614140280397, 40.438794642658706 ], [ 115.043639235862088, 40.438718241653589 ], [ 115.043931257421605, 40.438713032780299 ], [ 115.044339631468915, 40.438285879989451 ], [ 115.044674999451672, 40.437978536680191 ], [ 115.04468640645257, 40.437834414926385 ], [ 115.044807322100269, 40.437829205153776 ], [ 115.044805040520259, 40.437752803249339 ], [ 115.044645341609339, 40.437773640541138 ], [ 115.044551803123227, 40.437839623799675 ], [ 115.044540396122443, 40.437943808460034 ], [ 115.044097801072667, 40.437973326907581 ], [ 115.04368714544546, 40.438159122345667 ], [ 115.043634672702069, 40.43829629863535 ], [ 115.043408812466737, 40.438303244099473 ], [ 115.043244550395798, 40.438443891772238 ], [ 115.043212610973228, 40.438520293676675 ], [ 115.042772296604312, 40.438532448014143 ], [ 115.042747201022621, 40.438589749217613 ], [ 115.042833894768478, 40.438657468167662 ], [ 115.043098540065671, 40.438653995885261 ], [ 115.043082569904755, 40.438707823907009 ], [ 115.043192077652293, 40.438713032780299 ], [ 115.0432057662332, 40.438801588122828 ] ] ] ] } },
{ "type": "Feature", "properties": { "PV_Area": 0.0673324882973, "Inst_time": 20170624.0, "Inst_year": 2017, "Major_type": "Cropland", "Lat": 40.440082920400002, "Lon": 115.061843931, "Province": "河北", "Province_pinyin": "Hebei", "Province code": 13, "City": "张家口市", "City_pinyin": "Zhangjiakou", "City code": 1307, "County": "宣化县", "County_pinyin": "Xuanhua xian", "County code": 130721, "Township": "崞村镇", "Township_pinyin": "guo cun zhen" }, "geometry": { "type": "Polygon", "coordinates": [ [ [ 115.06241010863971, 40.441165990318268 ], [ 115.062482611083738, 40.441283706178126 ], [ 115.06211986503979, 40.441301069388885 ], [ 115.06197613539041, 40.441469491723694 ], [ 115.061939632807821, 40.441516372482681 ], [ 115.061631641986764, 40.441530263410982 ], [ 115.061579169243373, 40.441634441776102 ], [ 115.061590576244157, 40.44183759053243 ], [ 115.06179818473845, 40.442014693123667 ], [ 115.061946477547963, 40.442125816952966 ], [ 115.062142679041472, 40.442113662615498 ], [ 115.062138116780716, 40.442184851149989 ], [ 115.06223621752747, 40.442186586841558 ], [ 115.062233935947461, 40.442273401995976 ], [ 115.06271987831974, 40.442202213461428 ], [ 115.062763224743094, 40.442238676473778 ], [ 115.062886421970802, 40.442233467600488 ], [ 115.062913799132616, 40.442172696812577 ], [ 115.062977678876791, 40.442165751348398 ], [ 115.06298680429768, 40.442096299404739 ], [ 115.06349556067164, 40.442096299404739 ], [ 115.063486434351489, 40.442193532305737 ], [ 115.063217227692917, 40.442195268896569 ], [ 115.063009618299361, 40.442339381657177 ], [ 115.062849919388327, 40.442502592420738 ], [ 115.062838512387543, 40.442559890026928 ], [ 115.063071216463527, 40.442540791124657 ], [ 115.063183005791188, 40.442412305883238 ], [ 115.063178443530433, 40.442341117348747 ], [ 115.06380583307282, 40.442302918644828 ], [ 115.063792144491913, 40.442104981459806 ], [ 115.063662104322702, 40.442104981459806 ], [ 115.063659822742693, 40.442037265207659 ], [ 115.063516093093313, 40.442042474080949 ], [ 115.063509249252547, 40.44196260439071 ], [ 115.063360956443034, 40.44196260439071 ], [ 115.06334954944225, 40.44188447039204 ], [ 115.063027870040287, 40.44189488813862 ], [ 115.063009618299361, 40.44184279940572 ], [ 115.062608088992192, 40.441860162616479 ], [ 115.062108458039006, 40.441851480561411 ], [ 115.062124428199809, 40.441568462114901 ], [ 115.062284127110843, 40.441564989832443 ], [ 115.062313785852552, 40.441507691326933 ], [ 115.062838512387543, 40.441479910369594 ], [ 115.062856763229092, 40.441549362313253 ], [ 115.063276544277187, 40.441533735693383 ], [ 115.063274262697178, 40.441476437187873 ], [ 115.063183005791188, 40.441476437187873 ], [ 115.063096312045218, 40.441275024123115 ], [ 115.06278147648402, 40.441278497304836 ], [ 115.062765506323103, 40.441200362406846 ], [ 115.062768798741104, 40.440898418627171 ], [ 115.063406104208411, 40.440898413231253 ], [ 115.063406104208411, 40.440626386298732 ], [ 115.063678050201929, 40.440626443855365 ], [ 115.063678050201929, 40.440086910882258 ], [ 115.063406104208411, 40.439819347285095 ], [ 115.062598953678844, 40.439819349083734 ], [ 115.062598953678844, 40.439621786016687 ], [ 115.061485630757261, 40.43965328027474 ], [ 115.061481067597242, 40.439210506259883 ], [ 115.061884879383683, 40.439200087613983 ], [ 115.061862064482739, 40.439146260491555 ], [ 115.06229781569175, 40.439123687508243 ], [ 115.062279564850087, 40.438892748801379 ], [ 115.06244154534113, 40.438892748801379 ], [ 115.062400479598523, 40.438734737917855 ], [ 115.061802747898582, 40.438731264736134 ], [ 115.061789059317675, 40.43849164307494 ], [ 115.061656737568455, 40.438484697610761 ], [ 115.061674988410005, 40.438347522220454 ], [ 115.061611108665829, 40.438347522220454 ], [ 115.06151985175984, 40.438064488485395 ], [ 115.061686395410902, 40.438036705729417 ], [ 115.061816436479376, 40.437968985880048 ], [ 115.061805029478592, 40.437892583975611 ], [ 115.061702365571819, 40.437786663623683 ], [ 115.061458253595561, 40.437783190441962 ], [ 115.061405780852169, 40.437729361520894 ], [ 115.061357871268797, 40.437670323726536 ], [ 115.061273459102949, 40.43760260297779 ], [ 115.061088663710962, 40.437616494805468 ], [ 115.061111478611906, 40.437654696207289 ], [ 115.061191327617735, 40.437713734001647 ], [ 115.06130083626465, 40.437767562922716 ], [ 115.061319087106199, 40.437904739212399 ], [ 115.061366996689571, 40.438146099263122 ], [ 115.061195890777753, 40.438147835854011 ], [ 115.061118322452671, 40.438283275552749 ], [ 115.060984827088191, 40.438290430558993 ], [ 115.060632380080392, 40.438309321717895 ], [ 115.060616410818739, 40.438642708494228 ], [ 115.060331233099987, 40.438660072604307 ], [ 115.06029016735738, 40.438988249608087 ], [ 115.060212599032297, 40.439005613718166 ], [ 115.060182941189851, 40.4392764886191 ], [ 115.060089402703852, 40.439288642956569 ], [ 115.059877231049427, 40.43929732501158 ], [ 115.059925140632799, 40.43967411666722 ], [ 115.060057463281396, 40.439837334625338 ], [ 115.060328951519978, 40.439825180287869 ], [ 115.060344921680894, 40.44027315957868 ], [ 115.060684852823783, 40.440247114312911 ], [ 115.060691697563811, 40.440337404447689 ], [ 115.060984827088191, 40.440341474779302 ], [ 115.060984827088191, 40.440358906338531 ], [ 115.061252340323335, 40.440358900043236 ], [ 115.061519854457742, 40.440626399788584 ], [ 115.06151985355848, 40.440898430318384 ], [ 115.061791891282837, 40.441165975029776 ], [ 115.06241010863971, 40.441165990318268 ] ] ] } },
{ "type": "Feature", "properties": { "PV_Area": 0.035558982697299998, "Inst_time": 20190308.0, "Inst_year": 2019, "Major_type": "Cropland", "Lat": 40.442177239300001, "Lon": 115.065885342, "Province": "河北", "Province_pinyin": "Hebei", "Province code": 13, "City": "张家口市", "City_pinyin": "Zhangjiakou", "City code": 1307, "County": "宣化县", "County_pinyin": "Xuanhua xian", "County code": 130721, "Township": "崞村镇", "Township_pinyin": "guo cun zhen" }, "geometry": { "type": "MultiPolygon", "coordinates": [ [ [ [ 115.067755791296804, 40.444597843715542 ], [ 115.067930637488985, 40.444582636179746 ], [ 115.067905154299524, 40.44433415349846 ], [ 115.068174749465129, 40.444289211677813 ], [ 115.068151935463561, 40.44421281696799 ], [ 115.068044708396656, 40.444226706996972 ], [ 115.067992235653264, 40.443705831359068 ], [ 115.067159518297217, 40.443723193670507 ], [ 115.067164081457236, 40.443794380406359 ], [ 115.065970899637364, 40.443801324971218 ], [ 115.065934397054889, 40.443968005319221 ], [ 115.065989150479027, 40.444257959337392 ], [ 115.066602576247988, 40.444270575926396 ], [ 115.066642046593188, 40.444310048070292 ], [ 115.066821709554347, 40.444310048070292 ], [ 115.066911541934132, 40.444399878651552 ], [ 115.066911541934132, 40.44466937399244 ], [ 115.066821709554347, 40.44466937309312 ], [ 115.066821709554347, 40.444849036953542 ], [ 115.067360700236236, 40.444849036953542 ], [ 115.067360700236236, 40.4447592045737 ], [ 115.067540364096544, 40.44466937399244 ], [ 115.067720027057703, 40.44466937399244 ], [ 115.067755791296804, 40.444597843715542 ] ] ], [ [ [ 115.065719942921078, 40.443526995774278 ], [ 115.066032497801643, 40.443540885803316 ], [ 115.066041623222418, 40.443445391291846 ], [ 115.066434027108699, 40.443454073346857 ], [ 115.066427183267933, 40.443047785726776 ], [ 115.066356458783616, 40.442962708062566 ], [ 115.066132880128407, 40.442952290315986 ], [ 115.066084970545035, 40.442585934393435 ], [ 115.065968618057354, 40.442268193122686 ], [ 115.065836295408758, 40.442030319743537 ], [ 115.065831733148002, 40.441875789236349 ], [ 115.065758727083676, 40.441870580363059 ], [ 115.065701692079529, 40.441453865103824 ], [ 115.065617279913567, 40.441420875273252 ], [ 115.065468987104168, 40.441426084146542 ], [ 115.06543020294157, 40.441507691326933 ], [ 115.065421077520796, 40.441571934397302 ], [ 115.065555680850025, 40.441577143270592 ], [ 115.065560244010157, 40.44172646670313 ], [ 115.06545986168328, 40.441729938985532 ], [ 115.065450736262505, 40.441830645068251 ], [ 115.065158714702989, 40.441809809575091 ], [ 115.065170121703773, 40.442011220841209 ], [ 115.065259097029752, 40.442162279065997 ], [ 115.06540282577987, 40.442183114559157 ], [ 115.065439329261721, 40.442339381657177 ], [ 115.065594465012623, 40.442351535095327 ], [ 115.065596746592632, 40.442497383547447 ], [ 115.06578154198462, 40.442493911265046 ], [ 115.065788385825385, 40.442740464001247 ], [ 115.065589902751867, 40.442743936283705 ], [ 115.065583058011725, 40.442690111859235 ], [ 115.06540282577987, 40.442686639576834 ], [ 115.065395981939105, 40.442769980650155 ], [ 115.064996733312682, 40.442764771776865 ], [ 115.065040080635299, 40.442893257018227 ], [ 115.06543248452158, 40.442905410456376 ], [ 115.065421077520796, 40.442995696993876 ], [ 115.065541992269232, 40.442995696993876 ], [ 115.06554655542925, 40.443207522409296 ], [ 115.06560815359353, 40.443289127791047 ], [ 115.065628686914465, 40.443311698975776 ], [ 115.06575416482292, 40.443309962384888 ], [ 115.065719942921078, 40.443526995774278 ] ] ], [ [ [ 115.064711556493194, 40.439911998140246 ], [ 115.064873536984237, 40.439917207013536 ], [ 115.064875818564246, 40.439646334810561 ], [ 115.064809657239948, 40.439500480063145 ], [ 115.06458379700473, 40.439082013823906 ], [ 115.064458319096161, 40.438842393062032 ], [ 115.064250709702605, 40.438614926637626 ], [ 115.064234739541689, 40.438375304077056 ], [ 115.063903934718837, 40.438361413148755 ], [ 115.063933592561284, 40.437732834702615 ], [ 115.06404081962819, 40.43755745611179 ], [ 115.064029412627406, 40.437376868647618 ], [ 115.063947281142191, 40.437302202434751 ], [ 115.06383321023452, 40.437298730152349 ], [ 115.063819521653613, 40.437380341829339 ], [ 115.06361191315932, 40.437376868647618 ], [ 115.063509249252547, 40.437724152647604 ], [ 115.063493279091631, 40.438118317406463 ], [ 115.063340424021362, 40.438111371942341 ], [ 115.06332445386056, 40.438175618609989 ], [ 115.063479590510724, 40.438290221016928 ], [ 115.063714576166831, 40.438446496208883 ], [ 115.063940437301426, 40.438446496208883 ], [ 115.063954125882219, 40.438604507991727 ], [ 115.064070477470636, 40.438842393062032 ], [ 115.064065915209881, 40.438986513017198 ], [ 115.063947281142191, 40.438988249608087 ], [ 115.0639495627222, 40.439045549912237 ], [ 115.064061352049862, 40.439163623702314 ], [ 115.064321434186922, 40.439170569166492 ], [ 115.064711556493194, 40.439911998140246 ] ] ] ] } },
{ "type": "Feature", "properties": { "PV_Area": 0.00045614418521400002, "Inst_time": 20190308.0, "Inst_year": 2019, "Major_type": "Cropland", "Lat": 40.4450286999, "Lon": 115.06659713099999, "Province": "河北", "Province_pinyin": "Hebei", "Province code": 13, "City": "张家口市", "City_pinyin": "Zhangjiakou", "City code": 1307, "County": "宣化县", "County_pinyin": "Xuanhua xian", "County code": 130721, "Township": "崞村镇", "Township_pinyin": "guo cun zhen" }, "geometry": { "type": "Polygon", "coordinates": [ [ [ 115.066731878973087, 40.444938868434065 ], [ 115.06646238273288, 40.444938868434065 ], [ 115.066462383632143, 40.445118531395167 ], [ 115.066731878973087, 40.445118531395167 ], [ 115.066731878973087, 40.444938868434065 ] ] ] } },
{ "type": "Feature", "properties": { "PV_Area": 0.078017791544900003, "Inst_time": 20190926.0, "Inst_year": 2019, "Major_type": "Grassland", "Lat": 40.442060826000002, "Lon": 115.05493265600001, "Province": "河北", "Province_pinyin": "Hebei", "Province code": 13, "City": "张家口市", "City_pinyin": "Zhangjiakou", "City code": 1307, "County": "宣化县", "County_pinyin": "Xuanhua xian", "County code": 130721, "Township": "崞村镇", "Township_pinyin": "guo cun zhen" }, "geometry": { "type": "MultiPolygon", "coordinates": [ [ [ [ 115.055750465211872, 40.44170554037845 ], [ 115.055593699889414, 40.44170554217709 ], [ 115.055321747600601, 40.441973042821701 ], [ 115.055054229868915, 40.442245067056263 ], [ 115.055054228969539, 40.442784603626592 ], [ 115.054782185849263, 40.44305219420346 ], [ 115.053707585037046, 40.443052174418369 ], [ 115.053435541017507, 40.443319687653513 ], [ 115.053435541017507, 40.443591718183313 ], [ 115.053168020587691, 40.443859280881156 ], [ 115.052895976568152, 40.443859289874354 ], [ 115.052895975668775, 40.444938342330659 ], [ 115.053168020587691, 40.445210353075367 ], [ 115.053975103668108, 40.445210360269982 ], [ 115.053975103668108, 40.44493833873338 ], [ 115.054247056856298, 40.444938418773063 ], [ 115.05424705775556, 40.443859300666247 ], [ 115.055321746701338, 40.443859289874354 ], [ 115.055593699889414, 40.443591721780592 ], [ 115.055593698990037, 40.443319695747391 ], [ 115.055861307553414, 40.443052178914968 ], [ 115.056133259842113, 40.443052183411567 ], [ 115.05613325894285, 40.442512652237156 ], [ 115.056400868405376, 40.442512636948663 ], [ 115.056400868405376, 40.442245058962328 ], [ 115.056133259842113, 40.44224507425082 ], [ 115.056133259842113, 40.442168568924387 ], [ 115.056264604927605, 40.442097168149814 ], [ 115.056456244160358, 40.442069387192532 ], [ 115.056666134234774, 40.442069387192532 ], [ 115.056921653211816, 40.442048551699372 ], [ 115.05714066960627, 40.442006879813732 ], [ 115.057332308839023, 40.441930482405894 ], [ 115.057414439424861, 40.441742961168757 ], [ 115.057441816586675, 40.441611001846297 ], [ 115.057423565745012, 40.441472096160339 ], [ 115.057377936842386, 40.4413818078242 ], [ 115.057186297609633, 40.441249847602421 ], [ 115.056839522625978, 40.441284574023939 ], [ 115.056611380810637, 40.44134013683788 ], [ 115.05634673641282, 40.441367917795219 ], [ 115.056155097180067, 40.441465151595537 ], [ 115.056036463112378, 40.441520713510158 ], [ 115.055835698458736, 40.441604056382175 ], [ 115.055799195876261, 40.441638782803636 ], [ 115.055750465211872, 40.44170554037845 ] ] ], [ [ [ 115.053700290636016, 40.440576151068569 ], [ 115.054074443680747, 40.440541424647108 ], [ 115.05422045401076, 40.440478916368932 ], [ 115.054348213499338, 40.440388626234153 ], [ 115.054457721246877, 40.440298336099374 ], [ 115.054567229893792, 40.440166374078956 ], [ 115.054676737641444, 40.440069138479998 ], [ 115.054777119968207, 40.43993717466094 ], [ 115.054713240223919, 40.439819102669503 ], [ 115.054658486799781, 40.439805211741202 ], [ 115.054384716081813, 40.439860775454463 ], [ 115.054147448845697, 40.439944120125119 ], [ 115.053919307030469, 40.439964956517599 ], [ 115.053727667797716, 40.439930230096081 ], [ 115.053581656568213, 40.439909393703601 ], [ 115.053399143655611, 40.439944120125119 ], [ 115.053335263911322, 40.43999968383838 ], [ 115.053335263911322, 40.440138592222297 ], [ 115.05334438933221, 40.440249718749556 ], [ 115.053444771658974, 40.440374735305852 ], [ 115.053700290636016, 40.440576151068569 ] ] ], [ [ [ 115.055945206206388, 40.439812157205324 ], [ 115.056182474341767, 40.439812157205324 ], [ 115.05620072518343, 40.439798266277023 ], [ 115.056218976924356, 40.439721866171226 ], [ 115.056310232930969, 40.439617685108146 ], [ 115.056547501066348, 40.439416265748093 ], [ 115.056638757972337, 40.439319029249873 ], [ 115.056739140299101, 40.439048154348882 ], [ 115.056702637716626, 40.438853679553745 ], [ 115.056693511396475, 40.438812006768728 ], [ 115.056611380810637, 40.438784224912126 ], [ 115.056374112675257, 40.43876338762027 ], [ 115.055954332526539, 40.438812006768728 ], [ 115.05579006955611, 40.438777279447947 ], [ 115.055498047996593, 40.438596694681792 ], [ 115.055352037666466, 40.438485565456517 ], [ 115.055251655339703, 40.438395272623779 ], [ 115.055133021272013, 40.438339708011142 ], [ 115.054804497129908, 40.438277197934383 ], [ 115.054503350149503, 40.438291088862741 ], [ 115.05419307684906, 40.43835359983882 ], [ 115.053955809612944, 40.438423055379758 ], [ 115.05385542728618, 40.438610585610093 ], [ 115.053901055289543, 40.438659204758551 ], [ 115.053983186774758, 40.438680041151031 ], [ 115.054174826007511, 40.438714769371188 ], [ 115.054430344984439, 40.438728660299489 ], [ 115.054731491964844, 40.438770333084449 ], [ 115.05494138203926, 40.438985645171442 ], [ 115.054959633780186, 40.438985645171442 ], [ 115.05508739326865, 40.439006481563922 ], [ 115.055333785925541, 40.439103718961519 ], [ 115.055461545414005, 40.4391384462823 ], [ 115.055607556643508, 40.439242629144076 ], [ 115.055689687229346, 40.439367647499012 ], [ 115.055771818714561, 40.439464884896552 ], [ 115.055808321297036, 40.43951350314569 ], [ 115.055945206206388, 40.439812157205324 ] ] ] ] } },
{ "type": "Feature", "properties": { "PV_Area": 0.062265228770799999, "Inst_time": 20170805.0, "Inst_year": 2017, "Major_type": "Cropland", "Lat": 40.444519782599997, "Lon": 115.094974397, "Province": "河北", "Province_pinyin": "Hebei", "Province code": 13, "City": "张家口市", "City_pinyin": "Zhangjiakou", "City code": 1307, "County": "宣化县", "County_pinyin": "Xuanhua xian", "County code": 130721, "Township": "崞村镇", "Township_pinyin": "guo cun zhen" }, "geometry": { "type": "Polygon", "coordinates": [ [ [ 115.094668879465303, 40.44628503572585 ], [ 115.094668880364566, 40.446017455041556 ], [ 115.095208375566131, 40.446017497309697 ], [ 115.095208375566131, 40.445745464081938 ], [ 115.095475951753883, 40.445477893290217 ], [ 115.095747960699896, 40.445477899585455 ], [ 115.096015536887535, 40.445210400739427 ], [ 115.096287546732924, 40.444938372008323 ], [ 115.096287544934285, 40.443319711035883 ], [ 115.096015536887535, 40.443052183411567 ], [ 115.095208375566131, 40.443052143841442 ], [ 115.095208376465507, 40.442784623411683 ], [ 115.094668881263942, 40.442784644995413 ], [ 115.094401304176927, 40.44305215013668 ], [ 115.094401304176927, 40.443859235915056 ], [ 115.094129293432161, 40.444131264646217 ], [ 115.093589704701117, 40.444131305115718 ], [ 115.093589704701117, 40.445210417826559 ], [ 115.093861716345145, 40.445210357572023 ], [ 115.093861717244522, 40.446284998853685 ], [ 115.094668879465303, 40.44628503572585 ] ] ] } },
{ "type": "Feature", "properties": { "PV_Area": 0.0034590138298299998, "Inst_time": 20180322.0, "Inst_year": 2018, "Major_type": "Grassland", "Lat": 40.446552874399998, "Lon": 115.07922010599999, "Province": "河北", "Province_pinyin": "Hebei", "Province code": 13, "City": "张家口市", "City_pinyin": "Zhangjiakou", "City code": 1307, "County": "宣化县", "County_pinyin": "Xuanhua xian", "County code": 130721, "Township": "崞村镇", "Township_pinyin": "guo cun zhen" }, "geometry": { "type": "Polygon", "coordinates": [ [ [ 115.079218461063192, 40.446825331324021 ], [ 115.079218461063192, 40.446735498944179 ], [ 115.079487956404137, 40.446735498944179 ], [ 115.079667619365182, 40.446555835983077 ], [ 115.079667619365182, 40.446376173022031 ], [ 115.079577786985396, 40.446286340642132 ], [ 115.079218461063192, 40.446286340642132 ], [ 115.078859135140988, 40.446466003603234 ], [ 115.078769302761202, 40.446555835983077 ], [ 115.078769303660465, 40.446735498944179 ], [ 115.078859134241725, 40.446825331324021 ], [ 115.079218461063192, 40.446825331324021 ] ] ] } },
{ "type": "Feature", "properties": { "PV_Area": 0.088523036395099994, "Inst_time": 20180904.0, "Inst_year": 2018, "Major_type": "Cropland", "Lat": 40.445990204099999, "Lon": 115.090023102, "Province": "河北", "Province_pinyin": "Hebei", "Province code": 13, "City": "张家口市", "City_pinyin": "Zhangjiakou", "City code": 1307, "County": "宣化县", "County_pinyin": "Xuanhua xian", "County code": 130721, "Township": "崞村镇", "Township_pinyin": "guo cun zhen" }, "geometry": { "type": "Polygon", "coordinates": [ [ [ 115.091703537688204, 40.447096548866682 ], [ 115.091703537688204, 40.446557006900377 ], [ 115.092243129117151, 40.4465570437726 ], [ 115.092243129117151, 40.445745462283298 ], [ 115.091975551130872, 40.445477926565104 ], [ 115.091703538587467, 40.445477908578653 ], [ 115.091703537688204, 40.44467083359217 ], [ 115.091435959701812, 40.444398839035273 ], [ 115.090628878420034, 40.444398816552223 ], [ 115.090628878420034, 40.444670862370458 ], [ 115.089817359883341, 40.444670838088769 ], [ 115.089817359883341, 40.444938357619151 ], [ 115.089277764857002, 40.444938375605602 ], [ 115.089277764857002, 40.445210419625198 ], [ 115.088203187427212, 40.445210401638803 ], [ 115.088203187427212, 40.445477922068505 ], [ 115.087124081011552, 40.445477916672587 ], [ 115.087124081011552, 40.446284999753004 ], [ 115.087663588803593, 40.446285012343481 ], [ 115.087663588803593, 40.446557052765797 ], [ 115.087931171286641, 40.446824600175205 ], [ 115.088470678179306, 40.446824605571123 ], [ 115.088470678179306, 40.446557018591591 ], [ 115.089817359883341, 40.446557029383428 ], [ 115.089817359883341, 40.44628499165907 ], [ 115.090089374225272, 40.446017500906976 ], [ 115.090628878420034, 40.446017496410377 ], [ 115.090628878420034, 40.446285009645521 ], [ 115.090356864078103, 40.446557024886829 ], [ 115.090089374225272, 40.446824564202302 ], [ 115.089549780098309, 40.446824587584729 ], [ 115.089549780098309, 40.447631642786121 ], [ 115.090896457305689, 40.447631702141393 ], [ 115.090896457305689, 40.447364122356419 ], [ 115.091435958802549, 40.447364108866566 ], [ 115.091703537688204, 40.447096548866682 ] ] ] } },
{ "type": "Feature", "properties": { "PV_Area": 0.160837384528, "Inst_time": 20170513.0, "Inst_year": 2017, "Major_type": "Grassland", "Lat": 40.445025619699997, "Lon": 115.04145863799999, "Province": "河北", "Province_pinyin": "Hebei", "Province code": 13, "City": "张家口市", "City_pinyin": "Zhangjiakou", "City code": 1307, "County": "宣化县", "County_pinyin": "Xuanhua xian", "County code": 130721, "Township": "崞村镇", "Township_pinyin": "guo cun zhen" }, "geometry": { "type": "Polygon", "coordinates": [ [ [ 115.044004526987351, 40.447631652678695 ], [ 115.044004526987351, 40.446285024034694 ], [ 115.044272053712348, 40.44628506000754 ], [ 115.044272053712348, 40.445745450592142 ], [ 115.044004526987351, 40.445745488363627 ], [ 115.044004526987351, 40.445210398940787 ], [ 115.043736999363091, 40.445210361169302 ], [ 115.043736999363091, 40.444670814706399 ], [ 115.044272053712348, 40.444670819202997 ], [ 115.044544104926558, 40.444938344129355 ], [ 115.044544105825935, 40.445210378256377 ], [ 115.045083683765029, 40.445210353974687 ], [ 115.045083683765029, 40.444938393592054 ], [ 115.045890696698393, 40.444938420571702 ], [ 115.045890696698393, 40.444131295223144 ], [ 115.045083683765029, 40.444131263746897 ], [ 115.045083683765029, 40.443859298867608 ], [ 115.044544104926558, 40.443859245807573 ], [ 115.044544105825935, 40.44359173077379 ], [ 115.043736999363091, 40.44359170739142 ], [ 115.043464947249618, 40.443859277283877 ], [ 115.04346494814888, 40.444131317706194 ], [ 115.042925455645332, 40.444131306914358 ], [ 115.042925455645332, 40.443859267391304 ], [ 115.041311232827184, 40.443859258398106 ], [ 115.041039268847271, 40.443591691203665 ], [ 115.041039268847271, 40.443319718230441 ], [ 115.040499683713506, 40.443319712834523 ], [ 115.040499682814129, 40.443591759552135 ], [ 115.040232154290493, 40.443859303364206 ], [ 115.037806361674257, 40.443859244908253 ], [ 115.037806361674257, 40.444131293424505 ], [ 115.03618776994972, 40.444131249357724 ], [ 115.035920146097965, 40.44439880396169 ], [ 115.035920146097965, 40.445210421423837 ], [ 115.03618776994972, 40.445477906780013 ], [ 115.036727272345843, 40.445477952645433 ], [ 115.036999329855234, 40.445210398940787 ], [ 115.036999329855234, 40.444938354021872 ], [ 115.03915307125726, 40.444938389994775 ], [ 115.03915307125726, 40.445210359370662 ], [ 115.039425037035926, 40.445477923867145 ], [ 115.042657928021072, 40.445477951746113 ], [ 115.042657928021072, 40.447096564155174 ], [ 115.042118345585209, 40.447096579443667 ], [ 115.042118345585209, 40.447903681409798 ], [ 115.043197418725981, 40.447903664322723 ], [ 115.043197418725981, 40.44763171293323 ], [ 115.044004526987351, 40.447631652678695 ] ] ] } },
{ "type": "Feature", "properties": { "PV_Area": 0.0023389861660500001, "Inst_time": 20170319.0, "Inst_year": 2017, "Major_type": "Grassland", "Lat": 40.448426705400003, "Lon": 115.05823811099999, "Province": "河北", "Province_pinyin": "Hebei", "Province code": 13, "City": "张家口市", "City_pinyin": "Zhangjiakou", "City code": 1307, "County": "宣化县", "County_pinyin": "Xuanhua xian", "County code": 130721, "Township": "崞村镇", "Township_pinyin": "guo cun zhen" }, "geometry": { "type": "Polygon", "coordinates": [ [ [ 115.058255691347085, 40.448686008852292 ], [ 115.058307615504077, 40.448461276366857 ], [ 115.058407997830841, 40.448459539775968 ], [ 115.058506270348175, 40.448301527093861 ], [ 115.058549445900326, 40.448232105727129 ], [ 115.05860419932435, 40.448167868952055 ], [ 115.058599637063708, 40.448041130194042 ], [ 115.058455907414213, 40.448046338168012 ], [ 115.05835324350744, 40.448117520407266 ], [ 115.05833283069569, 40.448172802632769 ], [ 115.058287715305823, 40.448172802632769 ], [ 115.058018220864255, 40.44835246739251 ], [ 115.058006907392951, 40.448363780863872 ], [ 115.057928822856979, 40.448801623895861 ], [ 115.058197883825301, 40.448801623895861 ], [ 115.058255691347085, 40.448686008852292 ] ] ] } },
{ "type": "Feature", "properties": { "PV_Area": 0.00045611839939800001, "Inst_time": 20180322.0, "Inst_year": 2018, "Major_type": "Grassland", "Lat": 40.449116034500001, "Lon": 115.081015092, "Province": "河北", "Province_pinyin": "Hebei", "Province code": 13, "City": "张家口市", "City_pinyin": "Zhangjiakou", "City code": 1307, "County": "宣化县", "County_pinyin": "Xuanhua xian", "County code": 130721, "Township": "崞村镇", "Township_pinyin": "guo cun zhen" }, "geometry": { "type": "Polygon", "coordinates": [ [ [ 115.081104923953149, 40.448981286856963 ], [ 115.080925260092727, 40.448981286856963 ], [ 115.080925259193464, 40.449250782197907 ], [ 115.081104923053772, 40.449250782197907 ], [ 115.081104923953149, 40.448981286856963 ] ] ] } },
{ "type": "Feature", "properties": { "PV_Area": 0.056779017301400003, "Inst_time": 20170331.0, "Inst_year": 2017, "Major_type": "Grassland", "Lat": 40.450461999200002, "Lon": 115.056864633, "Province": "河北", "Province_pinyin": "Hebei", "Province code": 13, "City": "张家口市", "City_pinyin": "Zhangjiakou", "City code": 1307, "County": "宣化县", "County_pinyin": "Xuanhua xian", "County code": 130721, "Township": "崞村镇", "Township_pinyin": "guo cun zhen" }, "geometry": { "type": "MultiPolygon", "coordinates": [ [ [ [ 115.058647041228028, 40.448387745997707 ], [ 115.058595073903575, 40.448641834153364 ], [ 115.058939845197756, 40.44865967490415 ], [ 115.059165428441815, 40.448671348104256 ], [ 115.059190524023506, 40.448744266035078 ], [ 115.059334253672887, 40.448749474009048 ], [ 115.059320565092094, 40.448982115132537 ], [ 115.05935022293454, 40.449041143034378 ], [ 115.05944147984053, 40.449232116768826 ], [ 115.059473332028688, 40.44934061277911 ], [ 115.059489389423788, 40.449395311344574 ], [ 115.059797381144335, 40.449402255909433 ], [ 115.05979053730357, 40.449272046667659 ], [ 115.060109936024787, 40.449270310976146 ], [ 115.060116779865552, 40.449218227639165 ], [ 115.059943392373725, 40.449214755356707 ], [ 115.059944843879521, 40.449071119236805 ], [ 115.059945673054472, 40.448989059697396 ], [ 115.060328951519978, 40.448983850824106 ], [ 115.06031754451908, 40.44906024103733 ], [ 115.060732762407156, 40.449035935060408 ], [ 115.060732762407156, 40.449150518581632 ], [ 115.061136574193597, 40.449150518581632 ], [ 115.061394373851385, 40.448966490311307 ], [ 115.061528978079991, 40.448963018028905 ], [ 115.061531259660001, 40.448869267302882 ], [ 115.061791144845529, 40.44886022641839 ], [ 115.061930507387046, 40.448855378173221 ], [ 115.06196016612887, 40.448647043026654 ], [ 115.061730914550139, 40.448651562119949 ], [ 115.06151985175984, 40.448655723283082 ], [ 115.061525843043228, 40.448516678202168 ], [ 115.061528978079991, 40.448443914954737 ], [ 115.061407979694536, 40.448445960912409 ], [ 115.06137949366871, 40.448428869296947 ], [ 115.061373841429713, 40.44830155137555 ], [ 115.061257488942033, 40.44830155137555 ], [ 115.061252925782014, 40.44825293942165 ], [ 115.060979231506394, 40.448251203730138 ], [ 115.060965467382516, 40.448115784715753 ], [ 115.060810330732238, 40.448105366969173 ], [ 115.060811841593249, 40.44814062129268 ], [ 115.06081717547238, 40.448265092859799 ], [ 115.06058447049702, 40.448287662245889 ], [ 115.060577626656254, 40.448072380735823 ], [ 115.060408801425069, 40.448060227297731 ], [ 115.060397394424285, 40.447942169695409 ], [ 115.060539220208852, 40.447945891090058 ], [ 115.060662038822102, 40.447949114260268 ], [ 115.060751014148082, 40.447617509040867 ], [ 115.060456711008442, 40.447586257599767 ], [ 115.060436178586883, 40.447785916087184 ], [ 115.060236232316356, 40.447789955841813 ], [ 115.060219645220513, 40.447786638242803 ], [ 115.0602011920314, 40.44765223186505 ], [ 115.059847572307717, 40.447659176429909 ], [ 115.059827039886045, 40.447586257599767 ], [ 115.059671903235767, 40.447589729882168 ], [ 115.059610305071601, 40.4476678575856 ], [ 115.059616908793373, 40.447777701679627 ], [ 115.059545356932745, 40.447813476710621 ], [ 115.059545356932745, 40.44783690494927 ], [ 115.059302313351168, 40.447825847784713 ], [ 115.059268092348589, 40.447914391436086 ], [ 115.059078734695959, 40.447903974588826 ], [ 115.058985196209846, 40.448022032191091 ], [ 115.058962382208279, 40.448197382902947 ], [ 115.058686330809564, 40.448195647211378 ], [ 115.058655078469201, 40.448348449221612 ], [ 115.058647041228028, 40.448387745997707 ] ] ], [ [ [ 115.05329990166922, 40.452806684480947 ], [ 115.05389991494917, 40.452806684480947 ], [ 115.054515897490774, 40.452332748057927 ], [ 115.054773698047825, 40.452108799781342 ], [ 115.054791949788751, 40.451890057680089 ], [ 115.055111347610705, 40.45186575350175 ], [ 115.055156976513331, 40.451629649988433 ], [ 115.055305268423467, 40.451612289475634 ], [ 115.055451279652857, 40.451504654116547 ], [ 115.055601853143116, 40.451244244626253 ], [ 115.055622385564675, 40.451067166316705 ], [ 115.055877904541717, 40.451049805803962 ], [ 115.05631821801137, 40.450667869126903 ], [ 115.056372972334884, 40.45060016186801 ], [ 115.056382097755659, 40.45041092922105 ], [ 115.056553204566853, 40.450419609477422 ], [ 115.056500731823348, 40.450272041521544 ], [ 115.056222398844739, 40.450258153291202 ], [ 115.056153955940431, 40.450353637910098 ], [ 115.056151674360308, 40.450397040091389 ], [ 115.056238369005541, 40.450395304399819 ], [ 115.056195021682925, 40.450588009329238 ], [ 115.056080950775367, 40.45058974592007 ], [ 115.056062699034442, 40.450749464616138 ], [ 115.055537973398827, 40.450747728924625 ], [ 115.055259640420104, 40.450749464616138 ], [ 115.055243670259188, 40.450926544724325 ], [ 115.055168383514115, 40.450935224980697 ], [ 115.055095378349051, 40.451101887342304 ], [ 115.055061156447323, 40.451202579035851 ], [ 115.055266484260869, 40.451193898779479 ], [ 115.055257358840095, 40.451341464936718 ], [ 115.054994996022288, 40.45137097798829 ], [ 115.054994996022288, 40.451311951885145 ], [ 115.054817045370442, 40.451315423268227 ], [ 115.054805638369544, 40.4513831296278 ], [ 115.054426922164794, 40.4513831296278 ], [ 115.054367605580637, 40.451028973008761 ], [ 115.054248971512834, 40.451023764135471 ], [ 115.054235282932041, 40.450914392185496 ], [ 115.054089272601914, 40.450933488389808 ], [ 115.054068740180242, 40.451143552932649 ], [ 115.054114368183605, 40.45155673565489 ], [ 115.054369887160647, 40.451554999963321 ], [ 115.05432653983803, 40.451846656398118 ], [ 115.054045925279297, 40.451853600962977 ], [ 115.053945542952533, 40.451692148373979 ], [ 115.053683180134726, 40.451679995835207 ], [ 115.053594204808746, 40.451791102577374 ], [ 115.053587360967981, 40.451914362757691 ], [ 115.053733371298108, 40.451926514397201 ], [ 115.053737934458127, 40.452020261525888 ], [ 115.053897633369161, 40.452021997217457 ], [ 115.053728808138089, 40.452339692622786 ], [ 115.053690023975491, 40.452433438852154 ], [ 115.053662647713054, 40.452534128747118 ], [ 115.053500666322748, 40.452527184182259 ], [ 115.053482415481199, 40.452659122820307 ], [ 115.053165298339877, 40.452643497999077 ], [ 115.053153891339093, 40.452607041281965 ], [ 115.052850462778679, 40.452601833307995 ], [ 115.052825367196988, 40.452671274459817 ], [ 115.053222333344024, 40.45269384294653 ], [ 115.053304464829239, 40.45270078751139 ], [ 115.05329990166922, 40.452806684480947 ] ] ], [ [ [ 115.050847376705178, 40.453633027442322 ], [ 115.051317348916541, 40.453598307316099 ], [ 115.051420012823428, 40.453462898194232 ], [ 115.051417732142681, 40.453393457941786 ], [ 115.051534083730985, 40.453384778584734 ], [ 115.05152723989022, 40.453297977819489 ], [ 115.051666406379582, 40.453299713511001 ], [ 115.051666406379582, 40.453251105154436 ], [ 115.051611652056181, 40.453178192619532 ], [ 115.05118730874733, 40.45317645692802 ], [ 115.051086926420567, 40.453268465667236 ], [ 115.051091488681323, 40.453383041993845 ], [ 115.051125710583165, 40.45346637047669 ], [ 115.051098333421464, 40.453558379215906 ], [ 115.050845096024432, 40.45357400313776 ], [ 115.050847376705178, 40.453633027442322 ] ] ], [ [ [ 115.050256489745266, 40.454464566686454 ], [ 115.050204017001874, 40.454561781601001 ], [ 115.049921120863132, 40.454570461857372 ], [ 115.049781954373771, 40.454632956645696 ], [ 115.049765985112231, 40.454712811946763 ], [ 115.049884618280544, 40.454716284229164 ], [ 115.049875492859769, 40.455004454891707 ], [ 115.049804769274715, 40.455007927174165 ], [ 115.04978423595378, 40.455047854375039 ], [ 115.049802487694706, 40.455334288446693 ], [ 115.049642787884409, 40.455344703495314 ], [ 115.049553812558429, 40.455572114161782 ], [ 115.049439741650872, 40.455579057827322 ], [ 115.049432897809993, 40.455686686891113 ], [ 115.049216162995549, 40.455705782196162 ], [ 115.049202474414756, 40.455809938977552 ], [ 115.048789538106803, 40.455823826308574 ], [ 115.048789538106803, 40.455938399037962 ], [ 115.048654933878197, 40.455936663346392 ], [ 115.048622994455741, 40.455974853956377 ], [ 115.048643526877299, 40.456099841734385 ], [ 115.048814633688494, 40.456099841734385 ], [ 115.048828322269287, 40.455993949261426 ], [ 115.049197911254623, 40.455988741287456 ], [ 115.049220726155681, 40.455881113122928 ], [ 115.049526436296105, 40.455848129587537 ], [ 115.05007853909342, 40.455283945297879 ], [ 115.050306680908648, 40.454893352646138 ], [ 115.050331776490339, 40.454702395998822 ], [ 115.050619234889837, 40.454700660307253 ], [ 115.050626079629978, 40.454610389058246 ], [ 115.050783497860152, 40.454599973110305 ], [ 115.050788060120908, 40.45456351819189 ], [ 115.050637486630762, 40.454560045909432 ], [ 115.050651175211669, 40.454468038968855 ], [ 115.050256489745266, 40.454464566686454 ] ] ] ] } },
{ "type": "Feature", "properties": { "PV_Area": 0.0028127123715699998, "Inst_time": 20190707.0, "Inst_year": 2019, "Major_type": "Grassland", "Lat": 40.449172279599999, "Lon": 115.07552161, "Province": "河北", "Province_pinyin": "Hebei", "Province code": 13, "City": "张家口市", "City_pinyin": "Zhangjiakou", "City code": 1307, "County": "宣化县", "County_pinyin": "Xuanhua xian", "County code": 130721, "Township": "崞村镇", "Township_pinyin": "guo cun zhen" }, "geometry": { "type": "Polygon", "coordinates": [ [ [ 115.0757150315236, 40.449520275740213 ], [ 115.075715032422863, 40.448981286856963 ], [ 115.075804863004123, 40.448981286856963 ], [ 115.075804863004123, 40.44889145627576 ], [ 115.07571503332224, 40.448801623895861 ], [ 115.075445537081919, 40.448801622996541 ], [ 115.075355704702019, 40.448981286856963 ], [ 115.075265873221497, 40.449160949818008 ], [ 115.075265874120873, 40.449430445158953 ], [ 115.075355705601396, 40.449520275740213 ], [ 115.0757150315236, 40.449520275740213 ] ] ] } },
{ "type": "Feature", "properties": { "PV_Area": 0.096674104219300006, "Inst_time": 20170517.0, "Inst_year": 2017, "Major_type": "Grassland", "Lat": 40.449127069, "Lon": 115.049343546, "Province": "河北", "Province_pinyin": "Hebei", "Province code": 13, "City": "张家口市", "City_pinyin": "Zhangjiakou", "City code": 1307, "County": "宣化县", "County_pinyin": "Xuanhua xian", "County code": 130721, "Township": "崞村镇", "Township_pinyin": "guo cun zhen" }, "geometry": { "type": "Polygon", "coordinates": [ [ [ 115.048397834792354, 40.448253871119334 ], [ 115.048415403048466, 40.448271735252433 ], [ 115.048135911742975, 40.448265960705555 ], [ 115.048147318743872, 40.448102763431848 ], [ 115.048083438999583, 40.447993386085955 ], [ 115.047665939531498, 40.448000330650814 ], [ 115.047668221111621, 40.448081929737327 ], [ 115.047207374320919, 40.44810449912336 ], [ 115.047182278739228, 40.448019427754446 ], [ 115.046753372270359, 40.448028108910137 ], [ 115.046719150368517, 40.448097554558558 ], [ 115.046671240785145, 40.448634021742748 ], [ 115.046568576878371, 40.448628812869458 ], [ 115.046520667294999, 40.448755550728151 ], [ 115.046641582043435, 40.448771175549382 ], [ 115.046954136923887, 40.448760758702122 ], [ 115.046799000273722, 40.449012496929242 ], [ 115.046776186272041, 40.449081941678344 ], [ 115.046933603602952, 40.449081941678344 ], [ 115.047056800830774, 40.448894441125617 ], [ 115.047282661065992, 40.448894441125617 ], [ 115.047679628112405, 40.448413532258769 ], [ 115.047677346532396, 40.448335406353976 ], [ 115.047841608603449, 40.448335406353976 ], [ 115.047848452444214, 40.448677424823359 ], [ 115.048138192423721, 40.448673952540958 ], [ 115.048145037163749, 40.448571520659186 ], [ 115.048573943632618, 40.448569784967674 ], [ 115.048582054618237, 40.448441196304202 ], [ 115.048584043019218, 40.448443218879504 ], [ 115.049395571448485, 40.448443251255071 ], [ 115.049395572347862, 40.448982821100344 ], [ 115.049663094576204, 40.449250320845692 ], [ 115.049904962743881, 40.449492145845909 ], [ 115.049906291941852, 40.449543748045585 ], [ 115.049591456380654, 40.449535067789213 ], [ 115.049589174800644, 40.449606248229827 ], [ 115.049475103892973, 40.449599303664968 ], [ 115.049470540732955, 40.44968958120927 ], [ 115.0493450628245, 40.449687845517701 ], [ 115.049340500563744, 40.449785066727486 ], [ 115.048895623933959, 40.449797220165635 ], [ 115.048863683612126, 40.449705206030501 ], [ 115.048619572535358, 40.449698262364961 ], [ 115.048612727795216, 40.449642706745578 ], [ 115.04837774213911, 40.449639234463177 ], [ 115.048384585979875, 40.449720830851732 ], [ 115.048571662052609, 40.449722567442564 ], [ 115.048560255051825, 40.449760761649884 ], [ 115.048640104956917, 40.449764233932285 ], [ 115.048656075117833, 40.450000343740896 ], [ 115.049548109058037, 40.450010759688837 ], [ 115.049566360798963, 40.450059370743418 ], [ 115.049785377193416, 40.450071523282247 ], [ 115.049773970192632, 40.450182633621694 ], [ 115.049030227263188, 40.450167008800463 ], [ 115.048982317679929, 40.450444782400837 ], [ 115.049194489334241, 40.450446518991725 ], [ 115.049203615654392, 40.450378811732833 ], [ 115.049554953798179, 40.450351034372773 ], [ 115.049413505728808, 40.45072949966675 ], [ 115.049155705171756, 40.450732971949151 ], [ 115.04916939375255, 40.45067915381992 ], [ 115.048984599259938, 40.450673945845949 ], [ 115.048961785258257, 40.450594086048284 ], [ 115.048834025769679, 40.450587141483425 ], [ 115.048738205703671, 40.450661793307177 ], [ 115.048735924123662, 40.450755541335241 ], [ 115.048174695905573, 40.450759013617642 ], [ 115.048174695905573, 40.450576724636164 ], [ 115.047896362926849, 40.450573252353763 ], [ 115.047887236606698, 40.450482976608157 ], [ 115.047440078397017, 40.450470824069328 ], [ 115.047433234556138, 40.450444782400837 ], [ 115.047223344481836, 40.450441310118435 ], [ 115.047182278739228, 40.450232979468467 ], [ 115.047095584993258, 40.450232979468467 ], [ 115.047102428834137, 40.450062843025819 ], [ 115.047045393829876, 40.450052426178559 ], [ 115.047015735088166, 40.44988402452816 ], [ 115.046716868788508, 40.449890969093019 ], [ 115.046696336366836, 40.449755553675914 ], [ 115.046582265459278, 40.449753817085025 ], [ 115.046411159547461, 40.449809372704465 ], [ 115.046406596387328, 40.449899649349391 ], [ 115.04608947924612, 40.449913538479052 ], [ 115.046078072245336, 40.449840622346869 ], [ 115.045936624175965, 40.449769441906255 ], [ 115.045334329315892, 40.449738192263794 ], [ 115.045012649913929, 40.449229512332181 ], [ 115.04483013610195, 40.449219095484921 ], [ 115.044748005516112, 40.449009024646841 ], [ 115.044424043634763, 40.448741661598433 ], [ 115.044257499983701, 40.448739925906921 ], [ 115.044246092982917, 40.448818050912394 ], [ 115.043910725000046, 40.448812842938423 ], [ 115.043910725000046, 40.448871870840208 ], [ 115.044024795907717, 40.448953469027401 ], [ 115.044154836076927, 40.449021178084934 ], [ 115.044335068308783, 40.449022913776503 ], [ 115.044351038469699, 40.449094095116436 ], [ 115.044398948053072, 40.449186109251571 ], [ 115.04458374344506, 40.44918784494314 ], [ 115.044595150445844, 40.449257289692241 ], [ 115.044663592450888, 40.449354512700666 ], [ 115.044736598515215, 40.44945694278374 ], [ 115.04478678967871, 40.449571526304965 ], [ 115.044850669422885, 40.44964617902798 ], [ 115.044989835912247, 40.449738192263794 ], [ 115.045156378664046, 40.449748609111055 ], [ 115.045172348824849, 40.450022912227666 ], [ 115.045573879031394, 40.450062843025819 ], [ 115.046365530644835, 40.450038537948217 ], [ 115.046381500805637, 40.450135759158002 ], [ 115.046525230455131, 40.450134022567113 ], [ 115.046520667294999, 40.450220826929694 ], [ 115.046728276688668, 40.450222563520526 ], [ 115.046753372270359, 40.450304159909081 ], [ 115.04702714208895, 40.450285062805449 ], [ 115.047018016668176, 40.450371867167974 ], [ 115.047262128644434, 40.45051075396816 ], [ 115.047440078397017, 40.450503809403358 ], [ 115.047460611717952, 40.450658321024775 ], [ 115.047595215047181, 40.450661793307177 ], [ 115.047604341367332, 40.450830192259616 ], [ 115.047741226276685, 40.450830192259616 ], [ 115.047729819275787, 40.45106456188006 ], [ 115.048446184144154, 40.45108018670129 ], [ 115.048446184144154, 40.451147893060863 ], [ 115.048745050443813, 40.451144420778462 ], [ 115.048749612704569, 40.451227751959266 ], [ 115.049155705171756, 40.451217336011325 ], [ 115.049153423591633, 40.451321499987273 ], [ 115.049445445151264, 40.451316292013303 ], [ 115.049586893220635, 40.451226016267697 ], [ 115.049596019540786, 40.450970813852052 ], [ 115.049742029870799, 40.450963870186513 ], [ 115.04973974829079, 40.450894427236108 ], [ 115.049990704107813, 40.450894427236108 ], [ 115.050202876661501, 40.450757277026753 ], [ 115.051350429578747, 40.449654859284408 ], [ 115.051461078566035, 40.44964617902798 ], [ 115.05145309348552, 40.449495136991004 ], [ 115.051599104715024, 40.449482116606475 ], [ 115.051600245055283, 40.449435241243464 ], [ 115.051465641726054, 40.449437845680109 ], [ 115.051469800191171, 40.449250344228062 ], [ 115.051549322743085, 40.449250344228062 ], [ 115.051549322743085, 40.448982789624097 ], [ 115.051720679565733, 40.448982782429539 ], [ 115.051782758867262, 40.448171341234456 ], [ 115.051782758867262, 40.448077588709793 ], [ 115.051993498801039, 40.448075807152804 ], [ 115.051976987248281, 40.448059293801407 ], [ 115.052150067171965, 40.448060227297731 ], [ 115.05215919259274, 40.447956058825127 ], [ 115.052316610823027, 40.44796300338993 ], [ 115.052307484502876, 40.447601883320317 ], [ 115.052145504011833, 40.447598411037916 ], [ 115.052152348751974, 40.447475143662984 ], [ 115.052234479337812, 40.447473407072152 ], [ 115.052277826660429, 40.447103604048152 ], [ 115.052182006594421, 40.447093187200892 ], [ 115.052179725014412, 40.446935195203139 ], [ 115.052077062006902, 40.446929986329849 ], [ 115.051972116520005, 40.447096659483293 ], [ 115.051960709519221, 40.447218191166655 ], [ 115.052086187427676, 40.447216455475086 ], [ 115.052081624267657, 40.447344931723251 ], [ 115.051917362196605, 40.447353611979679 ], [ 115.051933332357407, 40.447483824818733 ], [ 115.052010900682603, 40.447483824818733 ], [ 115.052006337522471, 40.447822375502255 ], [ 115.051723441383729, 40.447822375502255 ], [ 115.051721160703096, 40.447759873519374 ], [ 115.05141088740254, 40.447763345801832 ], [ 115.051401761981765, 40.447831055758684 ], [ 115.051226092909928, 40.447822375502255 ], [ 115.051216582579286, 40.44790365353083 ], [ 115.051009755595828, 40.447903655329469 ], [ 115.051009755595828, 40.447631714731926 ], [ 115.050202665320853, 40.447631692248876 ], [ 115.050202665320853, 40.447903705691544 ], [ 115.049663094576204, 40.447903694899651 ], [ 115.049663094576204, 40.447631679658343 ], [ 115.049395573247125, 40.447364097175409 ], [ 115.048950672335764, 40.4473641169605 ], [ 115.048951518597733, 40.447543722364969 ], [ 115.048868246772258, 40.447541117928324 ], [ 115.048838588030435, 40.447940433104577 ], [ 115.048688014540289, 40.447939565258764 ], [ 115.048689155779925, 40.448094950121913 ], [ 115.048407399981556, 40.448088874302186 ], [ 115.048397834792354, 40.448253871119334 ] ] ] } },
{ "type": "Feature", "properties": { "PV_Area": 0.000304075356618, "Inst_time": 20190707.0, "Inst_year": 2019, "Major_type": "Grassland", "Lat": 40.449520276699999, "Lon": 115.076343853, "Province": "河北", "Province_pinyin": "Hebei", "Province code": 13, "City": "张家口市", "City_pinyin": "Zhangjiakou", "City code": 1307, "County": "宣化县", "County_pinyin": "Xuanhua xian", "County code": 130721, "Township": "崞村镇", "Township_pinyin": "guo cun zhen" }, "geometry": { "type": "Polygon", "coordinates": [ [ [ 115.076433684267158, 40.449430445158953 ], [ 115.076254021306113, 40.449430445158953 ], [ 115.076254021306113, 40.449610108120055 ], [ 115.076433685166535, 40.449610108120055 ], [ 115.076433684267158, 40.449430445158953 ] ] ] } },
{ "type": "Feature", "properties": { "PV_Area": 0.021741617950499999, "Inst_time": 20170511.0, "Inst_year": 2017, "Major_type": "Grassland", "Lat": 40.448755923100002, "Lon": 115.079520988, "Province": "河北", "Province_pinyin": "Hebei", "Province code": 13, "City": "张家口市", "City_pinyin": "Zhangjiakou", "City code": 1307, "County": "宣化县", "County_pinyin": "Xuanhua xian", "County code": 130721, "Township": "崞村镇", "Township_pinyin": "guo cun zhen" }, "geometry": { "type": "Polygon", "coordinates": [ [ [ 115.080925260092727, 40.450059266422045 ], [ 115.080925260092727, 40.449969434042202 ], [ 115.081015091573249, 40.44987960256168 ], [ 115.081104923053772, 40.44987960256168 ], [ 115.081104922154509, 40.4497897710811 ], [ 115.081015091573249, 40.449699938701258 ], [ 115.080925260092727, 40.449610108120055 ], [ 115.080386271209477, 40.44934061277911 ], [ 115.080026945287386, 40.448981286856963 ], [ 115.079937112907487, 40.44889145627576 ], [ 115.079847282326227, 40.448801623895861 ], [ 115.079847282326227, 40.44835246739251 ], [ 115.079757449047065, 40.448172802632769 ], [ 115.079667620264559, 40.448082972051566 ], [ 115.07957778608602, 40.447993139671723 ], [ 115.079487956404137, 40.44790330909052 ], [ 115.079398124024237, 40.447813476710621 ], [ 115.079308293443091, 40.447723646129418 ], [ 115.079218460163816, 40.447633813749576 ], [ 115.07858964069942, 40.447633813749576 ], [ 115.078409977738374, 40.447543983168316 ], [ 115.078409977738374, 40.447454150788474 ], [ 115.078230313877953, 40.447454150788474 ], [ 115.078230313877953, 40.447723646129418 ], [ 115.078409977738374, 40.44790330909052 ], [ 115.078499809218897, 40.447993139671723 ], [ 115.078769303660465, 40.448082972051566 ], [ 115.078859135140988, 40.448172802632769 ], [ 115.078948966621624, 40.448262635012668 ], [ 115.07903879900141, 40.44835246739251 ], [ 115.079038798102147, 40.448621960934815 ], [ 115.078948966621624, 40.448801623895861 ], [ 115.078769303660465, 40.44889145627576 ], [ 115.07867947128068, 40.448981286856963 ], [ 115.078679472179942, 40.449250782197907 ], [ 115.078769303660465, 40.44934061277911 ], [ 115.079128629582669, 40.44934061277911 ], [ 115.079128629582669, 40.449250782197907 ], [ 115.079667619365182, 40.449250782197907 ], [ 115.079757449047065, 40.44934061277911 ], [ 115.079847282326227, 40.449430445158953 ], [ 115.079937113806864, 40.449610108120055 ], [ 115.080835428612204, 40.450059266422045 ], [ 115.080925260092727, 40.450059266422045 ] ] ] } },
{ "type": "Feature", "properties": { "PV_Area": 0.093716484986000007, "Inst_time": 20180807.0, "Inst_year": 2018, "Major_type": "Cropland", "Lat": 40.450080648700002, "Lon": 115.08896597899999, "Province": "河北", "Province_pinyin": "Hebei", "Province code": 13, "City": "张家口市", "City_pinyin": "Zhangjiakou", "City code": 1307, "County": "宣化县", "County_pinyin": "Xuanhua xian", "County code": 130721, "Township": "崞村镇", "Township_pinyin": "guo cun zhen" }, "geometry": { "type": "Polygon", "coordinates": [ [ [ 115.087124081011552, 40.452215630247167 ], [ 115.087124081011552, 40.45194361500586 ], [ 115.087931171286641, 40.45194363569027 ], [ 115.087931171286641, 40.451676071193788 ], [ 115.088742693420613, 40.451676083784264 ], [ 115.089010275004284, 40.451408540871512 ], [ 115.089010275004284, 40.450868956637066 ], [ 115.089817358983964, 40.45086896742896 ], [ 115.089817359883341, 40.450596948590373 ], [ 115.090896457305689, 40.450596966576825 ], [ 115.090896457305689, 40.448982792322056 ], [ 115.091164037090721, 40.448982738362758 ], [ 115.091164036191344, 40.448443211684946 ], [ 115.090896457305689, 40.448171236913083 ], [ 115.089010275004284, 40.448171184752425 ], [ 115.089010275004284, 40.448443215282225 ], [ 115.08874269431999, 40.448710767188231 ], [ 115.088470678179306, 40.448710742906485 ], [ 115.088470678179306, 40.449250347825341 ], [ 115.088203187427212, 40.449250300161282 ], [ 115.088203186527949, 40.449789899684163 ], [ 115.087931171286641, 40.449789877201113 ], [ 115.087663588803593, 40.450057421912561 ], [ 115.087391573562286, 40.450329420966057 ], [ 115.087124081910929, 40.450596944093775 ], [ 115.087124080112289, 40.451136534623402 ], [ 115.086584480589408, 40.451136554408492 ], [ 115.086316989837314, 40.45140852288506 ], [ 115.086316989837314, 40.451943586227571 ], [ 115.086584479690032, 40.452215651830898 ], [ 115.087124081011552, 40.452215630247167 ] ] ] } },
{ "type": "Feature", "properties": { "PV_Area": 0.38364471472400002, "Inst_time": 20181031.0, "Inst_year": 2018, "Major_type": "Grassland", "Lat": 40.454524211500001, "Lon": 114.986759824, "Province": "河北", "Province_pinyin": "Hebei", "Province code": 13, "City": "张家口市", "City_pinyin": "Zhangjiakou", "City code": 1307, "County": "宣化县", "County_pinyin": "Xuanhua xian", "County code": 130721, "Township": "崞村镇", "Township_pinyin": "guo cun zhen" }, "geometry": { "type": "Polygon", "coordinates": [ [ [ 114.986330567102073, 40.458146192392917 ], [ 114.986330567102073, 40.457874208627857 ], [ 114.987142066752995, 40.457334699037176 ], [ 114.987409640242731, 40.457067133641374 ], [ 114.987681648289481, 40.456795118400066 ], [ 114.987681648289481, 40.455448451085203 ], [ 114.989028287725318, 40.45544846187704 ], [ 114.989028287725318, 40.455987990353549 ], [ 114.989295859416416, 40.456255563843229 ], [ 114.990914497905806, 40.456255580031041 ], [ 114.991182067798263, 40.455988007440624 ], [ 114.991182067798263, 40.454908884837209 ], [ 114.991454073146997, 40.454908919011473 ], [ 114.991454073146997, 40.454369388736382 ], [ 114.991721552207878, 40.45436936985061 ], [ 114.991721551308615, 40.453834287622328 ], [ 114.991454074046374, 40.453562237307437 ], [ 114.991182067798263, 40.453294727669572 ], [ 114.990107350973517, 40.453294723172974 ], [ 114.990107352772156, 40.453562268783742 ], [ 114.989567865664526, 40.453562240904773 ], [ 114.989295860315792, 40.453294724072293 ], [ 114.989295859416416, 40.452755173112791 ], [ 114.989028287725318, 40.452755203689776 ], [ 114.989028287725318, 40.451408528281036 ], [ 114.988756280577945, 40.451136542717336 ], [ 114.987949219980578, 40.451136524730885 ], [ 114.987681648289481, 40.45086898901269 ], [ 114.987681649188858, 40.450596972872063 ], [ 114.986870058706359, 40.450596962979489 ], [ 114.986870058706359, 40.450868979120116 ], [ 114.986330567102073, 40.450868997106568 ], [ 114.986330566202696, 40.45059698096594 ], [ 114.985795421021976, 40.450596944093775 ], [ 114.985795420122599, 40.450329452442304 ], [ 114.985255925820411, 40.45032938859049 ], [ 114.984983915075645, 40.450596969274784 ], [ 114.984983915975022, 40.452215630247167 ], [ 114.98417675555288, 40.452215603267518 ], [ 114.983909271096081, 40.452483156972164 ], [ 114.983637260351315, 40.452755181206726 ], [ 114.983637260351315, 40.454908893830464 ], [ 114.983909271995344, 40.455180952239232 ], [ 114.984444330841256, 40.4551809351521 ], [ 114.984444330841256, 40.455448479863492 ], [ 114.985523411176587, 40.455448489756066 ], [ 114.985795420122599, 40.455720463628552 ], [ 114.985795420122599, 40.456795148077674 ], [ 114.984983915975022, 40.456795124695304 ], [ 114.984983915975022, 40.457067115654922 ], [ 114.98417675555288, 40.457067110259004 ], [ 114.98417675555288, 40.455988041614887 ], [ 114.983909271096081, 40.455720496903439 ], [ 114.982290598432428, 40.455720496903439 ], [ 114.982290597533165, 40.456527585379831 ], [ 114.982558083788604, 40.456795131889862 ], [ 114.983097672519648, 40.456795100413615 ], [ 114.983369684163677, 40.45706714803049 ], [ 114.9833696832643, 40.457606677406318 ], [ 114.983637260351315, 40.457874193339421 ], [ 114.983909271096081, 40.457874246399399 ], [ 114.983909271995344, 40.459220884036597 ], [ 114.985255925820411, 40.45922085166103 ], [ 114.98552341027721, 40.458953316842155 ], [ 114.985795420122599, 40.458681308795406 ], [ 114.986062992712959, 40.458413752392801 ], [ 114.986330567102073, 40.458146192392917 ] ] ] } },
{ "type": "Feature", "properties": { "PV_Area": 0.040327704983399999, "Inst_time": 20210622.0, "Inst_year": 2021, "Major_type": "Grassland", "Lat": 40.599141407799998, "Lon": 115.24623231699999, "Province": "河北", "Province_pinyin": "Hebei", "Province code": 13, "City": "张家口市", "City_pinyin": "Zhangjiakou", "City code": 1307, "County": "宣化县", "County_pinyin": "Xuanhua xian", "County code": 130721, "Township": "贾家营镇", "Township_pinyin": "jia jia ying zhen" }, "geometry": { "type": "Polygon", "coordinates": [ [ [ 115.246666252745399, 40.600975663596046 ], [ 115.246666252745399, 40.600708112589359 ], [ 115.246933792060872, 40.600708171944632 ], [ 115.246933792060872, 40.599089466006092 ], [ 115.246666252745399, 40.599089476797985 ], [ 115.246666252745399, 40.598821918596741 ], [ 115.246933792060872, 40.598821978851277 ], [ 115.246933792060872, 40.597742860744461 ], [ 115.246394191638728, 40.597742842758066 ], [ 115.246394192537991, 40.597470841905874 ], [ 115.245315078927774, 40.597470846402473 ], [ 115.245315078028511, 40.598282415301298 ], [ 115.245587140933822, 40.598282373033157 ], [ 115.245587140933822, 40.59908949388506 ], [ 115.245854681148671, 40.599089484891863 ], [ 115.245854680249408, 40.600436138716873 ], [ 115.245587140933822, 40.600436150408086 ], [ 115.245587140933822, 40.600975690575694 ], [ 115.246666252745399, 40.600975663596046 ] ] ] } },
{ "type": "Feature", "properties": { "PV_Area": 0.040327704983399999, "Inst_time": 20210622.0, "Inst_year": 2021, "Major_type": "Grassland", "Lat": 40.599141407799998, "Lon": 115.24623231699999, "Province": "河北", "Province_pinyin": "Hebei", "Province code": 13, "City": "张家口市", "City_pinyin": "Zhangjiakou", "City code": 1307, "County": "宣化县", "County_pinyin": "Xuanhua xian", "County code": 130721, "Township": "贾家营镇", "Township_pinyin": "jia jia ying zhen" }, "geometry": { "type": "Polygon", "coordinates": [ [ [ 115.246666252745399, 40.600975663596046 ], [ 115.246666252745399, 40.600708112589359 ], [ 115.246933792060872, 40.600708171944632 ], [ 115.246933792060872, 40.599089466006092 ], [ 115.246666252745399, 40.599089476797985 ], [ 115.246666252745399, 40.598821918596741 ], [ 115.246933792060872, 40.598821978851277 ], [ 115.246933792060872, 40.597742860744461 ], [ 115.246394191638728, 40.597742842758066 ], [ 115.246394192537991, 40.597470841905874 ], [ 115.245315078927774, 40.597470846402473 ], [ 115.245315078028511, 40.598282415301298 ], [ 115.245587140933822, 40.598282373033157 ], [ 115.245587140933822, 40.59908949388506 ], [ 115.245854681148671, 40.599089484891863 ], [ 115.245854680249408, 40.600436138716873 ], [ 115.245587140933822, 40.600436150408086 ], [ 115.245587140933822, 40.600975690575694 ], [ 115.246666252745399, 40.600975663596046 ] ] ] } },
{ "type": "Feature", "properties": { "PV_Area": 0.15016958112500001, "Inst_time": 20180312.0, "Inst_year": 2018, "Major_type": "Grassland", "Lat": 40.6239997144, "Lon": 115.152519885, "Province": "河北", "Province_pinyin": "Hebei", "Province code": 13, "City": "张家口市", "City_pinyin": "Zhangjiakou", "City code": 1307, "County": "宣化县", "County_pinyin": "Xuanhua xian", "County code": 130721, "Township": "贾家营镇", "Township_pinyin": "jia jia ying zhen" }, "geometry": { "type": "Polygon", "coordinates": [ [ [ 115.155036272006441, 40.62576973498534 ], [ 115.155036271107065, 40.625679904404137 ], [ 115.155754923850736, 40.625679904404137 ], [ 115.156024419191681, 40.625590072024238 ], [ 115.156114249772827, 40.625500241443035 ], [ 115.156204080354087, 40.625410409063193 ], [ 115.156204081253463, 40.625320576683293 ], [ 115.156024417393041, 40.625051083141045 ], [ 115.155844755331259, 40.624871420179943 ], [ 115.155665091470837, 40.624781587800101 ], [ 115.155575259990314, 40.624601924838998 ], [ 115.155485429409055, 40.624422261877953 ], [ 115.155485428509792, 40.624242598916851 ], [ 115.155395597029269, 40.624152768335648 ], [ 115.155215934967487, 40.624062935955806 ], [ 115.155036271107065, 40.623973105374546 ], [ 115.154407450743292, 40.623703610033601 ], [ 115.154048123022562, 40.623434114692714 ], [ 115.15386846096078, 40.623254451731611 ], [ 115.153149809116485, 40.622356136926214 ], [ 115.153059978535225, 40.622176473965169 ], [ 115.15288031377554, 40.62208664158527 ], [ 115.151263347125791, 40.62208664158527 ], [ 115.150904021203701, 40.62208664158527 ], [ 115.150005707297623, 40.62208664158527 ], [ 115.149556547196994, 40.622356136926214 ], [ 115.149376885135212, 40.622445969306114 ], [ 115.149287053654689, 40.622535799887316 ], [ 115.149287053654689, 40.622895125809464 ], [ 115.149466716615734, 40.622895125809464 ], [ 115.14964637957678, 40.622805295228261 ], [ 115.149826043437201, 40.622715462848362 ], [ 115.150005706398247, 40.622535799887316 ], [ 115.150095536979507, 40.622445969306114 ], [ 115.150275199940552, 40.622445969306114 ], [ 115.150365032320451, 40.622445969306114 ], [ 115.150544695281496, 40.622535799887316 ], [ 115.150544695281496, 40.622715461949042 ], [ 115.150454862901711, 40.622805295228261 ], [ 115.150275199041289, 40.622805295228261 ], [ 115.150185370258669, 40.622895125809464 ], [ 115.150095536979507, 40.622984958189306 ], [ 115.150005706398247, 40.623074788770566 ], [ 115.149915873119085, 40.623613777653759 ], [ 115.149826044336578, 40.623883272994703 ], [ 115.149826042537939, 40.624601924838998 ], [ 115.149736211057302, 40.624601924838998 ], [ 115.149736211057302, 40.624871420179943 ], [ 115.149915873119085, 40.625051083141045 ], [ 115.150544695281496, 40.625051083141045 ], [ 115.150724358242655, 40.625140913722248 ], [ 115.150724359141918, 40.625230746102091 ], [ 115.15189216838894, 40.625230746102091 ], [ 115.152520986954073, 40.625230746102091 ], [ 115.15288031377554, 40.625320576683293 ], [ 115.153239640597008, 40.625500241443035 ], [ 115.15332947207753, 40.625679904404137 ], [ 115.153509135937952, 40.62576973498534 ], [ 115.154048123921825, 40.62576973498534 ], [ 115.154497281324552, 40.62576973498534 ], [ 115.155036272006441, 40.62576973498534 ] ] ] } },
{ "type": "Feature", "properties": { "PV_Area": 0.15016958112500001, "Inst_time": 20180312.0, "Inst_year": 2018, "Major_type": "Grassland", "Lat": 40.6239997144, "Lon": 115.152519885, "Province": "河北", "Province_pinyin": "Hebei", "Province code": 13, "City": "张家口市", "City_pinyin": "Zhangjiakou", "City code": 1307, "County": "宣化县", "County_pinyin": "Xuanhua xian", "County code": 130721, "Township": "贾家营镇", "Township_pinyin": "jia jia ying zhen" }, "geometry": { "type": "Polygon", "coordinates": [ [ [ 115.155036272006441, 40.62576973498534 ], [ 115.155036271107065, 40.625679904404137 ], [ 115.155754923850736, 40.625679904404137 ], [ 115.156024419191681, 40.625590072024238 ], [ 115.156114249772827, 40.625500241443035 ], [ 115.156204080354087, 40.625410409063193 ], [ 115.156204081253463, 40.625320576683293 ], [ 115.156024417393041, 40.625051083141045 ], [ 115.155844755331259, 40.624871420179943 ], [ 115.155665091470837, 40.624781587800101 ], [ 115.155575259990314, 40.624601924838998 ], [ 115.155485429409055, 40.624422261877953 ], [ 115.155485428509792, 40.624242598916851 ], [ 115.155395597029269, 40.624152768335648 ], [ 115.155215934967487, 40.624062935955806 ], [ 115.155036271107065, 40.623973105374546 ], [ 115.154407450743292, 40.623703610033601 ], [ 115.154048123022562, 40.623434114692714 ], [ 115.15386846096078, 40.623254451731611 ], [ 115.153149809116485, 40.622356136926214 ], [ 115.153059978535225, 40.622176473965169 ], [ 115.15288031377554, 40.62208664158527 ], [ 115.151263347125791, 40.62208664158527 ], [ 115.150904021203701, 40.62208664158527 ], [ 115.150005707297623, 40.62208664158527 ], [ 115.149556547196994, 40.622356136926214 ], [ 115.149376885135212, 40.622445969306114 ], [ 115.149287053654689, 40.622535799887316 ], [ 115.149287053654689, 40.622895125809464 ], [ 115.149466716615734, 40.622895125809464 ], [ 115.14964637957678, 40.622805295228261 ], [ 115.149826043437201, 40.622715462848362 ], [ 115.150005706398247, 40.622535799887316 ], [ 115.150095536979507, 40.622445969306114 ], [ 115.150275199940552, 40.622445969306114 ], [ 115.150365032320451, 40.622445969306114 ], [ 115.150544695281496, 40.622535799887316 ], [ 115.150544695281496, 40.622715461949042 ], [ 115.150454862901711, 40.622805295228261 ], [ 115.150275199041289, 40.622805295228261 ], [ 115.150185370258669, 40.622895125809464 ], [ 115.150095536979507, 40.622984958189306 ], [ 115.150005706398247, 40.623074788770566 ], [ 115.149915873119085, 40.623613777653759 ], [ 115.149826044336578, 40.623883272994703 ], [ 115.149826042537939, 40.624601924838998 ], [ 115.149736211057302, 40.624601924838998 ], [ 115.149736211057302, 40.624871420179943 ], [ 115.149915873119085, 40.625051083141045 ], [ 115.150544695281496, 40.625051083141045 ], [ 115.150724358242655, 40.625140913722248 ], [ 115.150724359141918, 40.625230746102091 ], [ 115.15189216838894, 40.625230746102091 ], [ 115.152520986954073, 40.625230746102091 ], [ 115.15288031377554, 40.625320576683293 ], [ 115.153239640597008, 40.625500241443035 ], [ 115.15332947207753, 40.625679904404137 ], [ 115.153509135937952, 40.62576973498534 ], [ 115.154048123921825, 40.62576973498534 ], [ 115.154497281324552, 40.62576973498534 ], [ 115.155036272006441, 40.62576973498534 ] ] ] } },
{ "type": "Feature", "properties": { "PV_Area": 0.00227462734439, "Inst_time": 20170927.0, "Inst_year": 2017, "Major_type": "Grassland", "Lat": 40.626846715100001, "Lon": 115.14667694800001, "Province": "河北", "Province_pinyin": "Hebei", "Province code": 13, "City": "张家口市", "City_pinyin": "Zhangjiakou", "City code": 1307, "County": "宣化县", "County_pinyin": "Xuanhua xian", "County code": 130721, "Township": "贾家营镇", "Township_pinyin": "jia jia ying zhen" }, "geometry": { "type": "Polygon", "coordinates": [ [ [ 115.146771771300223, 40.62720703957325 ], [ 115.146861601881483, 40.627117208092727 ], [ 115.146861600982106, 40.626668049790737 ], [ 115.14677177040096, 40.626488386829635 ], [ 115.146502275060016, 40.626488386829635 ], [ 115.146502275959278, 40.626668049790737 ], [ 115.146502275060016, 40.62675788217058 ], [ 115.146502275959278, 40.627117208092727 ], [ 115.146592108339178, 40.62720703957325 ], [ 115.146771771300223, 40.62720703957325 ] ] ] } },
{ "type": "Feature", "properties": { "PV_Area": 0.00227462734439, "Inst_time": 20170927.0, "Inst_year": 2017, "Major_type": "Grassland", "Lat": 40.626846715100001, "Lon": 115.14667694800001, "Province": "河北", "Province_pinyin": "Hebei", "Province code": 13, "City": "张家口市", "City_pinyin": "Zhangjiakou", "City code": 1307, "County": "宣化县", "County_pinyin": "Xuanhua xian", "County code": 130721, "Township": "贾家营镇", "Township_pinyin": "jia jia ying zhen" }, "geometry": { "type": "Polygon", "coordinates": [ [ [ 115.146771771300223, 40.62720703957325 ], [ 115.146861601881483, 40.627117208092727 ], [ 115.146861600982106, 40.626668049790737 ], [ 115.14677177040096, 40.626488386829635 ], [ 115.146502275060016, 40.626488386829635 ], [ 115.146502275959278, 40.626668049790737 ], [ 115.146502275060016, 40.62675788217058 ], [ 115.146502275959278, 40.627117208092727 ], [ 115.146592108339178, 40.62720703957325 ], [ 115.146771771300223, 40.62720703957325 ] ] ] } },
{ "type": "Feature", "properties": { "PV_Area": 0.0044734046254000003, "Inst_time": 20170915.0, "Inst_year": 2017, "Major_type": "Grassland", "Lat": 40.627387718000001, "Lon": 115.14772870500001, "Province": "河北", "Province_pinyin": "Hebei", "Province code": 13, "City": "张家口市", "City_pinyin": "Zhangjiakou", "City code": 1307, "County": "宣化县", "County_pinyin": "Xuanhua xian", "County code": 130721, "Township": "贾家营镇", "Township_pinyin": "jia jia ying zhen" }, "geometry": { "type": "Polygon", "coordinates": [ [ [ 115.148029411128505, 40.627746029355819 ], [ 115.148119244407667, 40.627656196975977 ], [ 115.148119244407667, 40.627296871053829 ], [ 115.147849749066722, 40.627027376612205 ], [ 115.147490423144518, 40.627027376612205 ], [ 115.147400590764732, 40.627117208092727 ], [ 115.147310760183473, 40.62720703957325 ], [ 115.147310760183473, 40.627476534014875 ], [ 115.147400590764732, 40.627566366394774 ], [ 115.147490422245255, 40.627566366394774 ], [ 115.147580253725778, 40.627656196975977 ], [ 115.147580253725778, 40.627746029355819 ], [ 115.148029411128505, 40.627746029355819 ] ] ] } },
{ "type": "Feature", "properties": { "PV_Area": 0.0044734046254000003, "Inst_time": 20170915.0, "Inst_year": 2017, "Major_type": "Grassland", "Lat": 40.627387718000001, "Lon": 115.14772870500001, "Province": "河北", "Province_pinyin": "Hebei", "Province code": 13, "City": "张家口市", "City_pinyin": "Zhangjiakou", "City code": 1307, "County": "宣化县", "County_pinyin": "Xuanhua xian", "County code": 130721, "Township": "贾家营镇", "Township_pinyin": "jia jia ying zhen" }, "geometry": { "type": "Polygon", "coordinates": [ [ [ 115.148029411128505, 40.627746029355819 ], [ 115.148119244407667, 40.627656196975977 ], [ 115.148119244407667, 40.627296871053829 ], [ 115.147849749066722, 40.627027376612205 ], [ 115.147490423144518, 40.627027376612205 ], [ 115.147400590764732, 40.627117208092727 ], [ 115.147310760183473, 40.62720703957325 ], [ 115.147310760183473, 40.627476534014875 ], [ 115.147400590764732, 40.627566366394774 ], [ 115.147490422245255, 40.627566366394774 ], [ 115.147580253725778, 40.627656196975977 ], [ 115.147580253725778, 40.627746029355819 ], [ 115.148029411128505, 40.627746029355819 ] ] ] } },
{ "type": "Feature", "properties": { "PV_Area": 0.00098565693578199997, "Inst_time": 20170919.0, "Inst_year": 2017, "Major_type": "Grassland", "Lat": 40.6277644559, "Lon": 115.14525154499999, "Province": "河北", "Province_pinyin": "Hebei", "Province code": 13, "City": "张家口市", "City_pinyin": "Zhangjiakou", "City code": 1307, "County": "宣化县", "County_pinyin": "Xuanhua xian", "County code": 130721, "Township": "贾家营镇", "Township_pinyin": "jia jia ying zhen" }, "geometry": { "type": "Polygon", "coordinates": [ [ [ 115.145334465812994, 40.627925692316921 ], [ 115.145424298192893, 40.627835859937022 ], [ 115.145424298192893, 40.627656196975977 ], [ 115.145334465812994, 40.627566366394774 ], [ 115.145244635231847, 40.627566366394774 ], [ 115.145154802851948, 40.627656196975977 ], [ 115.145064972270688, 40.627746029355819 ], [ 115.145064972270688, 40.627925691417602 ], [ 115.145334465812994, 40.627925692316921 ] ] ] } },
{ "type": "Feature", "properties": { "PV_Area": 0.00098565693578199997, "Inst_time": 20170919.0, "Inst_year": 2017, "Major_type": "Grassland", "Lat": 40.6277644559, "Lon": 115.14525154499999, "Province": "河北", "Province_pinyin": "Hebei", "Province code": 13, "City": "张家口市", "City_pinyin": "Zhangjiakou", "City code": 1307, "County": "宣化县", "County_pinyin": "Xuanhua xian", "County code": 130721, "Township": "贾家营镇", "Township_pinyin": "jia jia ying zhen" }, "geometry": { "type": "Polygon", "coordinates": [ [ [ 115.145334465812994, 40.627925692316921 ], [ 115.145424298192893, 40.627835859937022 ], [ 115.145424298192893, 40.627656196975977 ], [ 115.145334465812994, 40.627566366394774 ], [ 115.145244635231847, 40.627566366394774 ], [ 115.145154802851948, 40.627656196975977 ], [ 115.145064972270688, 40.627746029355819 ], [ 115.145064972270688, 40.627925691417602 ], [ 115.145334465812994, 40.627925692316921 ] ] ] } },
{ "type": "Feature", "properties": { "PV_Area": 0.0076956061380400002, "Inst_time": 20170804.0, "Inst_year": 2017, "Major_type": "Grassland", "Lat": 40.628752319, "Lon": 115.147553851, "Province": "河北", "Province_pinyin": "Hebei", "Province code": 13, "City": "张家口市", "City_pinyin": "Zhangjiakou", "City code": 1307, "County": "宣化县", "County_pinyin": "Xuanhua xian", "County code": 130721, "Township": "贾家营镇", "Township_pinyin": "jia jia ying zhen" }, "geometry": { "type": "Polygon", "coordinates": [ [ [ 115.14820907408955, 40.629273165424308 ], [ 115.148298906469449, 40.629183333044409 ], [ 115.148298907368712, 40.629003670083364 ], [ 115.14811924350829, 40.628913838602841 ], [ 115.148029412027768, 40.628824007122262 ], [ 115.147939581446622, 40.628734175641739 ], [ 115.147849749066722, 40.628464681200114 ], [ 115.1477599175862, 40.628374848820272 ], [ 115.147670086105677, 40.628285018239069 ], [ 115.147131097222427, 40.628285018239069 ], [ 115.147041264842528, 40.628374848820272 ], [ 115.146951434261382, 40.628464681200114 ], [ 115.146951434261382, 40.628644344161216 ], [ 115.147041264842528, 40.628913838602841 ], [ 115.147220927803687, 40.629093501563887 ], [ 115.147849749066722, 40.629093501563887 ], [ 115.148029412027768, 40.629183333044409 ], [ 115.148029412027768, 40.629273165424308 ], [ 115.14820907408955, 40.629273165424308 ] ] ] } },
{ "type": "Feature", "properties": { "PV_Area": 0.0076956061380400002, "Inst_time": 20170804.0, "Inst_year": 2017, "Major_type": "Grassland", "Lat": 40.628752319, "Lon": 115.147553851, "Province": "河北", "Province_pinyin": "Hebei", "Province code": 13, "City": "张家口市", "City_pinyin": "Zhangjiakou", "City code": 1307, "County": "宣化县", "County_pinyin": "Xuanhua xian", "County code": 130721, "Township": "贾家营镇", "Township_pinyin": "jia jia ying zhen" }, "geometry": { "type": "Polygon", "coordinates": [ [ [ 115.14820907408955, 40.629273165424308 ], [ 115.148298906469449, 40.629183333044409 ], [ 115.148298907368712, 40.629003670083364 ], [ 115.14811924350829, 40.628913838602841 ], [ 115.148029412027768, 40.628824007122262 ], [ 115.147939581446622, 40.628734175641739 ], [ 115.147849749066722, 40.628464681200114 ], [ 115.1477599175862, 40.628374848820272 ], [ 115.147670086105677, 40.628285018239069 ], [ 115.147131097222427, 40.628285018239069 ], [ 115.147041264842528, 40.628374848820272 ], [ 115.146951434261382, 40.628464681200114 ], [ 115.146951434261382, 40.628644344161216 ], [ 115.147041264842528, 40.628913838602841 ], [ 115.147220927803687, 40.629093501563887 ], [ 115.147849749066722, 40.629093501563887 ], [ 115.148029412027768, 40.629183333044409 ], [ 115.148029412027768, 40.629273165424308 ], [ 115.14820907408955, 40.629273165424308 ] ] ] } },
{ "type": "Feature", "properties": { "PV_Area": 0.0088328661963000005, "Inst_time": 20170927.0, "Inst_year": 2017, "Major_type": "Grassland", "Lat": 40.628924248399997, "Lon": 115.144436023, "Province": "河北", "Province_pinyin": "Hebei", "Province code": 13, "City": "张家口市", "City_pinyin": "Zhangjiakou", "City code": 1307, "County": "宣化县", "County_pinyin": "Xuanhua xian", "County code": 130721, "Township": "贾家营镇", "Township_pinyin": "jia jia ying zhen" }, "geometry": { "type": "Polygon", "coordinates": [ [ [ 115.144525980689536, 40.629452828385354 ], [ 115.144615813069436, 40.629273165424308 ], [ 115.144885309309643, 40.629003670083364 ], [ 115.145064972270688, 40.628734175641739 ], [ 115.145154802851948, 40.628554512680694 ], [ 115.145154802851948, 40.628464681200114 ], [ 115.145064972270688, 40.628374848820272 ], [ 115.144975139890903, 40.628285018239069 ], [ 115.144885309309643, 40.628285018239069 ], [ 115.144705646348598, 40.628374848820272 ], [ 115.144615813968699, 40.628554512680694 ], [ 115.144525981588799, 40.628644344161216 ], [ 115.144076825085449, 40.628644344161216 ], [ 115.143807329744504, 40.628913838602841 ], [ 115.143717499163358, 40.629003670083364 ], [ 115.143717499163358, 40.629183333044409 ], [ 115.143807329744504, 40.629273165424308 ], [ 115.143897162124404, 40.629362996005511 ], [ 115.144166655666709, 40.629452828385354 ], [ 115.144525980689536, 40.629452828385354 ] ] ] } },
{ "type": "Feature", "properties": { "PV_Area": 0.0088328661963000005, "Inst_time": 20170927.0, "Inst_year": 2017, "Major_type": "Grassland", "Lat": 40.628924248399997, "Lon": 115.144436023, "Province": "河北", "Province_pinyin": "Hebei", "Province code": 13, "City": "张家口市", "City_pinyin": "Zhangjiakou", "City code": 1307, "County": "宣化县", "County_pinyin": "Xuanhua xian", "County code": 130721, "Township": "贾家营镇", "Township_pinyin": "jia jia ying zhen" }, "geometry": { "type": "Polygon", "coordinates": [ [ [ 115.144525980689536, 40.629452828385354 ], [ 115.144615813069436, 40.629273165424308 ], [ 115.144885309309643, 40.629003670083364 ], [ 115.145064972270688, 40.628734175641739 ], [ 115.145154802851948, 40.628554512680694 ], [ 115.145154802851948, 40.628464681200114 ], [ 115.145064972270688, 40.628374848820272 ], [ 115.144975139890903, 40.628285018239069 ], [ 115.144885309309643, 40.628285018239069 ], [ 115.144705646348598, 40.628374848820272 ], [ 115.144615813968699, 40.628554512680694 ], [ 115.144525981588799, 40.628644344161216 ], [ 115.144076825085449, 40.628644344161216 ], [ 115.143807329744504, 40.628913838602841 ], [ 115.143717499163358, 40.629003670083364 ], [ 115.143717499163358, 40.629183333044409 ], [ 115.143807329744504, 40.629273165424308 ], [ 115.143897162124404, 40.629362996005511 ], [ 115.144166655666709, 40.629452828385354 ], [ 115.144525980689536, 40.629452828385354 ] ] ] } },
{ "type": "Feature", "properties": { "PV_Area": 0.00473862887302, "Inst_time": 20170825.0, "Inst_year": 2017, "Major_type": "Grassland", "Lat": 40.629409708399997, "Lon": 115.14580662, "Province": "河北", "Province_pinyin": "Hebei", "Province code": 13, "City": "张家口市", "City_pinyin": "Zhangjiakou", "City code": 1307, "County": "宣化县", "County_pinyin": "Xuanhua xian", "County code": 130721, "Township": "贾家营镇", "Township_pinyin": "jia jia ying zhen" }, "geometry": { "type": "Polygon", "coordinates": [ [ [ 115.146053117657289, 40.629722321927659 ], [ 115.146053117657289, 40.629632491346456 ], [ 115.146142950037188, 40.629542658966614 ], [ 115.146232780618448, 40.629452828385354 ], [ 115.14632261389761, 40.629452828385354 ], [ 115.146322612998233, 40.629273165424308 ], [ 115.146142950037188, 40.629093501563887 ], [ 115.145693790835821, 40.629093501563887 ], [ 115.145514129673415, 40.629183333044409 ], [ 115.145334464913731, 40.629362996005511 ], [ 115.145334465812994, 40.629632491346456 ], [ 115.145424298192893, 40.629722321927659 ], [ 115.146053117657289, 40.629722321927659 ] ] ] } },
{ "type": "Feature", "properties": { "PV_Area": 0.00473862887302, "Inst_time": 20170825.0, "Inst_year": 2017, "Major_type": "Grassland", "Lat": 40.629409708399997, "Lon": 115.14580662, "Province": "河北", "Province_pinyin": "Hebei", "Province code": 13, "City": "张家口市", "City_pinyin": "Zhangjiakou", "City code": 1307, "County": "宣化县", "County_pinyin": "Xuanhua xian", "County code": 130721, "Township": "贾家营镇", "Township_pinyin": "jia jia ying zhen" }, "geometry": { "type": "Polygon", "coordinates": [ [ [ 115.146053117657289, 40.629722321927659 ], [ 115.146053117657289, 40.629632491346456 ], [ 115.146142950037188, 40.629542658966614 ], [ 115.146232780618448, 40.629452828385354 ], [ 115.14632261389761, 40.629452828385354 ], [ 115.146322612998233, 40.629273165424308 ], [ 115.146142950037188, 40.629093501563887 ], [ 115.145693790835821, 40.629093501563887 ], [ 115.145514129673415, 40.629183333044409 ], [ 115.145334464913731, 40.629362996005511 ], [ 115.145334465812994, 40.629632491346456 ], [ 115.145424298192893, 40.629722321927659 ], [ 115.146053117657289, 40.629722321927659 ] ] ] } },
{ "type": "Feature", "properties": { "PV_Area": 0.0025398548195300001, "Inst_time": 20150716.0, "Inst_year": 2015, "Major_type": "Woodland", "Lat": 40.630660413800001, "Lon": 115.143706326, "Province": "河北", "Province_pinyin": "Hebei", "Province code": 13, "City": "张家口市", "City_pinyin": "Zhangjiakou", "City code": 1307, "County": "宣化县", "County_pinyin": "Xuanhua xian", "County code": 130721, "Township": "贾家营镇", "Township_pinyin": "jia jia ying zhen" }, "geometry": { "type": "Polygon", "coordinates": [ [ [ 115.143897162124404, 40.630890132074001 ], [ 115.143897162124404, 40.630800300593478 ], [ 115.143986991806287, 40.630710469112898 ], [ 115.144076825085449, 40.630710469112898 ], [ 115.144076825085449, 40.630530806151853 ], [ 115.143986993604926, 40.630440974671274 ], [ 115.143537837101576, 40.630440974671274 ], [ 115.143448003822414, 40.630530806151853 ], [ 115.143358173241154, 40.630620637632376 ], [ 115.143358173241154, 40.630800300593478 ], [ 115.143448002923037, 40.630890132074001 ], [ 115.143897162124404, 40.630890132074001 ] ] ] } },
{ "type": "Feature", "properties": { "PV_Area": 0.0025398548195300001, "Inst_time": 20150716.0, "Inst_year": 2015, "Major_type": "Woodland", "Lat": 40.630660413800001, "Lon": 115.143706326, "Province": "河北", "Province_pinyin": "Hebei", "Province code": 13, "City": "张家口市", "City_pinyin": "Zhangjiakou", "City code": 1307, "County": "宣化县", "County_pinyin": "Xuanhua xian", "County code": 130721, "Township": "贾家营镇", "Township_pinyin": "jia jia ying zhen" }, "geometry": { "type": "Polygon", "coordinates": [ [ [ 115.143897162124404, 40.630890132074001 ], [ 115.143897162124404, 40.630800300593478 ], [ 115.143986991806287, 40.630710469112898 ], [ 115.144076825085449, 40.630710469112898 ], [ 115.144076825085449, 40.630530806151853 ], [ 115.143986993604926, 40.630440974671274 ], [ 115.143537837101576, 40.630440974671274 ], [ 115.143448003822414, 40.630530806151853 ], [ 115.143358173241154, 40.630620637632376 ], [ 115.143358173241154, 40.630800300593478 ], [ 115.143448002923037, 40.630890132074001 ], [ 115.143897162124404, 40.630890132074001 ] ] ] } },
{ "type": "Feature", "properties": { "PV_Area": 0.016603821693399998, "Inst_time": 20170317.0, "Inst_year": 2017, "Major_type": "Woodland", "Lat": 40.630740686499998, "Lon": 115.14061072299999, "Province": "河北", "Province_pinyin": "Hebei", "Province code": 13, "City": "张家口市", "City_pinyin": "Zhangjiakou", "City code": 1307, "County": "宣化县", "County_pinyin": "Xuanhua xian", "County code": 130721, "Township": "贾家营镇", "Township_pinyin": "jia jia ying zhen" }, "geometry": { "type": "Polygon", "coordinates": [ [ [ 115.141741204792879, 40.631429120957193 ], [ 115.141831037172665, 40.63133929037599 ], [ 115.141920867753925, 40.631249457996148 ], [ 115.141920867753925, 40.631069795035046 ], [ 115.141831037172665, 40.630890132074001 ], [ 115.141292048289415, 40.630440974671274 ], [ 115.140573393747218, 40.630440974671274 ], [ 115.140573394646481, 40.630530806151853 ], [ 115.140214067825013, 40.630530806151853 ], [ 115.14012423814313, 40.630440974671274 ], [ 115.140034405763231, 40.630171480229706 ], [ 115.139944574282708, 40.630081647849806 ], [ 115.139854742802186, 40.629991817268603 ], [ 115.13967507984114, 40.629991817268603 ], [ 115.139495417779358, 40.630081647849806 ], [ 115.139315754818313, 40.630261311710228 ], [ 115.139315753918936, 40.630530806151853 ], [ 115.13967507984114, 40.630890132074001 ], [ 115.139944575182085, 40.630979963554523 ], [ 115.14075305760764, 40.631069795035046 ], [ 115.14156154183172, 40.631429120957193 ], [ 115.141741204792879, 40.631429120957193 ] ] ] } },
{ "type": "Feature", "properties": { "PV_Area": 0.016603821693399998, "Inst_time": 20170317.0, "Inst_year": 2017, "Major_type": "Woodland", "Lat": 40.630740686499998, "Lon": 115.14061072299999, "Province": "河北", "Province_pinyin": "Hebei", "Province code": 13, "City": "张家口市", "City_pinyin": "Zhangjiakou", "City code": 1307, "County": "宣化县", "County_pinyin": "Xuanhua xian", "County code": 130721, "Township": "贾家营镇", "Township_pinyin": "jia jia ying zhen" }, "geometry": { "type": "Polygon", "coordinates": [ [ [ 115.141741204792879, 40.631429120957193 ], [ 115.141831037172665, 40.63133929037599 ], [ 115.141920867753925, 40.631249457996148 ], [ 115.141920867753925, 40.631069795035046 ], [ 115.141831037172665, 40.630890132074001 ], [ 115.141292048289415, 40.630440974671274 ], [ 115.140573393747218, 40.630440974671274 ], [ 115.140573394646481, 40.630530806151853 ], [ 115.140214067825013, 40.630530806151853 ], [ 115.14012423814313, 40.630440974671274 ], [ 115.140034405763231, 40.630171480229706 ], [ 115.139944574282708, 40.630081647849806 ], [ 115.139854742802186, 40.629991817268603 ], [ 115.13967507984114, 40.629991817268603 ], [ 115.139495417779358, 40.630081647849806 ], [ 115.139315754818313, 40.630261311710228 ], [ 115.139315753918936, 40.630530806151853 ], [ 115.13967507984114, 40.630890132074001 ], [ 115.139944575182085, 40.630979963554523 ], [ 115.14075305760764, 40.631069795035046 ], [ 115.14156154183172, 40.631429120957193 ], [ 115.141741204792879, 40.631429120957193 ] ] ] } },
{ "type": "Feature", "properties": { "PV_Area": 0.032448812589299998, "Inst_time": 20170610.0, "Inst_year": 2017, "Major_type": "Woodland", "Lat": 40.632129093700001, "Lon": 115.143819644, "Province": "河北", "Province_pinyin": "Hebei", "Province code": 13, "City": "张家口市", "City_pinyin": "Zhangjiakou", "City code": 1307, "County": "宣化县", "County_pinyin": "Xuanhua xian", "County code": 130721, "Township": "贾家营镇", "Township_pinyin": "jia jia ying zhen" }, "geometry": { "type": "Polygon", "coordinates": [ [ [ 115.144346318627754, 40.633135919986785 ], [ 115.144346318627754, 40.633046089405582 ], [ 115.144436151007653, 40.632956257025683 ], [ 115.144525981588799, 40.63286642644448 ], [ 115.144615813968699, 40.632776594064637 ], [ 115.144705646348598, 40.632776594064637 ], [ 115.144705646348598, 40.632057942220285 ], [ 115.144795476929744, 40.631968110739763 ], [ 115.145064972270688, 40.631698616298138 ], [ 115.145244635231847, 40.631429120957193 ], [ 115.145244634332471, 40.63133929037599 ], [ 115.145154802851948, 40.631249457996148 ], [ 115.145064972270688, 40.631159627414945 ], [ 115.144975139890903, 40.631159627414945 ], [ 115.144795476929744, 40.631249457996148 ], [ 115.144705646348598, 40.631429120957193 ], [ 115.144615813968699, 40.631518953337093 ], [ 115.144256487147231, 40.631518953337093 ], [ 115.144256488046494, 40.63133929037599 ], [ 115.144346318627754, 40.63133929037599 ], [ 115.144346318627754, 40.630979963554523 ], [ 115.144076825984826, 40.630979963554523 ], [ 115.143986991806287, 40.631069795035046 ], [ 115.143448004721677, 40.631249457996148 ], [ 115.143358174140531, 40.63133929037599 ], [ 115.143358173241154, 40.631608783918296 ], [ 115.143986992705663, 40.631608783918296 ], [ 115.143986992705663, 40.631698616298138 ], [ 115.143897162124404, 40.631788447778717 ], [ 115.143807329744504, 40.63187827925924 ], [ 115.143358172341891, 40.63187827925924 ], [ 115.143358173241154, 40.631698616298138 ], [ 115.143178510280109, 40.631698616298138 ], [ 115.142819181660002, 40.631788447778717 ], [ 115.142459856637174, 40.632057942220285 ], [ 115.142370026055914, 40.632237605181388 ], [ 115.142370026055914, 40.632507099623012 ], [ 115.142459856637174, 40.632596931103535 ], [ 115.14263951959822, 40.632776594064637 ], [ 115.143268339961992, 40.632776594064637 ], [ 115.143448003822414, 40.63286642644448 ], [ 115.143537836202199, 40.632956257025683 ], [ 115.143537836202199, 40.633046089405582 ], [ 115.143717499163358, 40.633135919986785 ], [ 115.144346318627754, 40.633135919986785 ] ] ] } },
{ "type": "Feature", "properties": { "PV_Area": 0.032448812589299998, "Inst_time": 20170610.0, "Inst_year": 2017, "Major_type": "Woodland", "Lat": 40.632129093700001, "Lon": 115.143819644, "Province": "河北", "Province_pinyin": "Hebei", "Province code": 13, "City": "张家口市", "City_pinyin": "Zhangjiakou", "City code": 1307, "County": "宣化县", "County_pinyin": "Xuanhua xian", "County code": 130721, "Township": "贾家营镇", "Township_pinyin": "jia jia ying zhen" }, "geometry": { "type": "Polygon", "coordinates": [ [ [ 115.144346318627754, 40.633135919986785 ], [ 115.144346318627754, 40.633046089405582 ], [ 115.144436151007653, 40.632956257025683 ], [ 115.144525981588799, 40.63286642644448 ], [ 115.144615813968699, 40.632776594064637 ], [ 115.144705646348598, 40.632776594064637 ], [ 115.144705646348598, 40.632057942220285 ], [ 115.144795476929744, 40.631968110739763 ], [ 115.145064972270688, 40.631698616298138 ], [ 115.145244635231847, 40.631429120957193 ], [ 115.145244634332471, 40.63133929037599 ], [ 115.145154802851948, 40.631249457996148 ], [ 115.145064972270688, 40.631159627414945 ], [ 115.144975139890903, 40.631159627414945 ], [ 115.144795476929744, 40.631249457996148 ], [ 115.144705646348598, 40.631429120957193 ], [ 115.144615813968699, 40.631518953337093 ], [ 115.144256487147231, 40.631518953337093 ], [ 115.144256488046494, 40.63133929037599 ], [ 115.144346318627754, 40.63133929037599 ], [ 115.144346318627754, 40.630979963554523 ], [ 115.144076825984826, 40.630979963554523 ], [ 115.143986991806287, 40.631069795035046 ], [ 115.143448004721677, 40.631249457996148 ], [ 115.143358174140531, 40.63133929037599 ], [ 115.143358173241154, 40.631608783918296 ], [ 115.143986992705663, 40.631608783918296 ], [ 115.143986992705663, 40.631698616298138 ], [ 115.143897162124404, 40.631788447778717 ], [ 115.143807329744504, 40.63187827925924 ], [ 115.143358172341891, 40.63187827925924 ], [ 115.143358173241154, 40.631698616298138 ], [ 115.143178510280109, 40.631698616298138 ], [ 115.142819181660002, 40.631788447778717 ], [ 115.142459856637174, 40.632057942220285 ], [ 115.142370026055914, 40.632237605181388 ], [ 115.142370026055914, 40.632507099623012 ], [ 115.142459856637174, 40.632596931103535 ], [ 115.14263951959822, 40.632776594064637 ], [ 115.143268339961992, 40.632776594064637 ], [ 115.143448003822414, 40.63286642644448 ], [ 115.143537836202199, 40.632956257025683 ], [ 115.143537836202199, 40.633046089405582 ], [ 115.143717499163358, 40.633135919986785 ], [ 115.144346318627754, 40.633135919986785 ] ] ] } },
{ "type": "Feature", "properties": { "PV_Area": 7.5797741576500002e-05, "Inst_time": 20210922.0, "Inst_year": 2021, "Major_type": "Grassland", "Lat": 40.6478233757, "Lon": 115.10648233000001, "Province": "河北", "Province_pinyin": "Hebei", "Province code": 13, "City": "张家口市", "City_pinyin": "Zhangjiakou", "City code": 1307, "County": "宣化县", "County_pinyin": "Xuanhua xian", "County code": 130721, "Township": "贾家营镇", "Township_pinyin": "jia jia ying zhen" }, "geometry": { "type": "Polygon", "coordinates": [ [ [ 115.106527246435348, 40.647778460307734 ], [ 115.106437414055449, 40.647778460307734 ], [ 115.106437414055449, 40.647868290888994 ], [ 115.106527247334611, 40.647868290888994 ], [ 115.106527246435348, 40.647778460307734 ] ] ] } },
{ "type": "Feature", "properties": { "PV_Area": 7.5797741576500002e-05, "Inst_time": 20210922.0, "Inst_year": 2021, "Major_type": "Grassland", "Lat": 40.6478233757, "Lon": 115.10648233000001, "Province": "河北", "Province_pinyin": "Hebei", "Province code": 13, "City": "张家口市", "City_pinyin": "Zhangjiakou", "City code": 1307, "County": "宣化县", "County_pinyin": "Xuanhua xian", "County code": 130721, "Township": "贾家营镇", "Township_pinyin": "jia jia ying zhen" }, "geometry": { "type": "Polygon", "coordinates": [ [ [ 115.106527246435348, 40.647778460307734 ], [ 115.106437414055449, 40.647778460307734 ], [ 115.106437414055449, 40.647868290888994 ], [ 115.106527247334611, 40.647868290888994 ], [ 115.106527246435348, 40.647778460307734 ] ] ] } },
{ "type": "Feature", "properties": { "PV_Area": 0.00060637345086000005, "Inst_time": 20210922.0, "Inst_year": 2021, "Major_type": "Grassland", "Lat": 40.64809287, "Lon": 115.106212836, "Province": "河北", "Province_pinyin": "Hebei", "Province code": 13, "City": "张家口市", "City_pinyin": "Zhangjiakou", "City code": 1307, "County": "宣化县", "County_pinyin": "Xuanhua xian", "County code": 130721, "Township": "贾家营镇", "Township_pinyin": "jia jia ying zhen" }, "geometry": { "type": "Polygon", "coordinates": [ [ [ 115.106257750195027, 40.648227616811141 ], [ 115.106347582574926, 40.648137786229881 ], [ 115.106347582574926, 40.647958123268836 ], [ 115.106167919613881, 40.647958123268836 ], [ 115.106078089032621, 40.648047953850039 ], [ 115.106078088133359, 40.648227616811141 ], [ 115.106257750195027, 40.648227616811141 ] ] ] } },
{ "type": "Feature", "properties": { "PV_Area": 0.00060637345086000005, "Inst_time": 20210922.0, "Inst_year": 2021, "Major_type": "Grassland", "Lat": 40.64809287, "Lon": 115.106212836, "Province": "河北", "Province_pinyin": "Hebei", "Province code": 13, "City": "张家口市", "City_pinyin": "Zhangjiakou", "City code": 1307, "County": "宣化县", "County_pinyin": "Xuanhua xian", "County code": 130721, "Township": "贾家营镇", "Township_pinyin": "jia jia ying zhen" }, "geometry": { "type": "Polygon", "coordinates": [ [ [ 115.106257750195027, 40.648227616811141 ], [ 115.106347582574926, 40.648137786229881 ], [ 115.106347582574926, 40.647958123268836 ], [ 115.106167919613881, 40.647958123268836 ], [ 115.106078089032621, 40.648047953850039 ], [ 115.106078088133359, 40.648227616811141 ], [ 115.106257750195027, 40.648227616811141 ] ] ] } },
{ "type": "Feature", "properties": { "PV_Area": 0.011255771274100001, "Inst_time": 20171106.0, "Inst_year": 2017, "Major_type": "Grassland", "Lat": 40.648743417600002, "Lon": 115.107338653, "Province": "河北", "Province_pinyin": "Hebei", "Province code": 13, "City": "张家口市", "City_pinyin": "Zhangjiakou", "City code": 1307, "County": "宣化县", "County_pinyin": "Xuanhua xian", "County code": 130721, "Township": "贾家营镇", "Township_pinyin": "jia jia ying zhen" }, "geometry": { "type": "Polygon", "coordinates": [ [ [ 115.106886572357439, 40.649215763996381 ], [ 115.106886572357439, 40.649125933415121 ], [ 115.107605224201848, 40.649036101035279 ], [ 115.108144212185721, 40.648946268655436 ], [ 115.10823404456562, 40.648856438074233 ], [ 115.108323876945406, 40.648766605694334 ], [ 115.108323876945406, 40.648586942733289 ], [ 115.108144213084984, 40.648407279772186 ], [ 115.107335729760166, 40.648317449190984 ], [ 115.106886572357439, 40.648407279772186 ], [ 115.106527245535972, 40.648676775113131 ], [ 115.106437414055449, 40.648766605694334 ], [ 115.106437414055449, 40.649125933415121 ], [ 115.106617077016608, 40.649215763996381 ], [ 115.106886572357439, 40.649215763996381 ] ] ] } },
{ "type": "Feature", "properties": { "PV_Area": 0.011255771274100001, "Inst_time": 20171106.0, "Inst_year": 2017, "Major_type": "Grassland", "Lat": 40.648743417600002, "Lon": 115.107338653, "Province": "河北", "Province_pinyin": "Hebei", "Province code": 13, "City": "张家口市", "City_pinyin": "Zhangjiakou", "City code": 1307, "County": "宣化县", "County_pinyin": "Xuanhua xian", "County code": 130721, "Township": "贾家营镇", "Township_pinyin": "jia jia ying zhen" }, "geometry": { "type": "Polygon", "coordinates": [ [ [ 115.106886572357439, 40.649215763996381 ], [ 115.106886572357439, 40.649125933415121 ], [ 115.107605224201848, 40.649036101035279 ], [ 115.108144212185721, 40.648946268655436 ], [ 115.10823404456562, 40.648856438074233 ], [ 115.108323876945406, 40.648766605694334 ], [ 115.108323876945406, 40.648586942733289 ], [ 115.108144213084984, 40.648407279772186 ], [ 115.107335729760166, 40.648317449190984 ], [ 115.106886572357439, 40.648407279772186 ], [ 115.106527245535972, 40.648676775113131 ], [ 115.106437414055449, 40.648766605694334 ], [ 115.106437414055449, 40.649125933415121 ], [ 115.106617077016608, 40.649215763996381 ], [ 115.106886572357439, 40.649215763996381 ] ] ] } },
{ "type": "Feature", "properties": { "PV_Area": 0.028422128808800001, "Inst_time": 20171108.0, "Inst_year": 2017, "Major_type": "Grassland", "Lat": 40.652431732700002, "Lon": 115.109667157, "Province": "河北", "Province_pinyin": "Hebei", "Province code": 13, "City": "张家口市", "City_pinyin": "Zhangjiakou", "City code": 1307, "County": "宣化县", "County_pinyin": "Xuanhua xian", "County code": 130721, "Township": "贾家营镇", "Township_pinyin": "jia jia ying zhen" }, "geometry": { "type": "Polygon", "coordinates": [ [ [ 115.108952697309178, 40.653437846279644 ], [ 115.108952698208554, 40.653348013899802 ], [ 115.109491687091804, 40.653348013899802 ], [ 115.109581518572327, 40.653258183318542 ], [ 115.10958151767295, 40.653078520357496 ], [ 115.109491685293051, 40.652988687977597 ], [ 115.109222190851483, 40.652988687977597 ], [ 115.109042528789701, 40.652898857396394 ], [ 115.109042528789701, 40.652719194435349 ], [ 115.109132360270223, 40.65262936205545 ], [ 115.109401854711905, 40.65262936205545 ], [ 115.109581518572327, 40.652719194435349 ], [ 115.109671349153473, 40.652809025016552 ], [ 115.109671349153473, 40.652898857396394 ], [ 115.109761181533372, 40.652988687977597 ], [ 115.1101205065562, 40.652988687977597 ], [ 115.110210338936099, 40.652898857396394 ], [ 115.110300170416622, 40.652629362954769 ], [ 115.110659496338712, 40.652270036133302 ], [ 115.111288316702485, 40.652270036133302 ], [ 115.111827305585734, 40.652090373172257 ], [ 115.111917137965634, 40.652000540792358 ], [ 115.111917137965634, 40.651731047250109 ], [ 115.111737475004475, 40.65164121487021 ], [ 115.111288316702485, 40.65164121487021 ], [ 115.110928990780394, 40.651731047250109 ], [ 115.110749326919972, 40.651820877831312 ], [ 115.110300169517245, 40.651820877831312 ], [ 115.109940842695778, 40.651820877831312 ], [ 115.109851012114632, 40.651910710211155 ], [ 115.10958151767295, 40.652270036133302 ], [ 115.109491686192428, 40.652359867613825 ], [ 115.109042528789701, 40.652359867613825 ], [ 115.108413708425928, 40.652270036133302 ], [ 115.108413708425928, 40.65218020375346 ], [ 115.108144212185721, 40.652090373172257 ], [ 115.10769505568237, 40.652090373172257 ], [ 115.10769505568237, 40.652359867613825 ], [ 115.107784886263516, 40.652719194435349 ], [ 115.107964550123938, 40.652898857396394 ], [ 115.108323877844782, 40.652898857396394 ], [ 115.108323876945406, 40.652809025016552 ], [ 115.108593371387087, 40.652809025016552 ], [ 115.10868320286761, 40.652898857396394 ], [ 115.10868320286761, 40.653078520357496 ], [ 115.108593370487711, 40.653078520357496 ], [ 115.108593371387087, 40.653348013899802 ], [ 115.108683201968233, 40.653437846279644 ], [ 115.108952697309178, 40.653437846279644 ] ] ] } },
{ "type": "Feature", "properties": { "PV_Area": 0.028422128808800001, "Inst_time": 20171108.0, "Inst_year": 2017, "Major_type": "Grassland", "Lat": 40.652431732700002, "Lon": 115.109667157, "Province": "河北", "Province_pinyin": "Hebei", "Province code": 13, "City": "张家口市", "City_pinyin": "Zhangjiakou", "City code": 1307, "County": "宣化县", "County_pinyin": "Xuanhua xian", "County code": 130721, "Township": "贾家营镇", "Township_pinyin": "jia jia ying zhen" }, "geometry": { "type": "Polygon", "coordinates": [ [ [ 115.108952697309178, 40.653437846279644 ], [ 115.108952698208554, 40.653348013899802 ], [ 115.109491687091804, 40.653348013899802 ], [ 115.109581518572327, 40.653258183318542 ], [ 115.10958151767295, 40.653078520357496 ], [ 115.109491685293051, 40.652988687977597 ], [ 115.109222190851483, 40.652988687977597 ], [ 115.109042528789701, 40.652898857396394 ], [ 115.109042528789701, 40.652719194435349 ], [ 115.109132360270223, 40.65262936205545 ], [ 115.109401854711905, 40.65262936205545 ], [ 115.109581518572327, 40.652719194435349 ], [ 115.109671349153473, 40.652809025016552 ], [ 115.109671349153473, 40.652898857396394 ], [ 115.109761181533372, 40.652988687977597 ], [ 115.1101205065562, 40.652988687977597 ], [ 115.110210338936099, 40.652898857396394 ], [ 115.110300170416622, 40.652629362954769 ], [ 115.110659496338712, 40.652270036133302 ], [ 115.111288316702485, 40.652270036133302 ], [ 115.111827305585734, 40.652090373172257 ], [ 115.111917137965634, 40.652000540792358 ], [ 115.111917137965634, 40.651731047250109 ], [ 115.111737475004475, 40.65164121487021 ], [ 115.111288316702485, 40.65164121487021 ], [ 115.110928990780394, 40.651731047250109 ], [ 115.110749326919972, 40.651820877831312 ], [ 115.110300169517245, 40.651820877831312 ], [ 115.109940842695778, 40.651820877831312 ], [ 115.109851012114632, 40.651910710211155 ], [ 115.10958151767295, 40.652270036133302 ], [ 115.109491686192428, 40.652359867613825 ], [ 115.109042528789701, 40.652359867613825 ], [ 115.108413708425928, 40.652270036133302 ], [ 115.108413708425928, 40.65218020375346 ], [ 115.108144212185721, 40.652090373172257 ], [ 115.10769505568237, 40.652090373172257 ], [ 115.10769505568237, 40.652359867613825 ], [ 115.107784886263516, 40.652719194435349 ], [ 115.107964550123938, 40.652898857396394 ], [ 115.108323877844782, 40.652898857396394 ], [ 115.108323876945406, 40.652809025016552 ], [ 115.108593371387087, 40.652809025016552 ], [ 115.10868320286761, 40.652898857396394 ], [ 115.10868320286761, 40.653078520357496 ], [ 115.108593370487711, 40.653078520357496 ], [ 115.108593371387087, 40.653348013899802 ], [ 115.108683201968233, 40.653437846279644 ], [ 115.108952697309178, 40.653437846279644 ] ] ] } },
{ "type": "Feature", "properties": { "PV_Area": 0.0073517406767600003, "Inst_time": 20171102.0, "Inst_year": 2017, "Major_type": "Grassland", "Lat": 40.653525979400001, "Lon": 115.106840112, "Province": "河北", "Province_pinyin": "Hebei", "Province code": 13, "City": "张家口市", "City_pinyin": "Zhangjiakou", "City code": 1307, "County": "宣化县", "County_pinyin": "Xuanhua xian", "County code": 130721, "Township": "贾家营镇", "Township_pinyin": "jia jia ying zhen" }, "geometry": { "type": "Polygon", "coordinates": [ [ [ 115.106796740876916, 40.653348013899802 ], [ 115.106796740876916, 40.653258183318542 ], [ 115.106437414055449, 40.653258183318542 ], [ 115.106167919613881, 40.653258183318542 ], [ 115.105898425172199, 40.653258183318542 ], [ 115.105808592792414, 40.653348013899802 ], [ 115.105808592792414, 40.653527676860847 ], [ 115.105898425172199, 40.653617509240689 ], [ 115.106078088133359, 40.653707339821949 ], [ 115.107784887162893, 40.653707339821949 ], [ 115.107784888062156, 40.653797172201791 ], [ 115.108054380705198, 40.653797172201791 ], [ 115.108054381604461, 40.653527676860847 ], [ 115.107874718643416, 40.653437846279644 ], [ 115.106976403838075, 40.653437846279644 ], [ 115.106796740876916, 40.653348013899802 ] ] ] } },
{ "type": "Feature", "properties": { "PV_Area": 0.0073517406767600003, "Inst_time": 20171102.0, "Inst_year": 2017, "Major_type": "Grassland", "Lat": 40.653525979400001, "Lon": 115.106840112, "Province": "河北", "Province_pinyin": "Hebei", "Province code": 13, "City": "张家口市", "City_pinyin": "Zhangjiakou", "City code": 1307, "County": "宣化县", "County_pinyin": "Xuanhua xian", "County code": 130721, "Township": "贾家营镇", "Township_pinyin": "jia jia ying zhen" }, "geometry": { "type": "Polygon", "coordinates": [ [ [ 115.106796740876916, 40.653348013899802 ], [ 115.106796740876916, 40.653258183318542 ], [ 115.106437414055449, 40.653258183318542 ], [ 115.106167919613881, 40.653258183318542 ], [ 115.105898425172199, 40.653258183318542 ], [ 115.105808592792414, 40.653348013899802 ], [ 115.105808592792414, 40.653527676860847 ], [ 115.105898425172199, 40.653617509240689 ], [ 115.106078088133359, 40.653707339821949 ], [ 115.107784887162893, 40.653707339821949 ], [ 115.107784888062156, 40.653797172201791 ], [ 115.108054380705198, 40.653797172201791 ], [ 115.108054381604461, 40.653527676860847 ], [ 115.107874718643416, 40.653437846279644 ], [ 115.106976403838075, 40.653437846279644 ], [ 115.106796740876916, 40.653348013899802 ] ] ] } },
{ "type": "Feature", "properties": { "PV_Area": 0.018711016761099999, "Inst_time": 20200615.0, "Inst_year": 2020, "Major_type": "Cropland", "Lat": 40.446533075200001, "Lon": 114.81125457900001, "Province": "河北", "Province_pinyin": "Hebei", "Province code": 13, "City": "张家口市", "City_pinyin": "Zhangjiakou", "City code": 1307, "County": "宣化县", "County_pinyin": "Xuanhua xian", "County code": 130721, "Township": "深井镇", "Township_pinyin": "shen jing zhen" }, "geometry": { "type": "Polygon", "coordinates": [ [ [ 114.812684598415558, 40.447527686553542 ], [ 114.813476982976454, 40.447534462045837 ], [ 114.813468079688164, 40.447459933429229 ], [ 114.812911629568134, 40.44732781492678 ], [ 114.812453115618837, 40.447141491586592 ], [ 114.812145955771257, 40.446900965207419 ], [ 114.812012407346742, 40.446714641867288 ], [ 114.811780924550135, 40.446507991150895 ], [ 114.811611763871838, 40.446419910650434 ], [ 114.811344667022809, 40.446335217896035 ], [ 114.81101970149814, 40.446335216996715 ], [ 114.810797121989594, 40.44618615796486 ], [ 114.810783767057274, 40.445935464749937 ], [ 114.810645767887991, 40.445698322519604 ], [ 114.810392025971282, 40.445698321620284 ], [ 114.810378671038848, 40.445013991502549 ], [ 114.810294090699813, 40.444922520557952 ], [ 114.80996912517503, 40.444922520557952 ], [ 114.809937962766867, 40.445081746425501 ], [ 114.810120478377485, 40.445085135070997 ], [ 114.810111575089195, 40.445823669127094 ], [ 114.810231768581275, 40.445989668688298 ], [ 114.810271833378465, 40.44619970894945 ], [ 114.810276284123233, 40.446358931219777 ], [ 114.81026738173432, 40.446697703136522 ], [ 114.810601251446656, 40.446707866374993 ], [ 114.810863895752277, 40.446772232652449 ], [ 114.811224475329368, 40.446904352953595 ], [ 114.811344667922185, 40.44702631001627 ], [ 114.811406990939986, 40.447094064039902 ], [ 114.811580602362937, 40.447219408848696 ], [ 114.811945633584173, 40.447412505882482 ], [ 114.812697953347879, 40.447398955797212 ], [ 114.812684598415558, 40.447527686553542 ] ] ] } },
{ "type": "Feature", "properties": { "PV_Area": 0.00122620782473, "Inst_time": 20121218.0, "Inst_year": 2012, "Major_type": "Cropland", "Lat": 40.4447113628, "Lon": 114.80965968700001, "Province": "河北", "Province_pinyin": "Hebei", "Province code": 13, "City": "张家口市", "City_pinyin": "Zhangjiakou", "City code": 1307, "County": "宣化县", "County_pinyin": "Xuanhua xian", "County code": 130721, "Township": "深井镇", "Township_pinyin": "shen jing zhen" }, "geometry": { "type": "Polygon", "coordinates": [ [ [ 114.809314739783531, 40.444810723136413 ], [ 114.809880092292474, 40.44482766186718 ], [ 114.809969124275767, 40.44473280317635 ], [ 114.809982479208088, 40.444604066124782 ], [ 114.809412674155624, 40.444600679277983 ], [ 114.809336998004142, 40.444742967314141 ], [ 114.809314739783531, 40.444810723136413 ] ] ] } },
{ "type": "Feature", "properties": { "PV_Area": 0.0060370881695100001, "Inst_time": 20200607.0, "Inst_year": 2020, "Major_type": "Cropland", "Lat": 40.444545050099997, "Lon": 114.81062899200001, "Province": "河北", "Province_pinyin": "Hebei", "Province code": 13, "City": "张家口市", "City_pinyin": "Zhangjiakou", "City code": 1307, "County": "宣化县", "County_pinyin": "Xuanhua xian", "County code": 130721, "Township": "深井镇", "Township_pinyin": "shen jing zhen" }, "geometry": { "type": "Polygon", "coordinates": [ [ [ 114.810645766988614, 40.445474729475222 ], [ 114.810770412124839, 40.445481504068198 ], [ 114.810881702328743, 40.445383259429946 ], [ 114.810877250684598, 40.445081746425501 ], [ 114.810761507937286, 40.444763292891707 ], [ 114.810877250684598, 40.444529533910895 ], [ 114.81101079820985, 40.444265284315463 ], [ 114.810988539989239, 40.444160261486957 ], [ 114.810903959650091, 40.443987481037482 ], [ 114.810623508768003, 40.443997645175216 ], [ 114.810383123582369, 40.444072177389103 ], [ 114.810129381665661, 40.444251732431553 ], [ 114.810129381665661, 40.444302550422435 ], [ 114.81025847844603, 40.44454986218642 ], [ 114.810610154734945, 40.444847988344065 ], [ 114.810623509667266, 40.444956398019428 ], [ 114.810645766988614, 40.445474729475222 ] ] ] } },
{ "type": "Feature", "properties": { "PV_Area": 0.017648116743, "Inst_time": 20181024.0, "Inst_year": 2018, "Major_type": "Grassland", "Lat": 40.443651734100001, "Lon": 114.80948147399999, "Province": "河北", "Province_pinyin": "Hebei", "Province code": 13, "City": "张家口市", "City_pinyin": "Zhangjiakou", "City code": 1307, "County": "宣化县", "County_pinyin": "Xuanhua xian", "County code": 130721, "Township": "深井镇", "Township_pinyin": "shen jing zhen" }, "geometry": { "type": "Polygon", "coordinates": [ [ [ 114.808733806519967, 40.44411621988769 ], [ 114.809245740198776, 40.444122995379985 ], [ 114.80937261025781, 40.444058626404512 ], [ 114.809361482046825, 40.443946827184391 ], [ 114.810383123582369, 40.443940051692095 ], [ 114.810765960480808, 40.443718147574486 ], [ 114.81075928301459, 40.443491159589371 ], [ 114.810886153073511, 40.443369196231458 ], [ 114.811518280244513, 40.443370890554206 ], [ 114.811656279413796, 40.443250621519041 ], [ 114.811765343795628, 40.443142208246343 ], [ 114.811765343795628, 40.443098166647133 ], [ 114.811375829431086, 40.443108329885547 ], [ 114.810879475607408, 40.443218436581617 ], [ 114.810886153073511, 40.443338705616839 ], [ 114.810104898522354, 40.443348869754573 ], [ 114.809263546775355, 40.443457282127895 ], [ 114.808867354045219, 40.443408157560498 ], [ 114.808059388729816, 40.443431872682822 ], [ 114.807836810120762, 40.443577550263797 ], [ 114.80773664902722, 40.443665635260913 ], [ 114.807732196483698, 40.443701207944457 ], [ 114.807847939231124, 40.443875681817303 ], [ 114.808224098663231, 40.444006114990259 ], [ 114.808733806519967, 40.444007809313007 ], [ 114.808733806519967, 40.44411621988769 ] ] ] } },
{ "type": "Feature", "properties": { "PV_Area": 0.021958716480300001, "Inst_time": 20170911.0, "Inst_year": 2017, "Major_type": "Grassland", "Lat": 40.439798731499998, "Lon": 114.805555074, "Province": "河北", "Province_pinyin": "Hebei", "Province code": 13, "City": "张家口市", "City_pinyin": "Zhangjiakou", "City code": 1307, "County": "宣化县", "County_pinyin": "Xuanhua xian", "County code": 130721, "Township": "深井镇", "Township_pinyin": "shen jing zhen" }, "geometry": { "type": "Polygon", "coordinates": [ [ [ 114.804219887937506, 40.440714742891146 ], [ 114.80477633625901, 40.440728294775056 ], [ 114.805266012616471, 40.440569059014933 ], [ 114.805266012616471, 40.440209927346302 ], [ 114.805533108566124, 40.440067630316946 ], [ 114.806174138126039, 40.439945659764419 ], [ 114.80730039239927, 40.43992872013439 ], [ 114.807295939855749, 40.439701720458061 ], [ 114.807153489941697, 40.439600079080435 ], [ 114.806784007076317, 40.439339196546712 ], [ 114.805777946295279, 40.439342585192207 ], [ 114.805764591362845, 40.439213837348746 ], [ 114.804927691259991, 40.439217225994241 ], [ 114.804531499429231, 40.439339196546712 ], [ 114.804246596902999, 40.43957974990559 ], [ 114.804246596003622, 40.439701720458061 ], [ 114.804389047716427, 40.439766093030812 ], [ 114.804825304344376, 40.439783034459538 ], [ 114.804829755988521, 40.43999648135258 ], [ 114.804714014140473, 40.440375941296679 ], [ 114.80444691819082, 40.440375941296679 ], [ 114.804233241071302, 40.440626654296693 ], [ 114.804219887937506, 40.440714742891146 ] ] ] } },
{ "type": "Feature", "properties": { "PV_Area": 0.0096109311353800003, "Inst_time": 20170701.0, "Inst_year": 2017, "Major_type": "Grassland", "Lat": 40.436587312, "Lon": 114.80421373599999, "Province": "河北", "Province_pinyin": "Hebei", "Province code": 13, "City": "张家口市", "City_pinyin": "Zhangjiakou", "City code": 1307, "County": "宣化县", "County_pinyin": "Xuanhua xian", "County code": 130721, "Township": "深井镇", "Township_pinyin": "shen jing zhen" }, "geometry": { "type": "Polygon", "coordinates": [ [ [ 114.804906545500785, 40.437081003385629 ], [ 114.805687800951318, 40.437055592141917 ], [ 114.805556480147516, 40.436889570996982 ], [ 114.805280480010197, 40.436499925331361 ], [ 114.804552643389798, 40.436498231907933 ], [ 114.804557095933319, 40.436349150393028 ], [ 114.803526551109485, 40.436364396599686 ], [ 114.803531001854367, 40.436233949936877 ], [ 114.80248265135333, 40.436245809296736 ], [ 114.802469296421009, 40.436300020429655 ], [ 114.802747521481024, 40.436560913755216 ], [ 114.804007323279393, 40.436560914654535 ], [ 114.804000645813176, 40.436703218878506 ], [ 114.804641676272354, 40.436693053841395 ], [ 114.804775224696868, 40.436821806181456 ], [ 114.804897642212495, 40.436940393484406 ], [ 114.804906545500785, 40.437081003385629 ] ] ] } },
{ "type": "Feature", "properties": { "PV_Area": 0.0029299117099300001, "Inst_time": 20170623.0, "Inst_year": 2017, "Major_type": "Grassland", "Lat": 40.428180420499999, "Lon": 114.797718551, "Province": "河北", "Province_pinyin": "Hebei", "Province code": 13, "City": "张家口市", "City_pinyin": "Zhangjiakou", "City code": 1307, "County": "宣化县", "County_pinyin": "Xuanhua xian", "County code": 130721, "Township": "深井镇", "Township_pinyin": "shen jing zhen" }, "geometry": { "type": "Polygon", "coordinates": [ [ [ 114.797605927371706, 40.428439707426605 ], [ 114.797750604007206, 40.428444791294112 ], [ 114.797995441736361, 40.428366852448335 ], [ 114.798113409406369, 40.428190642883919 ], [ 114.798088925363686, 40.42808051190616 ], [ 114.797870796600023, 40.427917856923614 ], [ 114.797608153193778, 40.427919552145681 ], [ 114.797474604769263, 40.428007656927889 ], [ 114.797338832321316, 40.428109316291966 ], [ 114.797338831421939, 40.428305856829866 ], [ 114.797605927371706, 40.428439707426605 ] ] ] } },
{ "type": "Feature", "properties": { "PV_Area": 0.0077344718192300004, "Inst_time": 20161029.0, "Inst_year": 2016, "Major_type": "Cropland", "Lat": 40.421041192499999, "Lon": 114.805287085, "Province": "河北", "Province_pinyin": "Hebei", "Province code": 13, "City": "张家口市", "City_pinyin": "Zhangjiakou", "City code": 1307, "County": "宣化县", "County_pinyin": "Xuanhua xian", "County code": 130721, "Township": "深井镇", "Township_pinyin": "shen jing zhen" }, "geometry": { "type": "Polygon", "coordinates": [ [ [ 114.804793030374071, 40.421650246861475 ], [ 114.805202577137266, 40.421673970077734 ], [ 114.805349480494215, 40.421480798400182 ], [ 114.805483028019353, 40.421226624808924 ], [ 114.805727865748509, 40.420891113833875 ], [ 114.805905928815605, 40.420670827596666 ], [ 114.806003864986451, 40.420521710108915 ], [ 114.805848059240589, 40.420270921565816 ], [ 114.805678898562405, 40.420270921565816 ], [ 114.805554253426067, 40.420579323377126 ], [ 114.805327221374228, 40.42080299915915 ], [ 114.805002255849445, 40.420819944185155 ], [ 114.804797482018216, 40.420925003885884 ], [ 114.804695096001979, 40.421274070342122 ], [ 114.804793030374071, 40.421650246861475 ] ] ] } },
{ "type": "Feature", "properties": { "PV_Area": 0.043782636649900002, "Inst_time": 20170823.0, "Inst_year": 2017, "Major_type": "Grassland", "Lat": 40.442111187099997, "Lon": 114.809939222, "Province": "河北", "Province_pinyin": "Hebei", "Province code": 13, "City": "张家口市", "City_pinyin": "Zhangjiakou", "City code": 1307, "County": "宣化县", "County_pinyin": "Xuanhua xian", "County code": 130721, "Township": "深井镇", "Township_pinyin": "shen jing zhen" }, "geometry": { "type": "Polygon", "coordinates": [ [ [ 114.807616454635763, 40.442969425998285 ], [ 114.809252417664993, 40.442942323129785 ], [ 114.811273442515471, 40.442932158991994 ], [ 114.811794279482456, 40.442796643750171 ], [ 114.812072503643208, 40.442696699393196 ], [ 114.812684598415558, 40.442542550198596 ], [ 114.813675078442202, 40.442210533089678 ], [ 114.813804174323195, 40.442086873610378 ], [ 114.81380862596734, 40.441988622676831 ], [ 114.814091303570876, 40.441854799059797 ], [ 114.814652203536411, 40.441842941498578 ], [ 114.814732333130678, 40.441768406586732 ], [ 114.81473455895275, 40.441737914173473 ], [ 114.814605462172381, 40.441658297192703 ], [ 114.814093529392949, 40.441666767007746 ], [ 114.813764110425382, 40.441890372642661 ], [ 114.813503691941946, 40.442019114190828 ], [ 114.813136435797901, 40.442083485864259 ], [ 114.812237212677246, 40.442098731171541 ], [ 114.812052472143932, 40.442317252938949 ], [ 114.812027988101249, 40.442374848220709 ], [ 114.812161536525764, 40.442378235966885 ], [ 114.812165988169909, 40.442484955816099 ], [ 114.811907795508432, 40.442578122882139 ], [ 114.810901734727281, 40.44260522664996 ], [ 114.810349736251396, 40.442506976615732 ], [ 114.810256252624072, 40.442320640685068 ], [ 114.810198382149679, 40.441836165106963 ], [ 114.810336380419699, 40.441717586797267 ], [ 114.810636863700324, 40.441631193424882 ], [ 114.810903959650091, 40.441621030186468 ], [ 114.810901734727281, 40.441554964190289 ], [ 114.810774863768984, 40.441470265140651 ], [ 114.810209510360664, 40.441329664232683 ], [ 114.809546222580138, 40.441283926512028 ], [ 114.808905193020337, 40.441207697277434 ], [ 114.808279744214929, 40.441161958657517 ], [ 114.807772261280888, 40.441139936958564 ], [ 114.807100070212186, 40.441161959556837 ], [ 114.806975425975224, 40.441246658606474 ], [ 114.806975425975224, 40.441285620834776 ], [ 114.807382746916346, 40.44163627549375 ], [ 114.807509617874643, 40.441695565098314 ], [ 114.807908034628213, 40.441693870775566 ], [ 114.808152873256518, 40.441839552853139 ], [ 114.807879099840648, 40.441842940599258 ], [ 114.807778938747106, 40.441902230203823 ], [ 114.807776713824296, 40.441964907554507 ], [ 114.807910261349548, 40.442066545334853 ], [ 114.808161775645544, 40.442063158488054 ], [ 114.808767192951677, 40.44197337736955 ], [ 114.809223482877542, 40.441856493382488 ], [ 114.809377061901955, 40.441448243441755 ], [ 114.809543996758066, 40.441372014207161 ], [ 114.810180575573213, 40.441382178344895 ], [ 114.810198381250302, 40.441675237722109 ], [ 114.809931286199912, 40.441883596251046 ], [ 114.809753222233439, 40.441969988724054 ], [ 114.80948612718305, 40.442076709472644 ], [ 114.809118870139855, 40.442176653829563 ], [ 114.80874493563033, 40.44244260674094 ], [ 114.80874493563033, 40.442620472856618 ], [ 114.808362097832628, 40.442774622051218 ], [ 114.807985938400407, 40.442899974054626 ], [ 114.807612004790258, 40.442908444768989 ], [ 114.807616454635763, 40.442969425998285 ] ] ] } },
{ "type": "Feature", "properties": { "PV_Area": 0.00074384944605900005, "Inst_time": 20170607.0, "Inst_year": 2017, "Major_type": "Grassland", "Lat": 40.442342484100003, "Lon": 114.80843751499999, "Province": "河北", "Province_pinyin": "Hebei", "Province code": 13, "City": "张家口市", "City_pinyin": "Zhangjiakou", "City code": 1307, "County": "宣化县", "County_pinyin": "Xuanhua xian", "County code": 130721, "Township": "深井镇", "Township_pinyin": "shen jing zhen" }, "geometry": { "type": "Polygon", "coordinates": [ [ [ 114.808230776129449, 40.442510364361851 ], [ 114.80835764708786, 40.442510364361851 ], [ 114.808513452833608, 40.442418890719296 ], [ 114.808618065571295, 40.442349437876317 ], [ 114.80861583884996, 40.442186817967354 ], [ 114.808359872909818, 40.442191900036221 ], [ 114.808366549476773, 40.442369765252522 ], [ 114.808246356883956, 40.442368071829094 ], [ 114.808230776129449, 40.442510364361851 ] ] ] } },
{ "type": "Feature", "properties": { "PV_Area": 0.033395220254500001, "Inst_time": 20170807.0, "Inst_year": 2017, "Major_type": "Grassland", "Lat": 40.438288206000003, "Lon": 114.804520547, "Province": "河北", "Province_pinyin": "Hebei", "Province code": 13, "City": "张家口市", "City_pinyin": "Zhangjiakou", "City code": 1307, "County": "宣化县", "County_pinyin": "Xuanhua xian", "County code": 130721, "Township": "深井镇", "Township_pinyin": "shen jing zhen" }, "geometry": { "type": "Polygon", "coordinates": [ [ [ 114.802706345121805, 40.438986835873834 ], [ 114.804495886276186, 40.439024104678765 ], [ 114.804860917497422, 40.438888581343008 ], [ 114.804900981395235, 40.438753056208611 ], [ 114.804990013378529, 40.438627696111325 ], [ 114.805733429853944, 40.4386073678358 ], [ 114.805898138888097, 40.438434573896529 ], [ 114.806004977447856, 40.438309212899924 ], [ 114.806272073397508, 40.438082207827676 ], [ 114.806512460381782, 40.437963622323366 ], [ 114.806997683296458, 40.437956845931751 ], [ 114.806993231652427, 40.437740004097975 ], [ 114.80686413577132, 40.437621418593665 ], [ 114.806370008668978, 40.437624807239104 ], [ 114.80635665283728, 40.437740004097975 ], [ 114.805061239684505, 40.43777388605605 ], [ 114.804571563327045, 40.437912800735205 ], [ 114.804562660938132, 40.438034773086372 ], [ 114.804242145258854, 40.438149970844506 ], [ 114.803890468970053, 40.438153358590682 ], [ 114.803912727190664, 40.437967010069485 ], [ 114.804090791157137, 40.437845037718375 ], [ 114.80431782320909, 40.43784164907288 ], [ 114.804313370665568, 40.437770498309874 ], [ 114.80413975834324, 40.437634971376895 ], [ 114.803405245156, 40.437658688297859 ], [ 114.802977890916964, 40.437872142385515 ], [ 114.80263066717157, 40.438268555449554 ], [ 114.802621763883394, 40.438329541175449 ], [ 114.803169310715134, 40.438339706212503 ], [ 114.803173762359279, 40.438227897099807 ], [ 114.803480922206859, 40.438231285745303 ], [ 114.803463115630393, 40.438393916446159 ], [ 114.803316213172707, 40.438478619093075 ], [ 114.802951181951585, 40.438492171876305 ], [ 114.80296898852805, 40.438827594717793 ], [ 114.802697441833516, 40.438827594717793 ], [ 114.802706345121805, 40.438986835873834 ] ] ] } },
{ "type": "Feature", "properties": { "PV_Area": 0.00647246136609, "Inst_time": 20130730.0, "Inst_year": 2013, "Major_type": "Grassland", "Lat": 40.4387455436, "Lon": 114.80654016699999, "Province": "河北", "Province_pinyin": "Hebei", "Province code": 13, "City": "张家口市", "City_pinyin": "Zhangjiakou", "City code": 1307, "County": "宣化县", "County_pinyin": "Xuanhua xian", "County code": 130721, "Township": "深井镇", "Township_pinyin": "shen jing zhen" }, "geometry": { "type": "Polygon", "coordinates": [ [ [ 114.805751236430524, 40.43907153762143 ], [ 114.806552524279596, 40.439078314013045 ], [ 114.806966522686935, 40.439003775503863 ], [ 114.807086715279752, 40.438736115679262 ], [ 114.807068909602549, 40.438305824254428 ], [ 114.806944264466324, 40.438299048762133 ], [ 114.806467943940561, 40.43838036276361 ], [ 114.806294330718856, 40.438461678563669 ], [ 114.806294331618119, 40.438729339287647 ], [ 114.806036138956756, 40.438753056208611 ], [ 114.805777946295279, 40.438878416305897 ], [ 114.805751236430524, 40.43907153762143 ] ] ] } },
{ "type": "Feature", "properties": { "PV_Area": 0.017967389543599999, "Inst_time": 20171013.0, "Inst_year": 2017, "Major_type": "Grassland", "Lat": 40.438572434000001, "Lon": 114.80847616600001, "Province": "河北", "Province_pinyin": "Hebei", "Province code": 13, "City": "张家口市", "City_pinyin": "Zhangjiakou", "City code": 1307, "County": "宣化县", "County_pinyin": "Xuanhua xian", "County code": 130721, "Township": "深井镇", "Township_pinyin": "shen jing zhen" }, "geometry": { "type": "Polygon", "coordinates": [ [ [ 114.807186876373294, 40.438924155825191 ], [ 114.807558585060747, 40.438930932216806 ], [ 114.807554132517225, 40.439020716033269 ], [ 114.807427263357567, 40.43903088107038 ], [ 114.80743839246793, 40.439074926266869 ], [ 114.807825681010399, 40.439069844198002 ], [ 114.808088324416644, 40.438993611366129 ], [ 114.808081647849804, 40.438842840924394 ], [ 114.808195162976403, 40.438773385383456 ], [ 114.808446678171777, 40.438773385383456 ], [ 114.808622516316177, 40.43883267678666 ], [ 114.808622516316177, 40.438902133226918 ], [ 114.809526191080863, 40.438883499274141 ], [ 114.809521739436832, 40.438815736257254 ], [ 114.810280735767378, 40.438817430580002 ], [ 114.8102851883109, 40.439120664886843 ], [ 114.810536703506159, 40.4391121950718 ], [ 114.810785991979969, 40.438988529297262 ], [ 114.810757057192518, 40.438698846874331 ], [ 114.80951061032647, 40.438725951541471 ], [ 114.809141127461089, 40.438588732983703 ], [ 114.809009804858647, 40.43847184270146 ], [ 114.809014257402168, 40.438190628294933 ], [ 114.808896289732047, 40.438065267298327 ], [ 114.807469553077453, 40.438066960721699 ], [ 114.807260328501457, 40.438131335992409 ], [ 114.807240295203542, 40.438221121607512 ], [ 114.807251425213167, 40.438307518577176 ], [ 114.807186876373294, 40.438876722882526 ], [ 114.807186876373294, 40.438924155825191 ] ] ] } },
{ "type": "Feature", "properties": { "PV_Area": 0.0172558856372, "Inst_time": 20181014.0, "Inst_year": 2018, "Major_type": "Cropland", "Lat": 40.438381310399997, "Lon": 114.81633581200001, "Province": "河北", "Province_pinyin": "Hebei", "Province code": 13, "City": "张家口市", "City_pinyin": "Zhangjiakou", "City code": 1307, "County": "宣化县", "County_pinyin": "Xuanhua xian", "County code": 130721, "Township": "深井镇", "Township_pinyin": "shen jing zhen" }, "geometry": { "type": "Polygon", "coordinates": [ [ [ 114.814901492909598, 40.439034268816499 ], [ 114.815513588581325, 40.43904443385361 ], [ 114.815782909453787, 40.438891968189807 ], [ 114.816281489099538, 40.43875136188592 ], [ 114.816684358396515, 40.438570098131549 ], [ 114.816682132574442, 40.438487089807381 ], [ 114.817361001109361, 40.43852605293506 ], [ 114.817343194532896, 40.438664965815576 ], [ 114.817677064245231, 40.438658189423961 ], [ 114.817739386363655, 40.438509112405654 ], [ 114.817732708897438, 40.43847523044758 ], [ 114.817639225270113, 40.438344788281427 ], [ 114.817527935965586, 40.437983951498211 ], [ 114.817503451922789, 40.437943294047841 ], [ 114.817271968226805, 40.437880613099878 ], [ 114.816506293530665, 40.437768803987183 ], [ 114.816374972726862, 40.437712899430835 ], [ 114.816007715683554, 40.437699346647605 ], [ 114.815985457462943, 40.438024609847901 ], [ 114.816101199310992, 40.43802291462589 ], [ 114.816096747666847, 40.438175381188955 ], [ 114.815996586573306, 40.438278719587288 ], [ 114.815762877055249, 40.438368505202391 ], [ 114.815762877954512, 40.438397304192279 ], [ 114.81653523011687, 40.438370198625819 ], [ 114.816524100107245, 40.438461678563669 ], [ 114.815408975843638, 40.438476925669647 ], [ 114.815402299276798, 40.438524358612312 ], [ 114.815250944275704, 40.438602285766933 ], [ 114.81501723565691, 40.438478619093075 ], [ 114.814759042995547, 40.438480313415766 ], [ 114.81476126881762, 40.438659882847389 ], [ 114.814894816342758, 40.438659883746709 ], [ 114.814901492909598, 40.439034268816499 ] ] ] } },
{ "type": "Feature", "properties": { "PV_Area": 0.0029644860456600002, "Inst_time": 20181024.0, "Inst_year": 2018, "Major_type": "Cropland", "Lat": 40.438099248699999, "Lon": 114.814712231, "Province": "河北", "Province_pinyin": "Hebei", "Province code": 13, "City": "张家口市", "City_pinyin": "Zhangjiakou", "City code": 1307, "County": "宣化县", "County_pinyin": "Xuanhua xian", "County code": 130721, "Township": "深井镇", "Township_pinyin": "shen jing zhen" }, "geometry": { "type": "Polygon", "coordinates": [ [ [ 114.814770172105796, 40.438371892948567 ], [ 114.815144105715945, 40.438378669340182 ], [ 114.815141879893872, 40.437967010069485 ], [ 114.815130750783624, 40.437928046941863 ], [ 114.813868723163068, 40.43794668179396 ], [ 114.813859819874892, 40.437987339244387 ], [ 114.814371753553701, 40.438107619071388 ], [ 114.814765719562388, 40.438243144205785 ], [ 114.814770172105796, 40.438371892948567 ] ] ] } },
{ "type": "Feature", "properties": { "PV_Area": 0.0142501029512, "Inst_time": 20191124.0, "Inst_year": 2019, "Major_type": "Cropland", "Lat": 40.4375274334, "Lon": 114.81466553600001, "Province": "河北", "Province_pinyin": "Hebei", "Province code": 13, "City": "张家口市", "City_pinyin": "Zhangjiakou", "City code": 1307, "County": "宣化县", "County_pinyin": "Xuanhua xian", "County code": 130721, "Township": "深井镇", "Township_pinyin": "shen jing zhen" }, "geometry": { "type": "Polygon", "coordinates": [ [ [ 114.813463628044019, 40.437860283025714 ], [ 114.815228686954356, 40.437845036819056 ], [ 114.815371137767897, 40.437853507533418 ], [ 114.815408975843638, 40.437819626474607 ], [ 114.81563155535207, 40.437589230958281 ], [ 114.816134585742589, 40.437604478064259 ], [ 114.81613013499782, 40.4375384084708 ], [ 114.815858587403909, 40.437213143471865 ], [ 114.815346653725101, 40.437082697708377 ], [ 114.814845849156654, 40.437226696255095 ], [ 114.814592108139323, 40.437297847917421 ], [ 114.813959980968434, 40.437297847917421 ], [ 114.813465853866091, 40.437360529764703 ], [ 114.813350112917419, 40.437424904136094 ], [ 114.813218790314977, 40.437506220835473 ], [ 114.813209887026687, 40.437594313027205 ], [ 114.813463628044019, 40.437860283025714 ] ] ] } },
{ "type": "Feature", "properties": { "PV_Area": 0.0115376133886, "Inst_time": 20181016.0, "Inst_year": 2018, "Major_type": "Cropland", "Lat": 40.436363236200002, "Lon": 114.812674144, "Province": "河北", "Province_pinyin": "Hebei", "Province code": 13, "City": "张家口市", "City_pinyin": "Zhangjiakou", "City code": 1307, "County": "宣化县", "County_pinyin": "Xuanhua xian", "County code": 130721, "Township": "深井镇", "Township_pinyin": "shen jing zhen" }, "geometry": { "type": "Polygon", "coordinates": [ [ [ 114.813134209975829, 40.437228389678467 ], [ 114.813637239467084, 40.437252107498807 ], [ 114.813646143654637, 40.437094556168859 ], [ 114.813537079272805, 40.436981051834152 ], [ 114.813514821951571, 40.436406750171443 ], [ 114.812985080796921, 40.436062844025059 ], [ 114.812751372178127, 40.43590359657378 ], [ 114.812611147186772, 40.43583921950443 ], [ 114.81224389104284, 40.435832442213496 ], [ 114.811605086405621, 40.435905289997208 ], [ 114.81134021627804, 40.435979831204293 ], [ 114.811220023685223, 40.436103503274126 ], [ 114.811202216209381, 40.436223785799143 ], [ 114.811453732304017, 40.436227173545262 ], [ 114.811602860583662, 40.436218703730219 ], [ 114.812110342618325, 40.43621531508478 ], [ 114.812388566778964, 40.436315267535633 ], [ 114.81262227629702, 40.436418608631925 ], [ 114.812873791492393, 40.436567690146831 ], [ 114.813127532509725, 40.436845523102477 ], [ 114.813134209975829, 40.437228389678467 ] ] ] } },
{ "type": "Feature", "properties": { "PV_Area": 0.0053296763888500001, "Inst_time": 20181125.0, "Inst_year": 2018, "Major_type": "Cropland", "Lat": 40.435312271199997, "Lon": 114.811229746, "Province": "河北", "Province_pinyin": "Hebei", "Province code": 13, "City": "张家口市", "City_pinyin": "Zhangjiakou", "City code": 1307, "County": "宣化县", "County_pinyin": "Xuanhua xian", "County code": 130721, "Township": "深井镇", "Township_pinyin": "shen jing zhen" }, "geometry": { "type": "Polygon", "coordinates": [ [ [ 114.810989653349907, 40.436007785730794 ], [ 114.811112072664059, 40.43600863199282 ], [ 114.811118750130277, 40.435883266499616 ], [ 114.811117636769609, 40.43585277228766 ], [ 114.811097604370957, 40.435729101117147 ], [ 114.811027492325024, 40.435684206061296 ], [ 114.810998556638197, 40.435618135568575 ], [ 114.810999669099488, 40.435513098350839 ], [ 114.811455957226713, 40.435430932691418 ], [ 114.811845472490631, 40.435344532124532 ], [ 114.811952310151014, 40.435282695639955 ], [ 114.811957875155827, 40.435233565676583 ], [ 114.811827666813429, 40.435084480564399 ], [ 114.811563909147139, 40.434941325581747 ], [ 114.811441489832987, 40.434938784097653 ], [ 114.811309055668403, 40.435015868587527 ], [ 114.810954041096124, 40.435148012270986 ], [ 114.810575654942568, 40.435214083663084 ], [ 114.810575654942568, 40.435318272820098 ], [ 114.810711428289892, 40.435574934835415 ], [ 114.810868347396422, 40.435563922636959 ], [ 114.810952927735457, 40.435728253955801 ], [ 114.811016362315286, 40.435883266499616 ], [ 114.810989653349907, 40.436007785730794 ] ] ] } },
{ "type": "Feature", "properties": { "PV_Area": 0.0080678884297899992, "Inst_time": 20160226.0, "Inst_year": 2016, "Major_type": "Cropland", "Lat": 40.434429170100003, "Lon": 114.810573726, "Province": "河北", "Province_pinyin": "Hebei", "Province code": 13, "City": "张家口市", "City_pinyin": "Zhangjiakou", "City code": 1307, "County": "宣化县", "County_pinyin": "Xuanhua xian", "County code": 130721, "Township": "深井镇", "Township_pinyin": "shen jing zhen" }, "geometry": { "type": "Polygon", "coordinates": [ [ [ 114.810346397068656, 40.434987067799 ], [ 114.810473268026954, 40.434988762121748 ], [ 114.810702525001602, 40.434866783475343 ], [ 114.810709203367082, 40.434741416183442 ], [ 114.810824944315755, 40.43462790735208 ], [ 114.811450393121163, 40.434643153558739 ], [ 114.81143481236677, 40.434450019652729 ], [ 114.811327974706273, 40.434185730487116 ], [ 114.810310784814874, 40.434184035265048 ], [ 114.810310784814874, 40.434058667073884 ], [ 114.809551787584951, 40.434028171962609 ], [ 114.809545110118847, 40.434080691470797 ], [ 114.809772142170686, 40.434346675858478 ], [ 114.810326365569381, 40.434356841794852 ], [ 114.810341945424511, 40.434549974801541 ], [ 114.810195042966939, 40.434605882955168 ], [ 114.810212849543404, 40.434832899718572 ], [ 114.810346397068656, 40.434987067799 ] ] ] } },
{ "type": "Feature", "properties": { "PV_Area": 0.046079868368600001, "Inst_time": 20170618.0, "Inst_year": 2017, "Major_type": "Grassland", "Lat": 40.435181015399998, "Lon": 114.80379897900001, "Province": "河北", "Province_pinyin": "Hebei", "Province code": 13, "City": "张家口市", "City_pinyin": "Zhangjiakou", "City code": 1307, "County": "宣化县", "County_pinyin": "Xuanhua xian", "County code": 130721, "Township": "深井镇", "Township_pinyin": "shen jing zhen" }, "geometry": { "type": "Polygon", "coordinates": [ [ [ 114.802449264921734, 40.436037431882028 ], [ 114.802952294412876, 40.436037431882028 ], [ 114.802956746956397, 40.435918843679758 ], [ 114.803615582193402, 40.435910372965395 ], [ 114.803611131448633, 40.436037431882028 ], [ 114.804597160730395, 40.436015408384435 ], [ 114.804614966407598, 40.436159408729793 ], [ 114.804882062357365, 40.436145855946563 ], [ 114.805255996866777, 40.435874795785253 ], [ 114.805238189390934, 40.435557993406746 ], [ 114.805109094409204, 40.435432627014166 ], [ 114.804866481602858, 40.435430932691418 ], [ 114.804846449204319, 40.435232718515181 ], [ 114.805002254950182, 40.435068386297019 ], [ 114.805491931307643, 40.435059915582713 ], [ 114.805471898909104, 40.434477126118509 ], [ 114.805351705416911, 40.434351758826665 ], [ 114.805080158722376, 40.434194201201478 ], [ 114.804846449204319, 40.434197589846974 ], [ 114.804844223382247, 40.434324652360885 ], [ 114.804074097941339, 40.434341592890235 ], [ 114.803455325702771, 40.434466961980775 ], [ 114.80314371421116, 40.434536422917631 ], [ 114.802680747718341, 40.434499150515421 ], [ 114.80238471608186, 40.434495762769302 ], [ 114.80191062137817, 40.434638072389191 ], [ 114.801647977072548, 40.434782074533189 ], [ 114.801647977072548, 40.434822734681518 ], [ 114.802680747718341, 40.434844758179111 ], [ 114.802834327642131, 40.434844758179111 ], [ 114.802816521964928, 40.435054833513789 ], [ 114.80219997464917, 40.435056527836537 ], [ 114.802068652945991, 40.435185282874556 ], [ 114.802057523835742, 40.435236107160677 ], [ 114.802186620616112, 40.435713854011226 ], [ 114.802444813277589, 40.435918842780438 ], [ 114.802449264921734, 40.436037431882028 ] ] ] } },
{ "type": "Feature", "properties": { "PV_Area": 0.049848623533700002, "Inst_time": 20200625.0, "Inst_year": 2020, "Major_type": "Grassland", "Lat": 40.4332684922, "Lon": 114.80285012900001, "Province": "河北", "Province_pinyin": "Hebei", "Province code": 13, "City": "张家口市", "City_pinyin": "Zhangjiakou", "City code": 1307, "County": "宣化县", "County_pinyin": "Xuanhua xian", "County code": 130721, "Township": "深井镇", "Township_pinyin": "shen jing zhen" }, "geometry": { "type": "Polygon", "coordinates": [ [ [ 114.800824431902129, 40.433985817491532 ], [ 114.80224003944636, 40.433980735422665 ], [ 114.802235587802215, 40.433860448401049 ], [ 114.80371574418632, 40.433855366332125 ], [ 114.803717970008393, 40.433990899560399 ], [ 114.804252161008435, 40.433957016703005 ], [ 114.804247709364404, 40.433824870321587 ], [ 114.804623869695888, 40.433691030516684 ], [ 114.805122448442262, 40.433675782511386 ], [ 114.805129125908479, 40.433806234570113 ], [ 114.805647736154128, 40.433806234570113 ], [ 114.805638833765215, 40.433746938670311 ], [ 114.805396220958869, 40.433362358885802 ], [ 114.80477967544175, 40.433374217346284 ], [ 114.804508127847839, 40.433233600250503 ], [ 114.804512579491984, 40.432759224058998 ], [ 114.804363451212339, 40.43263046362506 ], [ 114.803234972016412, 40.43262453439479 ], [ 114.80320826125228, 40.432400899082268 ], [ 114.801944007809766, 40.432411064119378 ], [ 114.801187237301178, 40.432882054363347 ], [ 114.800808851147622, 40.43312940749621 ], [ 114.800777690538098, 40.433298826279838 ], [ 114.800813302791767, 40.433735926471854 ], [ 114.800824431902129, 40.433985817491532 ] ] ] } },
{ "type": "Feature", "properties": { "PV_Area": 0.014664773429500001, "Inst_time": 20170709.0, "Inst_year": 2017, "Major_type": "Grassland", "Lat": 40.431681075, "Lon": 114.800949663, "Province": "河北", "Province_pinyin": "Hebei", "Province code": 13, "City": "张家口市", "City_pinyin": "Zhangjiakou", "City code": 1307, "County": "宣化县", "County_pinyin": "Xuanhua xian", "County code": 130721, "Township": "深井镇", "Township_pinyin": "shen jing zhen" }, "geometry": { "type": "Polygon", "coordinates": [ [ [ 114.799228533669975, 40.431973954934108 ], [ 114.800319175689424, 40.431987508616658 ], [ 114.801654655438028, 40.431933293886459 ], [ 114.80187723494646, 40.43184519360085 ], [ 114.801877234047197, 40.431745233955439 ], [ 114.802999037575546, 40.431738456664505 ], [ 114.803010165786532, 40.431421635400227 ], [ 114.802869939895913, 40.431421635400227 ], [ 114.802602844845524, 40.431479239675241 ], [ 114.802580587524176, 40.431547008987309 ], [ 114.801619042284983, 40.431545314664618 ], [ 114.801374203656678, 40.431465685992691 ], [ 114.800848915045435, 40.431289484522154 ], [ 114.800561787596507, 40.431281013807791 ], [ 114.800225692961476, 40.431348783119915 ], [ 114.800092144536848, 40.431419941077479 ], [ 114.799350952984128, 40.431804532553201 ], [ 114.799226308747166, 40.431857052960652 ], [ 114.799228533669975, 40.431973954934108 ] ] ] } },
{ "type": "Feature", "properties": { "PV_Area": 0.047928855532500002, "Inst_time": 20170903.0, "Inst_year": 2017, "Major_type": "Grassland", "Lat": 40.429816036399998, "Lon": 114.79997445799999, "Province": "河北", "Province_pinyin": "Hebei", "Province code": 13, "City": "张家口市", "City_pinyin": "Zhangjiakou", "City code": 1307, "County": "宣化县", "County_pinyin": "Xuanhua xian", "County code": 130721, "Township": "深井镇", "Township_pinyin": "shen jing zhen" }, "geometry": { "type": "Polygon", "coordinates": [ [ [ 114.799306436542906, 40.431037042125865 ], [ 114.800835560113114, 40.43103365258105 ], [ 114.801347494691186, 40.430938775004506 ], [ 114.801345268869113, 40.43087269911581 ], [ 114.800966882715556, 40.430887947121107 ], [ 114.800946850316905, 40.430774432893827 ], [ 114.801078172020084, 40.430640585894366 ], [ 114.801730331589624, 40.430628727433884 ], [ 114.801714750835117, 40.430569427936803 ], [ 114.801592332420228, 40.430452523265387 ], [ 114.800833334291042, 40.430474548561619 ], [ 114.800840012656522, 40.430255989022726 ], [ 114.801850525081704, 40.430227186435559 ], [ 114.801975169318666, 40.430083173499725 ], [ 114.801972943496594, 40.430037427685193 ], [ 114.801868331658284, 40.429898496818225 ], [ 114.801596784064373, 40.429764648919445 ], [ 114.801336364681561, 40.429646049026019 ], [ 114.801236204487282, 40.429442734794407 ], [ 114.80124955852034, 40.429273305218885 ], [ 114.801138270115189, 40.429147928034524 ], [ 114.800710915876152, 40.429146232812457 ], [ 114.800428240071255, 40.429351243165399 ], [ 114.800343659732221, 40.429466455312706 ], [ 114.800321401511496, 40.429551168751516 ], [ 114.800325853155641, 40.429876471521993 ], [ 114.799963047756478, 40.429879859268169 ], [ 114.799918531315257, 40.429088626738803 ], [ 114.799911853849039, 40.428895477544302 ], [ 114.800143337545023, 40.428888699354047 ], [ 114.800143337545023, 40.428964942977814 ], [ 114.800225692062099, 40.429027632019654 ], [ 114.800363691231382, 40.429027632019654 ], [ 114.800410432595413, 40.42894630632702 ], [ 114.800410432595413, 40.428914114195095 ], [ 114.800207885485634, 40.428554920473232 ], [ 114.79971598510474, 40.428575252346093 ], [ 114.799713758383291, 40.428615916991021 ], [ 114.799762726468657, 40.428688771069972 ], [ 114.799773854679756, 40.428741295074758 ], [ 114.799395468526086, 40.428758238302123 ], [ 114.799279727577414, 40.428658274160057 ], [ 114.799170663195582, 40.428465122267653 ], [ 114.799141727508754, 40.42823977824321 ], [ 114.799021534915937, 40.428111009715394 ], [ 114.79874108403385, 40.428102539001031 ], [ 114.798238053643331, 40.428361769480148 ], [ 114.798108958661601, 40.428553227049861 ], [ 114.798108957762224, 40.42862947157289 ], [ 114.798522956169563, 40.428712491588271 ], [ 114.798761116432388, 40.428912419872347 ], [ 114.799008179983616, 40.429200450240614 ], [ 114.799286405043631, 40.429449511186021 ], [ 114.799310888187051, 40.429751095236895 ], [ 114.799324243119372, 40.430044204076808 ], [ 114.798832341839216, 40.430154332356608 ], [ 114.798460634051025, 40.430169581261225 ], [ 114.798456182406994, 40.430084867822472 ], [ 114.798073345508556, 40.430091644214087 ], [ 114.798068892965148, 40.430328842202357 ], [ 114.798451730762849, 40.430322064911422 ], [ 114.799083857034475, 40.430217020499128 ], [ 114.799368759560707, 40.430230574181678 ], [ 114.799484501408642, 40.430235657149922 ], [ 114.799631404765591, 40.430118753377826 ], [ 114.799718210027436, 40.430023873103323 ], [ 114.799720435849508, 40.429927299405392 ], [ 114.799833951875485, 40.429922216437205 ], [ 114.799949692824157, 40.42991882779171 ], [ 114.799940789535867, 40.430332230847853 ], [ 114.799702630172305, 40.430422027254792 ], [ 114.799190696493497, 40.430444051651705 ], [ 114.798567472610785, 40.430720216364932 ], [ 114.798560794245304, 40.43086931136969 ], [ 114.798801181229578, 40.430962495522806 ], [ 114.799308663264242, 40.430937080681758 ], [ 114.799306436542906, 40.431037042125865 ] ] ] } },
{ "type": "Feature", "properties": { "PV_Area": 0.002132583141, "Inst_time": 20210423.0, "Inst_year": 2021, "Major_type": "Grassland", "Lat": 40.3193164272, "Lon": 114.830114563, "Province": "河北", "Province_pinyin": "Hebei", "Province code": 13, "City": "张家口市", "City_pinyin": "Zhangjiakou", "City code": 1307, "County": "宣化县", "County_pinyin": "Xuanhua xian", "County code": 130721, "Township": "王家湾乡", "Township_pinyin": "wang jia wan xiang" }, "geometry": { "type": "Polygon", "coordinates": [ [ [ 114.830295296290956, 40.319534055052657 ], [ 114.830385127771478, 40.319444222672814 ], [ 114.830385127771478, 40.319174729130509 ], [ 114.830295296290956, 40.31908489675061 ], [ 114.830025801849388, 40.31908489675061 ], [ 114.829846137988966, 40.319174729130509 ], [ 114.829846137988966, 40.319534055052657 ], [ 114.830295296290956, 40.319534055052657 ] ] ] } },
{ "type": "Feature", "properties": { "PV_Area": 0.057059267107499999, "Inst_time": 20140713.0, "Inst_year": 2014, "Major_type": "Grassland", "Lat": 40.413451672500003, "Lon": 114.934212911, "Province": "河北", "Province_pinyin": "Hebei", "Province code": 13, "City": "张家口市", "City_pinyin": "Zhangjiakou", "City code": 1307, "County": "宣化县", "County_pinyin": "Xuanhua xian", "County code": 130721, "Township": "深井镇", "Township_pinyin": "shen jing zhen" }, "geometry": { "type": "Polygon", "coordinates": [ [ [ 114.932038558133058, 40.41351940159916 ], [ 114.932150884355906, 40.41351940159916 ], [ 114.932153165935915, 40.413642731027267 ], [ 114.932426935754506, 40.413651416679613 ], [ 114.932415528753722, 40.413705264486396 ], [ 114.932545569822196, 40.413825119833461 ], [ 114.933312125853945, 40.413833804586488 ], [ 114.93330528201318, 40.413670523675762 ], [ 114.933184366365481, 40.413670523675762 ], [ 114.933177522524716, 40.413300534492123 ], [ 114.933658901736976, 40.413305745164052 ], [ 114.933649776316201, 40.413380438356626 ], [ 114.933909857553999, 40.413378701765737 ], [ 114.933912139134009, 40.413455131549142 ], [ 114.934035335462454, 40.413451657468045 ], [ 114.934030773201698, 40.413630572193199 ], [ 114.934213924633013, 40.413628146721635 ], [ 114.93423037413254, 40.413677497018909 ], [ 114.934320205613062, 40.414396148863204 ], [ 114.934379876530102, 40.414515487999438 ], [ 114.934468805091342, 40.414512980689551 ], [ 114.934468805091342, 40.414634578922744 ], [ 114.934468805091342, 40.414858645010497 ], [ 114.934592001419787, 40.414919440080155 ], [ 114.935265019864801, 40.414900333083949 ], [ 114.935367683771688, 40.414806534693867 ], [ 114.935372349454383, 40.414665643304829 ], [ 114.935599877932077, 40.414665643304829 ], [ 114.935598107166925, 40.414749213705306 ], [ 114.935851344563957, 40.414724896037171 ], [ 114.935969978631647, 40.41462067540391 ], [ 114.935974541791779, 40.414016192493364 ], [ 114.935741836816419, 40.413950185852457 ], [ 114.935595825586915, 40.413870282887274 ], [ 114.935611092477984, 40.413398885250388 ], [ 114.935958571630863, 40.413382175846777 ], [ 114.936211809027782, 40.413185889816987 ], [ 114.936195838866979, 40.413137251782814 ], [ 114.935842219143183, 40.412949650505993 ], [ 114.935563517442461, 40.412937348679748 ], [ 114.935218520418402, 40.412419855392045 ], [ 114.935207984860654, 40.412398783377228 ], [ 114.935207984860654, 40.412332993472944 ], [ 114.935174559758138, 40.412331933172254 ], [ 114.935043722789601, 40.412327782801015 ], [ 114.934993531626219, 40.412164498293009 ], [ 114.935130220483302, 40.412174343171444 ], [ 114.935119009534674, 40.412023794862307 ], [ 114.935014064047891, 40.41202032078121 ], [ 114.934998093886975, 40.411876143269467 ], [ 114.934544091836415, 40.411884828921757 ], [ 114.934498463833052, 40.41181534550185 ], [ 114.934354734183671, 40.411818819582891 ], [ 114.934370286159833, 40.412100280403649 ], [ 114.934382980989881, 40.412330023911522 ], [ 114.934410037093585, 40.412330023911522 ], [ 114.934410037992961, 40.41268934983367 ], [ 114.93423037413254, 40.412958844275295 ], [ 114.934178862764384, 40.413061867011606 ], [ 114.934074119624938, 40.413066032671338 ], [ 114.934055868783389, 40.413027817779607 ], [ 114.933795786646328, 40.412840216502843 ], [ 114.933542549249296, 40.412843690583884 ], [ 114.933540267669287, 40.412390317159463 ], [ 114.932912878126899, 40.412409425054989 ], [ 114.932924285127683, 40.412586605887213 ], [ 114.932810214220126, 40.412631768941026 ], [ 114.932789680899077, 40.412755100167772 ], [ 114.932915159706909, 40.412739467252663 ], [ 114.932926566707692, 40.41290969812411 ], [ 114.932997290292747, 40.412907961533278 ], [ 114.933015542033672, 40.412972232482616 ], [ 114.932953943869506, 40.412972232482616 ], [ 114.9327919624792, 40.41305561042816 ], [ 114.932785118638321, 40.41316504443131 ], [ 114.932449749756188, 40.413171993492767 ], [ 114.932433780494648, 40.413086878057015 ], [ 114.932333397268508, 40.413081666485766 ], [ 114.932292332425277, 40.412812422955028 ], [ 114.93204593886901, 40.412835004931594 ], [ 114.93191133553978, 40.412928806019636 ], [ 114.931906772379648, 40.413095562810042 ], [ 114.932034531868226, 40.413093826219153 ], [ 114.932020497947633, 40.413467808392681 ], [ 114.931658098142748, 40.413481186707429 ], [ 114.931439595261168, 40.413677497018909 ], [ 114.93141321274959, 40.413677497018909 ], [ 114.931418549326622, 40.413785168350898 ], [ 114.931149733873212, 40.413793695722518 ], [ 114.931086271414301, 40.413857159980012 ], [ 114.931086271414301, 40.413930328821664 ], [ 114.930809410625898, 40.413925867285002 ], [ 114.930670244136536, 40.414005770250128 ], [ 114.930670244136536, 40.414118677435056 ], [ 114.931086271414301, 40.414118677435056 ], [ 114.931086271414301, 40.414126654421636 ], [ 114.931258635477661, 40.414126654421636 ], [ 114.931299915258933, 40.414136047840373 ], [ 114.932052783609151, 40.413703527895564 ], [ 114.932038558133058, 40.41351940159916 ] ] ] } }
]
}
